account_id,segment,institution_size,province,principal_outstanding,undrawn_limit,collateral_value,loan_to_value,tenure_years,months_on_book,dpd,debt_review_flag,judgement_flag,administration_order,loadshedding_vulnerability_score,internal_rating,base_segment_ccf,base_segment_ttc_pd,base_segment_lgd,base_segment_corr,source_bank,source_date,value_date
FDIC_10004_20260630,Corporate_Large,Large_D-SIB,US,224774000.0,0.0,224774000.0,1.0,1,12,0,False,False,False,1,BBB,0.65,0.02,0.4,0.24,ERGO BANK,2026-06-30,2026-06-30
FDIC_23430_20260630,Corporate_Large,Large_D-SIB,US,103992000.0,0.0,103992000.0,1.0,1,12,0,False,False,False,1,BBB,0.65,0.02,0.4,0.24,FIRST NB OF BURLESON,2026-06-30,2026-06-30
FDIC_23474_20260630,Corporate_Large,Large_D-SIB,US,3400501000.0,0.0,3400501000.0,1.0,1,12,0,False,False,False,1,BBB,0.65,0.02,0.4,0.24,AMERICAN NB OF TEXAS,2026-06-30,2026-06-30
FDIC_23498_20260630,Corporate_Large,Large_D-SIB,US,5478496000.0,0.0,5478496000.0,1.0,1,12,0,False,False,False,1,BBB,0.65,0.02,0.4,0.24,TBK BANK SSB,2026-06-30,2026-06-30
FDIC_234_20260630,Corporate_Large,Large_D-SIB,US,44704000.0,0.0,44704000.0,1.0,1,12,0,False,False,False,1,BBB,0.65,0.02,0.4,0.24,POCAHONTAS STATE BANK,2026-06-30,2026-06-30
FDIC_23523_20260630,Corporate_Large,Large_D-SIB,US,85526000.0,0.0,85526000.0,1.0,1,12,0,False,False,False,1,BBB,0.65,0.02,0.4,0.24,CITIZENS BANK INC,2026-06-30,2026-06-30
FDIC_23537_20260630,Corporate_Large,Large_D-SIB,US,1120625000.0,0.0,1120625000.0,1.0,1,12,0,False,False,False,1,BBB,0.65,0.02,0.4,0.24,BANKERS BANK,2026-06-30,2026-06-30
FDIC_23546_20260630,Corporate_Large,Large_D-SIB,US,260866000.0,0.0,260866000.0,1.0,1,12,0,False,False,False,1,BBB,0.65,0.02,0.4,0.24,MUNICIPAL TRUST&SAVINGS BANK,2026-06-30,2026-06-30
FDIC_23551_20260630,Corporate_Large,Large_D-SIB,US,85195000.0,0.0,85195000.0,1.0,1,12,0,False,False,False,1,BBB,0.65,0.02,0.4,0.24,COMMUNITY BK EL DORADO SPRIN,2026-06-30,2026-06-30
FDIC_23597_20260630,Corporate_Large,Large_D-SIB,US,221111000.0,0.0,221111000.0,1.0,1,12,0,False,False,False,1,BBB,0.65,0.02,0.4,0.24,LAMAR NATIONAL BANK,2026-06-30,2026-06-30
FDIC_2359_20260630,Corporate_Large,Large_D-SIB,US,297566000.0,0.0,297566000.0,1.0,1,12,0,False,False,False,1,BBB,0.65,0.02,0.4,0.24,MAUCH CHUNK TRUST CO,2026-06-30,2026-06-30
FDIC_235_20260630,Corporate_Large,Large_D-SIB,US,450467000.0,0.0,450467000.0,1.0,1,12,0,False,False,False,1,BBB,0.65,0.02,0.4,0.24,SECURITY STATE BANK,2026-06-30,2026-06-30
FDIC_23620_20260630,Corporate_Large,Large_D-SIB,US,2034710000.0,0.0,2034710000.0,1.0,1,12,0,False,False,False,1,BBB,0.65,0.02,0.4,0.24,DEDHAM INST FOR SVG,2026-06-30,2026-06-30
FDIC_23622_20260630,Corporate_Large,Large_D-SIB,US,2733724000.0,0.0,2733724000.0,1.0,1,12,0,False,False,False,1,BBB,0.65,0.02,0.4,0.24,BRISTOL COUNTY SAVINGS BANK,2026-06-30,2026-06-30
FDIC_23623_20260630,Corporate_Large,Large_D-SIB,US,5136846000.0,0.0,5136846000.0,1.0,1,12,0,False,False,False,1,BBB,0.65,0.02,0.4,0.24,WASHINGTON TR CO OF WESTERLY,2026-06-30,2026-06-30
FDIC_23627_20260630,Corporate_Large,Large_D-SIB,US,5468513000.0,0.0,5468513000.0,1.0,1,12,0,False,False,False,1,BBB,0.65,0.02,0.4,0.24,REPUBLIC BANK&TRUST CO,2026-06-30,2026-06-30
FDIC_23647_20260630,Corporate_Large,Large_D-SIB,US,1784106000.0,0.0,1784106000.0,1.0,1,12,0,False,False,False,1,BBB,0.65,0.02,0.4,0.24,TIB NATIONAL ASSN,2026-06-30,2026-06-30
FDIC_23737_20260630,Corporate_Large,Large_D-SIB,US,358782000.0,0.0,358782000.0,1.0,1,12,0,False,False,False,1,BBB,0.65,0.02,0.4,0.24,VAST BANK NATIONAL ASSN,2026-06-30,2026-06-30
FDIC_23749_20260630,Corporate_Large,Large_D-SIB,US,234936000.0,0.0,234936000.0,1.0,1,12,0,False,False,False,1,BBB,0.65,0.02,0.4,0.24,MISSION NATIONAL BANK,2026-06-30,2026-06-30
FDIC_23473_20260630,Corporate_Large,Large_D-SIB,US,2139244000.0,0.0,2139244000.0,1.0,1,12,0,False,False,False,1,BBB,0.65,0.02,0.4,0.24,FIRST FIDELITY BANK,2026-06-30,2026-06-30
FDIC_23404_20260630,Corporate_Large,Large_D-SIB,US,100055000.0,0.0,100055000.0,1.0,1,12,0,False,False,False,1,BBB,0.65,0.02,0.4,0.24,EVERGREEN NATIONAL BANK,2026-06-30,2026-06-30
FDIC_23772_20260630,Corporate_Large,Large_D-SIB,US,195113000.0,0.0,195113000.0,1.0,1,12,0,False,False,False,1,BBB,0.65,0.02,0.4,0.24,COMMERCE BANK,2026-06-30,2026-06-30
FDIC_23376_20260630,Corporate_Large,Large_D-SIB,US,307810000.0,0.0,307810000.0,1.0,1,12,0,False,False,False,1,BBB,0.65,0.02,0.4,0.24,FIRST JACKSON BANK INC,2026-06-30,2026-06-30
FDIC_23210_20260630,Corporate_Large,Large_D-SIB,US,337170000.0,0.0,337170000.0,1.0,1,12,0,False,False,False,1,BBB,0.65,0.02,0.4,0.24,BANKERS BANK OF THE WEST,2026-06-30,2026-06-30
FDIC_23220_20260630,Corporate_Large,Large_D-SIB,US,5876827000.0,0.0,5876827000.0,1.0,1,12,0,False,False,False,1,BBB,0.65,0.02,0.4,0.24,WOODFOREST NATIONAL BANK,2026-06-30,2026-06-30
FDIC_23242_20260630,Corporate_Large,Large_D-SIB,US,85772000.0,0.0,85772000.0,1.0,1,12,0,False,False,False,1,BBB,0.65,0.02,0.4,0.24,CALIFORNIA PACIFIC BANK,2026-06-30,2026-06-30
FDIC_23257_20260630,Corporate_Large,Large_D-SIB,US,302103000.0,0.0,302103000.0,1.0,1,12,0,False,False,False,1,BBB,0.65,0.02,0.4,0.24,COMMUNITY STATE BANK,2026-06-30,2026-06-30
FDIC_2326_20260630,Corporate_Large,Large_D-SIB,US,453106000.0,0.0,453106000.0,1.0,1,12,0,False,False,False,1,BBB,0.65,0.02,0.4,0.24,AVB BANK,2026-06-30,2026-06-30
FDIC_23270_20260630,Corporate_Large,Large_D-SIB,US,29408000.0,0.0,29408000.0,1.0,1,12,0,False,False,False,1,BBB,0.65,0.02,0.4,0.24,SIOUXLAND BANK,2026-06-30,2026-06-30
FDIC_23275_20260630,Corporate_Large,Large_D-SIB,US,1515930000.0,0.0,1515930000.0,1.0,1,12,0,False,False,False,1,BBB,0.65,0.02,0.4,0.24,PLUMAS BANK,2026-06-30,2026-06-30
FDIC_2327_20260630,Corporate_Large,Large_D-SIB,US,350310000.0,0.0,350310000.0,1.0,1,12,0,False,False,False,1,BBB,0.65,0.02,0.4,0.24,LOCAL BANK,2026-06-30,2026-06-30
FDIC_23286_20260630,Corporate_Large,Large_D-SIB,US,1448851000.0,0.0,1448851000.0,1.0,1,12,0,False,False,False,1,BBB,0.65,0.02,0.4,0.24,FALL RIVER FIVE CENTS SB,2026-06-30,2026-06-30
FDIC_23287_20260630,Corporate_Large,Large_D-SIB,US,4372951000.0,0.0,4372951000.0,1.0,1,12,0,False,False,False,1,BBB,0.65,0.02,0.4,0.24,CAPE COD FIVE CENTS SB,2026-06-30,2026-06-30
FDIC_2328_20260630,Corporate_Large,Large_D-SIB,US,30026000.0,0.0,30026000.0,1.0,1,12,0,False,False,False,1,BBB,0.65,0.02,0.4,0.24,AMERICAN EXC BK LINDSAY OK,2026-06-30,2026-06-30
FDIC_23293_20260630,Corporate_Large,Large_D-SIB,US,1276023000.0,0.0,1276023000.0,1.0,1,12,0,False,False,False,1,BBB,0.65,0.02,0.4,0.24,FLORENCE BANK,2026-06-30,2026-06-30
FDIC_23296_20260630,Corporate_Large,Large_D-SIB,US,6832889000.0,0.0,6832889000.0,1.0,1,12,0,False,False,False,1,BBB,0.65,0.02,0.4,0.24,SALEM FIVE CENTS SB,2026-06-30,2026-06-30
FDIC_23298_20260630,Corporate_Large,Large_D-SIB,US,659121000.0,0.0,659121000.0,1.0,1,12,0,False,False,False,1,BBB,0.65,0.02,0.4,0.24,WATERTOWN SAVINGS BANK,2026-06-30,2026-06-30
FDIC_232_20260630,Corporate_Large,Large_D-SIB,US,86643000.0,0.0,86643000.0,1.0,1,12,0,False,False,False,1,BBB,0.65,0.02,0.4,0.24,SOLON STATE BANK,2026-06-30,2026-06-30
FDIC_2331_20260630,Corporate_Large,Large_D-SIB,US,44071000.0,0.0,44071000.0,1.0,1,12,0,False,False,False,1,BBB,0.65,0.02,0.4,0.24,PEOPLES BANK&TRUST CO,2026-06-30,2026-06-30
FDIC_23373_20260630,Corporate_Large,Large_D-SIB,US,85342000.0,0.0,85342000.0,1.0,1,12,0,False,False,False,1,BBB,0.65,0.02,0.4,0.24,UNITED ORIENT BANK,2026-06-30,2026-06-30
FDIC_23764_20260630,Corporate_Large,Large_D-SIB,US,262991000.0,0.0,262991000.0,1.0,1,12,0,False,False,False,1,BBB,0.65,0.02,0.4,0.24,FMS BANK,2026-06-30,2026-06-30
FDIC_23798_20260630,Corporate_Large,Large_D-SIB,US,144400000.0,0.0,144400000.0,1.0,1,12,0,False,False,False,1,BBB,0.65,0.02,0.4,0.24,MCCURTAIN COUNTY NB,2026-06-30,2026-06-30
FDIC_231_20260630,Corporate_Large,Large_D-SIB,US,287490000.0,0.0,287490000.0,1.0,1,12,0,False,False,False,1,BBB,0.65,0.02,0.4,0.24,COMMERCIAL SAVINGS BANK,2026-06-30,2026-06-30
FDIC_24156_20260630,Corporate_Large,Large_D-SIB,US,6213946000.0,0.0,6213946000.0,1.0,1,12,0,False,False,False,1,BBB,0.65,0.02,0.4,0.24,OCEAN BANK,2026-06-30,2026-06-30
FDIC_24199_20260630,Corporate_Large,Large_D-SIB,US,170437000.0,0.0,170437000.0,1.0,1,12,0,False,False,False,1,BBB,0.65,0.02,0.4,0.24,CAPITOL NATIONAL BANK,2026-06-30,2026-06-30
FDIC_24211_20260630,Corporate_Large,Large_D-SIB,US,86680000.0,0.0,86680000.0,1.0,1,12,0,False,False,False,1,BBB,0.65,0.02,0.4,0.24,BANK OF WHITTIER NA,2026-06-30,2026-06-30
FDIC_24303_20260630,Corporate_Large,Large_D-SIB,US,63364000.0,0.0,63364000.0,1.0,1,12,0,False,False,False,1,BBB,0.65,0.02,0.4,0.24,PAVILLION BANK,2026-06-30,2026-06-30
FDIC_24305_20260630,Corporate_Large,Large_D-SIB,US,173634000.0,0.0,173634000.0,1.0,1,12,0,False,False,False,1,BBB,0.65,0.02,0.4,0.24,LLANO NATIONAL BANK,2026-06-30,2026-06-30
FDIC_24332_20260630,Corporate_Large,Large_D-SIB,US,410470000.0,0.0,410470000.0,1.0,1,12,0,False,False,False,1,BBB,0.65,0.02,0.4,0.24,FIRST CREDIT BANK,2026-06-30,2026-06-30
FDIC_24347_20260630,Corporate_Large,Large_D-SIB,US,1773065000.0,0.0,1773065000.0,1.0,1,12,0,False,False,False,1,BBB,0.65,0.02,0.4,0.24,LONE STAR NATIONAL BANK,2026-06-30,2026-06-30
FDIC_24353_20260630,Corporate_Large,Large_D-SIB,US,455967000.0,0.0,455967000.0,1.0,1,12,0,False,False,False,1,BBB,0.65,0.02,0.4,0.24,FIRST COMMUNITY BANK,2026-06-30,2026-06-30
FDIC_24367_20260630,Corporate_Large,Large_D-SIB,US,42867000.0,0.0,42867000.0,1.0,1,12,0,False,False,False,1,BBB,0.65,0.02,0.4,0.24,CITY NATIONAL BANK,2026-06-30,2026-06-30
FDIC_24387_20260630,Corporate_Large,Large_D-SIB,US,2713549000.0,0.0,2713549000.0,1.0,1,12,0,False,False,False,1,BBB,0.65,0.02,0.4,0.24,INDUSTRIAL&COMMERCIAL BK CHI,2026-06-30,2026-06-30
FDIC_2443_20260630,Corporate_Large,Large_D-SIB,US,763858000.0,0.0,763858000.0,1.0,1,12,0,False,False,False,1,BBB,0.65,0.02,0.4,0.24,CLEAR MOUNTAIN BANK,2026-06-30,2026-06-30
FDIC_24443_20260630,Corporate_Large,Large_D-SIB,US,81127000.0,0.0,81127000.0,1.0,1,12,0,False,False,False,1,BBB,0.65,0.02,0.4,0.24,PROGRESSIVE NATIONAL BANK,2026-06-30,2026-06-30
FDIC_2444_20260630,Corporate_Large,Large_D-SIB,US,66041000.0,0.0,66041000.0,1.0,1,12,0,False,False,False,1,BBB,0.65,0.02,0.4,0.24,CLAY COUNTY BANK INC,2026-06-30,2026-06-30
FDIC_24472_20260630,Corporate_Large,Large_D-SIB,US,485437000.0,0.0,485437000.0,1.0,1,12,0,False,False,False,1,BBB,0.65,0.02,0.4,0.24,AMERICAN NATION BANK,2026-06-30,2026-06-30
FDIC_2448_20260630,Corporate_Large,Large_D-SIB,US,140834000.0,0.0,140834000.0,1.0,1,12,0,False,False,False,1,BBB,0.65,0.02,0.4,0.24,PIONEER COMMUNITY BANK INC,2026-06-30,2026-06-30
FDIC_24498_20260630,Corporate_Large,Large_D-SIB,US,168463000.0,0.0,168463000.0,1.0,1,12,0,False,False,False,1,BBB,0.65,0.02,0.4,0.24,FIRST STATE BANK,2026-06-30,2026-06-30
FDIC_24516_20260630,Corporate_Large,Large_D-SIB,US,1641848000.0,0.0,1641848000.0,1.0,1,12,0,False,False,False,1,BBB,0.65,0.02,0.4,0.24,INTERAUDI BANK,2026-06-30,2026-06-30
FDIC_2452_20260630,Corporate_Large,Large_D-SIB,US,155562000.0,0.0,155562000.0,1.0,1,12,0,False,False,False,1,BBB,0.65,0.02,0.4,0.24,WEST UNION BANK,2026-06-30,2026-06-30
FDIC_24170_20260630,Corporate_Large,Large_D-SIB,US,6552281000.0,0.0,6552281000.0,1.0,1,12,0,False,False,False,1,BBB,0.65,0.02,0.4,0.24,HANMI BANK,2026-06-30,2026-06-30
FDIC_24085_20260630,Corporate_Large,Large_D-SIB,US,37640000.0,0.0,37640000.0,1.0,1,12,0,False,False,False,1,BBB,0.65,0.02,0.4,0.24,CITIZENS NATIONAL BANK,2026-06-30,2026-06-30
FDIC_23799_20260630,Corporate_Large,Large_D-SIB,US,1341727000.0,0.0,1341727000.0,1.0,1,12,0,False,False,False,1,BBB,0.65,0.02,0.4,0.24,TEXAS FIRST BANK,2026-06-30,2026-06-30
FDIC_24064_20260630,Corporate_Large,Large_D-SIB,US,20792000.0,0.0,20792000.0,1.0,1,12,0,False,False,False,1,BBB,0.65,0.02,0.4,0.24,ATASCOSA BANK,2026-06-30,2026-06-30
FDIC_2379_20260630,Corporate_Large,Large_D-SIB,US,81256000.0,0.0,81256000.0,1.0,1,12,0,False,False,False,1,BBB,0.65,0.02,0.4,0.24,BANK OF GLEASON,2026-06-30,2026-06-30
FDIC_23805_20260630,Corporate_Large,Large_D-SIB,US,154490000.0,0.0,154490000.0,1.0,1,12,0,False,False,False,1,BBB,0.65,0.02,0.4,0.24,UNITED PACIFIC BANK,2026-06-30,2026-06-30
FDIC_23806_20260630,Corporate_Large,Large_D-SIB,US,895406000.0,0.0,895406000.0,1.0,1,12,0,False,False,False,1,BBB,0.65,0.02,0.4,0.24,TRAILWEST BANK,2026-06-30,2026-06-30
FDIC_2380_20260630,Corporate_Large,Large_D-SIB,US,501481000.0,0.0,501481000.0,1.0,1,12,0,False,False,False,1,BBB,0.65,0.02,0.4,0.24,CARROLL BANK&TRUST,2026-06-30,2026-06-30
FDIC_23815_20260630,Corporate_Large,Large_D-SIB,US,208027000.0,0.0,208027000.0,1.0,1,12,0,False,False,False,1,BBB,0.65,0.02,0.4,0.24,FIRST STB OF DEKALB COUNTY,2026-06-30,2026-06-30
FDIC_23826_20260630,Corporate_Large,Large_D-SIB,US,5554000.0,0.0,5554000.0,1.0,1,12,0,False,False,False,1,BBB,0.65,0.02,0.4,0.24,BANK OF JACKSON HOLE TRUST,2026-06-30,2026-06-30
FDIC_23864_20260630,Corporate_Large,Large_D-SIB,US,198127000.0,0.0,198127000.0,1.0,1,12,0,False,False,False,1,BBB,0.65,0.02,0.4,0.24,SUMMIT BANK,2026-06-30,2026-06-30
FDIC_23886_20260630,Corporate_Large,Large_D-SIB,US,486466000.0,0.0,486466000.0,1.0,1,12,0,False,False,False,1,BBB,0.65,0.02,0.4,0.24,AMERICAN BANK NATIONAL ASSN,2026-06-30,2026-06-30
FDIC_2391_20260630,Corporate_Large,Large_D-SIB,US,105532000.0,0.0,105532000.0,1.0,1,12,0,False,False,False,1,BBB,0.65,0.02,0.4,0.24,SECURITY BANK,2026-06-30,2026-06-30
FDIC_23966_20260630,Corporate_Large,Large_D-SIB,US,409390000.0,0.0,409390000.0,1.0,1,12,0,False,False,False,1,BBB,0.65,0.02,0.4,0.24,ONEUNITED BANK,2026-06-30,2026-06-30
FDIC_23986_20260630,Corporate_Large,Large_D-SIB,US,75371000.0,0.0,75371000.0,1.0,1,12,0,False,False,False,1,BBB,0.65,0.02,0.4,0.24,MINNESOTA LAKES BANK,2026-06-30,2026-06-30
FDIC_23989_20260630,Corporate_Large,Large_D-SIB,US,56772000.0,0.0,56772000.0,1.0,1,12,0,False,False,False,1,BBB,0.65,0.02,0.4,0.24,MINERS EXCHANGE BANK,2026-06-30,2026-06-30
FDIC_23992_20260630,Corporate_Large,Large_D-SIB,US,1756205000.0,0.0,1756205000.0,1.0,1,12,0,False,False,False,1,BBB,0.65,0.02,0.4,0.24,COUNTRY BANK FOR SAVINGS,2026-06-30,2026-06-30
FDIC_23998_20260630,Corporate_Large,Large_D-SIB,US,1184296000.0,0.0,1184296000.0,1.0,1,12,0,False,False,False,1,BBB,0.65,0.02,0.4,0.24,STATE BANK OF INDIA CA,2026-06-30,2026-06-30
FDIC_24015_20260630,Corporate_Large,Large_D-SIB,US,228841000.0,0.0,228841000.0,1.0,1,12,0,False,False,False,1,BBB,0.65,0.02,0.4,0.24,HARBOR BANK OF MARYLAND,2026-06-30,2026-06-30
FDIC_24038_20260630,Corporate_Large,Large_D-SIB,US,15433000.0,0.0,15433000.0,1.0,1,12,0,False,False,False,1,BBB,0.65,0.02,0.4,0.24,BRAZOS NATIONAL BANK,2026-06-30,2026-06-30
FDIC_24045_20260630,Corporate_Large,Large_D-SIB,US,25126017000.0,0.0,25126017000.0,1.0,1,12,0,False,False,False,1,BBB,0.65,0.02,0.4,0.24,BANC OF CALIFORNIA,2026-06-30,2026-06-30
FDIC_2320_20260630,Corporate_Large,Large_D-SIB,US,100133000.0,0.0,100133000.0,1.0,1,12,0,False,False,False,1,BBB,0.65,0.02,0.4,0.24,CARSON COMMUNITY BANK,2026-06-30,2026-06-30
FDIC_23189_20260630,Corporate_Large,Large_D-SIB,US,195690000.0,0.0,195690000.0,1.0,1,12,0,False,False,False,1,BBB,0.65,0.02,0.4,0.24,COMMUNITY BANK&TRUST CO,2026-06-30,2026-06-30
FDIC_22334_20260630,Corporate_Large,Large_D-SIB,US,2227283000.0,0.0,2227283000.0,1.0,1,12,0,False,False,False,1,BBB,0.65,0.02,0.4,0.24,ONE COMMUNITY BANK,2026-06-30,2026-06-30
FDIC_2249_20260630,Corporate_Large,Large_D-SIB,US,76323000.0,0.0,76323000.0,1.0,1,12,0,False,False,False,1,BBB,0.65,0.02,0.4,0.24,WESTERN BANK,2026-06-30,2026-06-30
FDIC_22526_20260630,Corporate_Large,Large_D-SIB,US,186601000.0,0.0,186601000.0,1.0,1,12,0,False,False,False,1,BBB,0.65,0.02,0.4,0.24,SPRING HILL STATE BANK,2026-06-30,2026-06-30
FDIC_22536_20260630,Corporate_Large,Large_D-SIB,US,300670000.0,0.0,300670000.0,1.0,1,12,0,False,False,False,1,BBB,0.65,0.02,0.4,0.24,FIRST SECURE BANK&TRUST CO,2026-06-30,2026-06-30
FDIC_22537_20260630,Corporate_Large,Large_D-SIB,US,922973000.0,0.0,922973000.0,1.0,1,12,0,False,False,False,1,BBB,0.65,0.02,0.4,0.24,PEOPLES BANK OF ALABAMA,2026-06-30,2026-06-30
FDIC_22549_20260630,Corporate_Large,Large_D-SIB,US,10463000.0,0.0,10463000.0,1.0,1,12,0,False,False,False,1,BBB,0.65,0.02,0.4,0.24,FIRST PROGRESSIVE BANK,2026-06-30,2026-06-30
FDIC_22559_20260630,Corporate_Large,Large_D-SIB,US,2777209000.0,0.0,2777209000.0,1.0,1,12,0,False,False,False,1,BBB,0.65,0.02,0.4,0.24,BRAVERA BANK,2026-06-30,2026-06-30
FDIC_22567_20260630,Corporate_Large,Large_D-SIB,US,93330000.0,0.0,93330000.0,1.0,1,12,0,False,False,False,1,BBB,0.65,0.02,0.4,0.24,COMMUNITY STATE BANK,2026-06-30,2026-06-30
FDIC_22578_20260630,Corporate_Large,Large_D-SIB,US,216062000.0,0.0,216062000.0,1.0,1,12,0,False,False,False,1,BBB,0.65,0.02,0.4,0.24,BRIGHTON BANK,2026-06-30,2026-06-30
FDIC_22597_20260630,Corporate_Large,Large_D-SIB,US,2456060000.0,0.0,2456060000.0,1.0,1,12,0,False,False,False,1,BBB,0.65,0.02,0.4,0.24,BANK OF THE SIERRA,2026-06-30,2026-06-30
FDIC_22598_20260630,Corporate_Large,Large_D-SIB,US,62338000.0,0.0,62338000.0,1.0,1,12,0,False,False,False,1,BBB,0.65,0.02,0.4,0.24,FLORA BANK&TRUST,2026-06-30,2026-06-30
FDIC_22600_20260630,Corporate_Large,Large_D-SIB,US,157867000.0,0.0,157867000.0,1.0,1,12,0,False,False,False,1,BBB,0.65,0.02,0.4,0.24,VALLEY BANK OF COMMERCE,2026-06-30,2026-06-30
FDIC_22601_20260630,Corporate_Large,Large_D-SIB,US,170421000.0,0.0,170421000.0,1.0,1,12,0,False,False,False,1,BBB,0.65,0.02,0.4,0.24,CITIZENS BANK,2026-06-30,2026-06-30
FDIC_22636_20260630,Corporate_Large,Large_D-SIB,US,111236000.0,0.0,111236000.0,1.0,1,12,0,False,False,False,1,BBB,0.65,0.02,0.4,0.24,COMMUNITY BANK OF MARSHALL,2026-06-30,2026-06-30
FDIC_22639_20260630,Corporate_Large,Large_D-SIB,US,115576000.0,0.0,115576000.0,1.0,1,12,0,False,False,False,1,BBB,0.65,0.02,0.4,0.24,BANK OF COMMERCE,2026-06-30,2026-06-30
FDIC_22653_20260630,Corporate_Large,Large_D-SIB,US,40815000.0,0.0,40815000.0,1.0,1,12,0,False,False,False,1,BBB,0.65,0.02,0.4,0.24,GREEN DOT BK DBA BONNEVILLE,2026-06-30,2026-06-30
FDIC_22669_20260630,Corporate_Large,Large_D-SIB,US,67653000.0,0.0,67653000.0,1.0,1,12,0,False,False,False,1,BBB,0.65,0.02,0.4,0.24,NEVADA BANK&TRUST CO,2026-06-30,2026-06-30
FDIC_226_20260630,Corporate_Large,Large_D-SIB,US,159281000.0,0.0,159281000.0,1.0,1,12,0,False,False,False,1,BBB,0.65,0.02,0.4,0.24,GUTHRIE COUNTY STATE BANK,2026-06-30,2026-06-30
FDIC_2270_20260630,Corporate_Large,Large_D-SIB,US,62557386000.0,0.0,62557386000.0,1.0,1,12,0,False,False,False,1,BBB,0.65,0.02,0.4,0.24,ZIONS BCORP N A,2026-06-30,2026-06-30
FDIC_22514_20260630,Corporate_Large,Large_D-SIB,US,122290000.0,0.0,122290000.0,1.0,1,12,0,False,False,False,1,BBB,0.65,0.02,0.4,0.24,UTAH INDEPENDENT BANK,2026-06-30,2026-06-30
FDIC_2247_20260630,Corporate_Large,Large_D-SIB,US,121626000.0,0.0,121626000.0,1.0,1,12,0,False,False,False,1,BBB,0.65,0.02,0.4,0.24,BANK OF THE SOUTHWEST,2026-06-30,2026-06-30
FDIC_22738_20260630,Corporate_Large,Large_D-SIB,US,635795000.0,0.0,635795000.0,1.0,1,12,0,False,False,False,1,BBB,0.65,0.02,0.4,0.24,FIRST UTAH BANK,2026-06-30,2026-06-30
FDIC_22460_20260630,Corporate_Large,Large_D-SIB,US,162421000.0,0.0,162421000.0,1.0,1,12,0,False,False,False,1,BBB,0.65,0.02,0.4,0.24,MONTEREY COUNTY BANK,2026-06-30,2026-06-30
FDIC_22354_20260630,Corporate_Large,Large_D-SIB,US,1928489000.0,0.0,1928489000.0,1.0,1,12,0,False,False,False,1,BBB,0.65,0.02,0.4,0.24,COMMERCIAL BANK,2026-06-30,2026-06-30
FDIC_22355_20260630,Corporate_Large,Large_D-SIB,US,37185000.0,0.0,37185000.0,1.0,1,12,0,False,False,False,1,BBB,0.65,0.02,0.4,0.24,PINNACLE BANK INC,2026-06-30,2026-06-30
FDIC_22358_20260630,Corporate_Large,Large_D-SIB,US,37731000.0,0.0,37731000.0,1.0,1,12,0,False,False,False,1,BBB,0.65,0.02,0.4,0.24,CITIZENS BANK,2026-06-30,2026-06-30
FDIC_22366_20260630,Corporate_Large,Large_D-SIB,US,457963000.0,0.0,457963000.0,1.0,1,12,0,False,False,False,1,BBB,0.65,0.02,0.4,0.24,GBC INTERNATIONAL BANK,2026-06-30,2026-06-30
FDIC_22373_20260630,Corporate_Large,Large_D-SIB,US,1927169000.0,0.0,1927169000.0,1.0,1,12,0,False,False,False,1,BBB,0.65,0.02,0.4,0.24,AMERICAN NATIONAL BANK&TRUST,2026-06-30,2026-06-30
FDIC_22381_20260630,Corporate_Large,Large_D-SIB,US,85341000.0,0.0,85341000.0,1.0,1,12,0,False,False,False,1,BBB,0.65,0.02,0.4,0.24,ANAHUAC NATIONAL BANK,2026-06-30,2026-06-30
FDIC_22394_20260630,Corporate_Large,Large_D-SIB,US,499359000.0,0.0,499359000.0,1.0,1,12,0,False,False,False,1,BBB,0.65,0.02,0.4,0.24,PEOPLES COMMUNITY BANK,2026-06-30,2026-06-30
FDIC_22396_20260630,Corporate_Large,Large_D-SIB,US,1209523000.0,0.0,1209523000.0,1.0,1,12,0,False,False,False,1,BBB,0.65,0.02,0.4,0.24,CENTRAL NATIONAL BANK,2026-06-30,2026-06-30
FDIC_22398_20260630,Corporate_Large,Large_D-SIB,US,486637000.0,0.0,486637000.0,1.0,1,12,0,False,False,False,1,BBB,0.65,0.02,0.4,0.24,MODERN BANK NATIONAL ASSN,2026-06-30,2026-06-30
FDIC_2240_20260630,Corporate_Large,Large_D-SIB,US,1170212000.0,0.0,1170212000.0,1.0,1,12,0,False,False,False,1,BBB,0.65,0.02,0.4,0.24,FIRST AMERICAN BANK,2026-06-30,2026-06-30
FDIC_2241_20260630,Corporate_Large,Large_D-SIB,US,810994000.0,0.0,810994000.0,1.0,1,12,0,False,False,False,1,BBB,0.65,0.02,0.4,0.24,CNB BANK,2026-06-30,2026-06-30
FDIC_22430_20260630,Corporate_Large,Large_D-SIB,US,30219000.0,0.0,30219000.0,1.0,1,12,0,False,False,False,1,BBB,0.65,0.02,0.4,0.24,WASHITA STATE BANK,2026-06-30,2026-06-30
FDIC_22434_20260630,Corporate_Large,Large_D-SIB,US,197164000.0,0.0,197164000.0,1.0,1,12,0,False,False,False,1,BBB,0.65,0.02,0.4,0.24,BANKCHAMPAIGN NATIONAL ASSN,2026-06-30,2026-06-30
FDIC_22447_20260630,Corporate_Large,Large_D-SIB,US,226306000.0,0.0,226306000.0,1.0,1,12,0,False,False,False,1,BBB,0.65,0.02,0.4,0.24,WRAY STATE BANK,2026-06-30,2026-06-30
FDIC_22448_20260630,Corporate_Large,Large_D-SIB,US,52012000.0,0.0,52012000.0,1.0,1,12,0,False,False,False,1,BBB,0.65,0.02,0.4,0.24,FIRST STATE BANK,2026-06-30,2026-06-30
FDIC_2244_20260630,Corporate_Large,Large_D-SIB,US,210767000.0,0.0,210767000.0,1.0,1,12,0,False,False,False,1,BBB,0.65,0.02,0.4,0.24,JAMES POLK STONE CMTY BANK,2026-06-30,2026-06-30
FDIC_22451_20260630,Corporate_Large,Large_D-SIB,US,2263957000.0,0.0,2263957000.0,1.0,1,12,0,False,False,False,1,BBB,0.65,0.02,0.4,0.24,LAWRENCE BANK,2026-06-30,2026-06-30
FDIC_22717_20260630,Corporate_Large,Large_D-SIB,US,212001000.0,0.0,212001000.0,1.0,1,12,0,False,False,False,1,BBB,0.65,0.02,0.4,0.24,CITIZENS B&T CO OF ARDMORE,2026-06-30,2026-06-30
FDIC_22739_20260630,Corporate_Large,Large_D-SIB,US,302851000.0,0.0,302851000.0,1.0,1,12,0,False,False,False,1,BBB,0.65,0.02,0.4,0.24,BANK OF ST FRANCISVILLE,2026-06-30,2026-06-30
FDIC_2317_20260630,Corporate_Large,Large_D-SIB,US,199560000.0,0.0,199560000.0,1.0,1,12,0,False,False,False,1,BBB,0.65,0.02,0.4,0.24,METHOD BANK,2026-06-30,2026-06-30
FDIC_22957_20260630,Corporate_Large,Large_D-SIB,US,1499789000.0,0.0,1499789000.0,1.0,1,12,0,False,False,False,1,BBB,0.65,0.02,0.4,0.24,WEST TEXAS NATIONAL BANK,2026-06-30,2026-06-30
FDIC_22971_20260630,Corporate_Large,Large_D-SIB,US,200826000.0,0.0,200826000.0,1.0,1,12,0,False,False,False,1,BBB,0.65,0.02,0.4,0.24,FIRST SECURE STATE BANK,2026-06-30,2026-06-30
FDIC_22993_20260630,Corporate_Large,Large_D-SIB,US,117101000.0,0.0,117101000.0,1.0,1,12,0,False,False,False,1,BBB,0.65,0.02,0.4,0.24,TWIN RIVER BANK,2026-06-30,2026-06-30
FDIC_23007_20260630,Corporate_Large,Large_D-SIB,US,609720000.0,0.0,609720000.0,1.0,1,12,0,False,False,False,1,BBB,0.65,0.02,0.4,0.24,OREGON PACIFIC BK DBA OR PAC,2026-06-30,2026-06-30
FDIC_2300_20260630,Corporate_Large,Large_D-SIB,US,68677000.0,0.0,68677000.0,1.0,1,12,0,False,False,False,1,BBB,0.65,0.02,0.4,0.24,BANK OF MAGNOLIA CO,2026-06-30,2026-06-30
FDIC_2301_20260630,Corporate_Large,Large_D-SIB,US,130046000.0,0.0,130046000.0,1.0,1,12,0,False,False,False,1,BBB,0.65,0.02,0.4,0.24,FIRST STATE BANK,2026-06-30,2026-06-30
FDIC_23030_20260630,Corporate_Large,Large_D-SIB,US,3543783000.0,0.0,3543783000.0,1.0,1,12,0,False,False,False,1,BBB,0.65,0.02,0.4,0.24,COMMUNITY WEST BANK,2026-06-30,2026-06-30
FDIC_23041_20260630,Corporate_Large,Large_D-SIB,US,769943000.0,0.0,769943000.0,1.0,1,12,0,False,False,False,1,BBB,0.65,0.02,0.4,0.24,BANK OF THE PACIFIC,2026-06-30,2026-06-30
FDIC_23086_20260630,Corporate_Large,Large_D-SIB,US,384882000.0,0.0,384882000.0,1.0,1,12,0,False,False,False,1,BBB,0.65,0.02,0.4,0.24,NEW OMNI BANK NATIONAL ASSN,2026-06-30,2026-06-30
FDIC_2308_20260630,Corporate_Large,Large_D-SIB,US,30508000.0,0.0,30508000.0,1.0,1,12,0,False,False,False,1,BBB,0.65,0.02,0.4,0.24,WASHITA VALLEY BANK,2026-06-30,2026-06-30
FDIC_23091_20260630,Corporate_Large,Large_D-SIB,US,4489027000.0,0.0,4489027000.0,1.0,1,12,0,False,False,False,1,BBB,0.65,0.02,0.4,0.24,ALPINE BANK,2026-06-30,2026-06-30
FDIC_23099_20260630,Corporate_Large,Large_D-SIB,US,108516000.0,0.0,108516000.0,1.0,1,12,0,False,False,False,1,BBB,0.65,0.02,0.4,0.24,BANK OF PROTECTION,2026-06-30,2026-06-30
FDIC_230_20260630,Corporate_Large,Large_D-SIB,US,158613000.0,0.0,158613000.0,1.0,1,12,0,False,False,False,1,BBB,0.65,0.02,0.4,0.24,COMMUNITY STATE BANK,2026-06-30,2026-06-30
FDIC_23123_20260630,Corporate_Large,Large_D-SIB,US,384874000.0,0.0,384874000.0,1.0,1,12,0,False,False,False,1,BBB,0.65,0.02,0.4,0.24,BANK OF BARTLETT,2026-06-30,2026-06-30
FDIC_23126_20260630,Corporate_Large,Large_D-SIB,US,62497000.0,0.0,62497000.0,1.0,1,12,0,False,False,False,1,BBB,0.65,0.02,0.4,0.24,HURON STATE BANK,2026-06-30,2026-06-30
FDIC_23144_20260630,Corporate_Large,Large_D-SIB,US,369401000.0,0.0,369401000.0,1.0,1,12,0,False,False,False,1,BBB,0.65,0.02,0.4,0.24,SOUTH LOUISIANA BANK,2026-06-30,2026-06-30
FDIC_23152_20260630,Corporate_Large,Large_D-SIB,US,231490000.0,0.0,231490000.0,1.0,1,12,0,False,False,False,1,BBB,0.65,0.02,0.4,0.24,FIRST CITIZENS BANK,2026-06-30,2026-06-30
FDIC_2315_20260630,Corporate_Large,Large_D-SIB,US,2076029000.0,0.0,2076029000.0,1.0,1,12,0,False,False,False,1,BBB,0.65,0.02,0.4,0.24,ARMSTRONG BANK,2026-06-30,2026-06-30
FDIC_22964_20260630,Corporate_Large,Large_D-SIB,US,466789000.0,0.0,466789000.0,1.0,1,12,0,False,False,False,1,BBB,0.65,0.02,0.4,0.24,FIRST COMMUNITY BANK,2026-06-30,2026-06-30
FDIC_22954_20260630,Corporate_Large,Large_D-SIB,US,39755000.0,0.0,39755000.0,1.0,1,12,0,False,False,False,1,BBB,0.65,0.02,0.4,0.24,CITIZENS BK MORGANTOWN INC,2026-06-30,2026-06-30
FDIC_2273_20260630,Corporate_Large,Large_D-SIB,US,21744000.0,0.0,21744000.0,1.0,1,12,0,False,False,False,1,BBB,0.65,0.02,0.4,0.24,FIRST NATIONAL BANK OF ELY,2026-06-30,2026-06-30
FDIC_22953_20260630,Corporate_Large,Large_D-SIB,US,6865627000.0,0.0,6865627000.0,1.0,1,12,0,False,False,False,1,BBB,0.65,0.02,0.4,0.24,AMERANT BANK NATIONAL ASSN,2026-06-30,2026-06-30
FDIC_22756_20260630,Corporate_Large,Large_D-SIB,US,243003000.0,0.0,243003000.0,1.0,1,12,0,False,False,False,1,BBB,0.65,0.02,0.4,0.24,PEOPLES B&T CO PICKETT CNTY,2026-06-30,2026-06-30
FDIC_22811_20260630,Corporate_Large,Large_D-SIB,US,119902000.0,0.0,119902000.0,1.0,1,12,0,False,False,False,1,BBB,0.65,0.02,0.4,0.24,BRICKYARD BANK,2026-06-30,2026-06-30
FDIC_22835_20260630,Corporate_Large,Large_D-SIB,US,30877000.0,0.0,30877000.0,1.0,1,12,0,False,False,False,1,BBB,0.65,0.02,0.4,0.24,LAUDERDALE COUNTY BANK,2026-06-30,2026-06-30
FDIC_22839_20260630,Corporate_Large,Large_D-SIB,US,12836000.0,0.0,12836000.0,1.0,1,12,0,False,False,False,1,BBB,0.65,0.02,0.4,0.24,LATIMER STATE BANK,2026-06-30,2026-06-30
FDIC_2284_20260630,Corporate_Large,Large_D-SIB,US,326397000.0,0.0,326397000.0,1.0,1,12,0,False,False,False,1,BBB,0.65,0.02,0.4,0.24,NORTH VALLEY BANK,2026-06-30,2026-06-30
FDIC_22858_20260630,Corporate_Large,Large_D-SIB,US,25029748000.0,0.0,25029748000.0,1.0,1,12,0,False,False,False,1,BBB,0.65,0.02,0.4,0.24,UNITED BANK,2026-06-30,2026-06-30
FDIC_2285_20260630,Corporate_Large,Large_D-SIB,US,570061000.0,0.0,570061000.0,1.0,1,12,0,False,False,False,1,BBB,0.65,0.02,0.4,0.24,GENOA BANKING CO,2026-06-30,2026-06-30
FDIC_22867_20260630,Corporate_Large,Large_D-SIB,US,126019000.0,0.0,126019000.0,1.0,1,12,0,False,False,False,1,BBB,0.65,0.02,0.4,0.24,COMMUNITY BANK OF RAYMORE,2026-06-30,2026-06-30
FDIC_2286_20260630,Corporate_Large,Large_D-SIB,US,348241000.0,0.0,348241000.0,1.0,1,12,0,False,False,False,1,BBB,0.65,0.02,0.4,0.24,BUCKEYE STATE BANK,2026-06-30,2026-06-30
FDIC_22874_20260630,Corporate_Large,Large_D-SIB,US,438023000.0,0.0,438023000.0,1.0,1,12,0,False,False,False,1,BBB,0.65,0.02,0.4,0.24,HICKORY POINT BANK&TRUST,2026-06-30,2026-06-30
FDIC_22876_20260630,Corporate_Large,Large_D-SIB,US,640940000.0,0.0,640940000.0,1.0,1,12,0,False,False,False,1,BBB,0.65,0.02,0.4,0.24,SOUTHWEST MISSOURI BANK,2026-06-30,2026-06-30
FDIC_22888_20260630,Corporate_Large,Large_D-SIB,US,101911000.0,0.0,101911000.0,1.0,1,12,0,False,False,False,1,BBB,0.65,0.02,0.4,0.24,FARMERS&MINERS BANK,2026-06-30,2026-06-30
FDIC_22895_20260630,Corporate_Large,Large_D-SIB,US,236219000.0,0.0,236219000.0,1.0,1,12,0,False,False,False,1,BBB,0.65,0.02,0.4,0.24,PUTNAM COUNTY STATE BANK,2026-06-30,2026-06-30
FDIC_228_20260630,Corporate_Large,Large_D-SIB,US,1354692000.0,0.0,1354692000.0,1.0,1,12,0,False,False,False,1,BBB,0.65,0.02,0.4,0.24,AMERICAN STATE BANK,2026-06-30,2026-06-30
FDIC_22918_20260630,Corporate_Large,Large_D-SIB,US,3634770000.0,0.0,3634770000.0,1.0,1,12,0,False,False,False,1,BBB,0.65,0.02,0.4,0.24,FIRST BANK&TRUST CO,2026-06-30,2026-06-30
FDIC_22925_20260630,Corporate_Large,Large_D-SIB,US,104021000.0,0.0,104021000.0,1.0,1,12,0,False,False,False,1,BBB,0.65,0.02,0.4,0.24,INDEPENDENCE BANK,2026-06-30,2026-06-30
FDIC_22942_20260630,Corporate_Large,Large_D-SIB,US,93310000.0,0.0,93310000.0,1.0,1,12,0,False,False,False,1,BBB,0.65,0.02,0.4,0.24,AMERICAN NB OF MT PLEASANT,2026-06-30,2026-06-30
FDIC_2453_20260630,Corporate_Large,Large_D-SIB,US,224310000.0,0.0,224310000.0,1.0,1,12,0,False,False,False,1,BBB,0.65,0.02,0.4,0.24,DAVIS TRUST CO,2026-06-30,2026-06-30
FDIC_24540_20260630,Corporate_Large,Large_D-SIB,US,1565874000.0,0.0,1565874000.0,1.0,1,12,0,False,False,False,1,BBB,0.65,0.02,0.4,0.24,BANK OF NEW ENGLAND,2026-06-30,2026-06-30
FDIC_2455_20260630,Corporate_Large,Large_D-SIB,US,296827000.0,0.0,296827000.0,1.0,1,12,0,False,False,False,1,BBB,0.65,0.02,0.4,0.24,BANK OF BRODHEAD,2026-06-30,2026-06-30
FDIC_26530_20260630,Corporate_Large,Large_D-SIB,US,377677000.0,0.0,377677000.0,1.0,1,12,0,False,False,False,1,BBB,0.65,0.02,0.4,0.24,DENALI STATE BANK,2026-06-30,2026-06-30
FDIC_26539_20260630,Corporate_Large,Large_D-SIB,US,62547000.0,0.0,62547000.0,1.0,1,12,0,False,False,False,1,BBB,0.65,0.02,0.4,0.24,MICRONESIA,2026-06-30,2026-06-30
FDIC_26542_20260630,Corporate_Large,Large_D-SIB,US,152353000.0,0.0,152353000.0,1.0,1,12,0,False,False,False,1,BBB,0.65,0.02,0.4,0.24,BANK OF DESOTO NATIONAL ASSN,2026-06-30,2026-06-30
FDIC_26554_20260630,Corporate_Large,Large_D-SIB,US,123525000.0,0.0,123525000.0,1.0,1,12,0,False,False,False,1,BBB,0.65,0.02,0.4,0.24,BANK OF EASTON,2026-06-30,2026-06-30
FDIC_26555_20260630,Corporate_Large,Large_D-SIB,US,912414000.0,0.0,912414000.0,1.0,1,12,0,False,False,False,1,BBB,0.65,0.02,0.4,0.24,ONELOCAL BANK,2026-06-30,2026-06-30
FDIC_26559_20260630,Corporate_Large,Large_D-SIB,US,718941000.0,0.0,718941000.0,1.0,1,12,0,False,False,False,1,BBB,0.65,0.02,0.4,0.24,STONEHAMBANK A COOP BANK,2026-06-30,2026-06-30
FDIC_26564_20260630,Corporate_Large,Large_D-SIB,US,474691000.0,0.0,474691000.0,1.0,1,12,0,False,False,False,1,BBB,0.65,0.02,0.4,0.24,DELTA BANK,2026-06-30,2026-06-30
FDIC_26567_20260630,Corporate_Large,Large_D-SIB,US,44980000.0,0.0,44980000.0,1.0,1,12,0,False,False,False,1,BBB,0.65,0.02,0.4,0.24,NORTH CAMBRIDGE COOP BANK,2026-06-30,2026-06-30
FDIC_26576_20260630,Corporate_Large,Large_D-SIB,US,118544000.0,0.0,118544000.0,1.0,1,12,0,False,False,False,1,BBB,0.65,0.02,0.4,0.24,WRENTHAM COOP BANK,2026-06-30,2026-06-30
FDIC_26588_20260630,Corporate_Large,Large_D-SIB,US,75574000.0,0.0,75574000.0,1.0,1,12,0,False,False,False,1,BBB,0.65,0.02,0.4,0.24,DEDICATED COMMUNITY BANK,2026-06-30,2026-06-30
FDIC_26591_20260630,Corporate_Large,Large_D-SIB,US,755855000.0,0.0,755855000.0,1.0,1,12,0,False,False,False,1,BBB,0.65,0.02,0.4,0.24,COASTAL HERITAGE BANK,2026-06-30,2026-06-30
FDIC_26602_20260630,Corporate_Large,Large_D-SIB,US,232273000.0,0.0,232273000.0,1.0,1,12,0,False,False,False,1,BBB,0.65,0.02,0.4,0.24,CHARLES RIVER BANK,2026-06-30,2026-06-30
FDIC_26610_20260630,Corporate_Large,Large_D-SIB,US,15034186000.0,0.0,15034186000.0,1.0,1,12,0,False,False,False,1,BBB,0.65,0.02,0.4,0.24,BANK OF HOPE,2026-06-30,2026-06-30
FDIC_26620_20260630,Corporate_Large,Large_D-SIB,US,969378000.0,0.0,969378000.0,1.0,1,12,0,False,False,False,1,BBB,0.65,0.02,0.4,0.24,READING COOP BANK,2026-06-30,2026-06-30
FDIC_26626_20260630,Corporate_Large,Large_D-SIB,US,641725000.0,0.0,641725000.0,1.0,1,12,0,False,False,False,1,BBB,0.65,0.02,0.4,0.24,UNITED TEXAS BANK NA,2026-06-30,2026-06-30
FDIC_26627_20260630,Corporate_Large,Large_D-SIB,US,503419000.0,0.0,503419000.0,1.0,1,12,0,False,False,False,1,BBB,0.65,0.02,0.4,0.24,BANK OF THE WEST,2026-06-30,2026-06-30
FDIC_26634_20260630,Corporate_Large,Large_D-SIB,US,745862000.0,0.0,745862000.0,1.0,1,12,0,False,False,False,1,BBB,0.65,0.02,0.4,0.24,MECHANICS COOP BANK,2026-06-30,2026-06-30
FDIC_26647_20260630,Corporate_Large,Large_D-SIB,US,4632437000.0,0.0,4632437000.0,1.0,1,12,0,False,False,False,1,BBB,0.65,0.02,0.4,0.24,FIRSTRUST SAVINGS BANK,2026-06-30,2026-06-30
FDIC_26536_20260630,Corporate_Large,Large_D-SIB,US,334900000.0,0.0,334900000.0,1.0,1,12,0,False,False,False,1,BBB,0.65,0.02,0.4,0.24,BANKGLOUCESTER,2026-06-30,2026-06-30
FDIC_26523_20260630,Corporate_Large,Large_D-SIB,US,1281069000.0,0.0,1281069000.0,1.0,1,12,0,False,False,False,1,BBB,0.65,0.02,0.4,0.24,BANKHOMETOWN,2026-06-30,2026-06-30
FDIC_26658_20260630,Corporate_Large,Large_D-SIB,US,37336000.0,0.0,37336000.0,1.0,1,12,0,False,False,False,1,BBB,0.65,0.02,0.4,0.24,AMISTAD BANK,2026-06-30,2026-06-30
FDIC_26522_20260630,Corporate_Large,Large_D-SIB,US,377744000.0,0.0,377744000.0,1.0,1,12,0,False,False,False,1,BBB,0.65,0.02,0.4,0.24,THE BANK,2026-06-30,2026-06-30
FDIC_26395_20260630,Corporate_Large,Large_D-SIB,US,891684000.0,0.0,891684000.0,1.0,1,12,0,False,False,False,1,BBB,0.65,0.02,0.4,0.24,MUTUALONE BANK,2026-06-30,2026-06-30
FDIC_26397_20260630,Corporate_Large,Large_D-SIB,US,557308000.0,0.0,557308000.0,1.0,1,12,0,False,False,False,1,BBB,0.65,0.02,0.4,0.24,GREENFIELD COOP BANK,2026-06-30,2026-06-30
FDIC_26411_20260630,Corporate_Large,Large_D-SIB,US,469327000.0,0.0,469327000.0,1.0,1,12,0,False,False,False,1,BBB,0.65,0.02,0.4,0.24,HAVERHILL BANK,2026-06-30,2026-06-30
FDIC_26416_20260630,Corporate_Large,Large_D-SIB,US,53269000.0,0.0,53269000.0,1.0,1,12,0,False,False,False,1,BBB,0.65,0.02,0.4,0.24,COMMUNITY STB OF CANTON,2026-06-30,2026-06-30
FDIC_26442_20260630,Corporate_Large,Large_D-SIB,US,605216000.0,0.0,605216000.0,1.0,1,12,0,False,False,False,1,BBB,0.65,0.02,0.4,0.24,TERRABANK NATIONAL ASSN,2026-06-30,2026-06-30
FDIC_26444_20260630,Corporate_Large,Large_D-SIB,US,1403413000.0,0.0,1403413000.0,1.0,1,12,0,False,False,False,1,BBB,0.65,0.02,0.4,0.24,EVERETT COOP BANK,2026-06-30,2026-06-30
FDIC_26450_20260630,Corporate_Large,Large_D-SIB,US,108088000.0,0.0,108088000.0,1.0,1,12,0,False,False,False,1,BBB,0.65,0.02,0.4,0.24,CANTON COOP BANK,2026-06-30,2026-06-30
FDIC_26451_20260630,Corporate_Large,Large_D-SIB,US,960756000.0,0.0,960756000.0,1.0,1,12,0,False,False,False,1,BBB,0.65,0.02,0.4,0.24,FIDELITY COOP BANK,2026-06-30,2026-06-30
FDIC_26455_20260630,Corporate_Large,Large_D-SIB,US,612313000.0,0.0,612313000.0,1.0,1,12,0,False,False,False,1,BBB,0.65,0.02,0.4,0.24,SAVERS COOP BANK,2026-06-30,2026-06-30
FDIC_26483_20260630,Corporate_Large,Large_D-SIB,US,6482094000.0,0.0,6482094000.0,1.0,1,12,0,False,False,False,1,BBB,0.65,0.02,0.4,0.24,NEEDHAM BANK,2026-06-30,2026-06-30
FDIC_26484_20260630,Corporate_Large,Large_D-SIB,US,2503751000.0,0.0,2503751000.0,1.0,1,12,0,False,False,False,1,BBB,0.65,0.02,0.4,0.24,TRUNORTH BANK,2026-06-30,2026-06-30
FDIC_26487_20260630,Corporate_Large,Large_D-SIB,US,556504000.0,0.0,556504000.0,1.0,1,12,0,False,False,False,1,BBB,0.65,0.02,0.4,0.24,WALPOLE COOP BANK,2026-06-30,2026-06-30
FDIC_26499_20260630,Corporate_Large,Large_D-SIB,US,386560000.0,0.0,386560000.0,1.0,1,12,0,False,False,False,1,BBB,0.65,0.02,0.4,0.24,AMERICAN NB OF MINNESOTA,2026-06-30,2026-06-30
FDIC_26512_20260630,Corporate_Large,Large_D-SIB,US,107287000.0,0.0,107287000.0,1.0,1,12,0,False,False,False,1,BBB,0.65,0.02,0.4,0.24,METHUEN COOP BANK,2026-06-30,2026-06-30
FDIC_26513_20260630,Corporate_Large,Large_D-SIB,US,107899000.0,0.0,107899000.0,1.0,1,12,0,False,False,False,1,BBB,0.65,0.02,0.4,0.24,STOUGHTON COOP BANK,2026-06-30,2026-06-30
FDIC_26517_20260630,Corporate_Large,Large_D-SIB,US,1457483000.0,0.0,1457483000.0,1.0,1,12,0,False,False,False,1,BBB,0.65,0.02,0.4,0.24,CAPE&COAST BANK,2026-06-30,2026-06-30
FDIC_26520_20260630,Corporate_Large,Large_D-SIB,US,114733000.0,0.0,114733000.0,1.0,1,12,0,False,False,False,1,BBB,0.65,0.02,0.4,0.24,SECURITY BANK OF SW MO,2026-06-30,2026-06-30
FDIC_26653_20260630,Corporate_Large,Large_D-SIB,US,47303000.0,0.0,47303000.0,1.0,1,12,0,False,False,False,1,BBB,0.65,0.02,0.4,0.24,BANDERA BANK,2026-06-30,2026-06-30
FDIC_26677_20260630,Corporate_Large,Large_D-SIB,US,245736000.0,0.0,245736000.0,1.0,1,12,0,False,False,False,1,BBB,0.65,0.02,0.4,0.24,BANKERS BANK,2026-06-30,2026-06-30
FDIC_24563_20260630,Corporate_Large,Large_D-SIB,US,1146527000.0,0.0,1146527000.0,1.0,1,12,0,False,False,False,1,BBB,0.65,0.02,0.4,0.24,TEXAS COMMUNITY BANK,2026-06-30,2026-06-30
FDIC_26881_20260630,Corporate_Large,Large_D-SIB,US,46722712000.0,0.0,46722712000.0,1.0,1,12,0,False,False,False,1,BBB,0.65,0.02,0.4,0.24,SOFI BANK NATIONAL ASSN,2026-06-30,2026-06-30
FDIC_26906_20260630,Corporate_Large,Large_D-SIB,US,1796908000.0,0.0,1796908000.0,1.0,1,12,0,False,False,False,1,BBB,0.65,0.02,0.4,0.24,TEXAS REGIONAL BANK,2026-06-30,2026-06-30
FDIC_26912_20260630,Corporate_Large,Large_D-SIB,US,369504000.0,0.0,369504000.0,1.0,1,12,0,False,False,False,1,BBB,0.65,0.02,0.4,0.24,BANK OF SOUTH CAROLINA,2026-06-30,2026-06-30
FDIC_2691_20260630,Corporate_Large,Large_D-SIB,US,559301000.0,0.0,559301000.0,1.0,1,12,0,False,False,False,1,BBB,0.65,0.02,0.4,0.24,CUMBERLAND VALLEY NB&T CO,2026-06-30,2026-06-30
FDIC_26922_20260630,Corporate_Large,Large_D-SIB,US,463415000.0,0.0,463415000.0,1.0,1,12,0,False,False,False,1,BBB,0.65,0.02,0.4,0.24,COOP BANK,2026-06-30,2026-06-30
FDIC_26941_20260630,Corporate_Large,Large_D-SIB,US,37537000.0,0.0,37537000.0,1.0,1,12,0,False,False,False,1,BBB,0.65,0.02,0.4,0.24,PEOPLES BANK OF DEER LODGE,2026-06-30,2026-06-30
FDIC_26944_20260630,Corporate_Large,Large_D-SIB,US,249134000.0,0.0,249134000.0,1.0,1,12,0,False,False,False,1,BBB,0.65,0.02,0.4,0.24,AMERICAN STATE BANK,2026-06-30,2026-06-30
FDIC_2695_20260630,Corporate_Large,Large_D-SIB,US,240045000.0,0.0,240045000.0,1.0,1,12,0,False,False,False,1,BBB,0.65,0.02,0.4,0.24,FIRST NB OF GRAYSON,2026-06-30,2026-06-30
FDIC_26960_20260630,Corporate_Large,Large_D-SIB,US,2174967000.0,0.0,2174967000.0,1.0,1,12,0,False,False,False,1,BBB,0.65,0.02,0.4,0.24,FIRST BANK OF THE LAKE,2026-06-30,2026-06-30
FDIC_26962_20260630,Corporate_Large,Large_D-SIB,US,4497999000.0,0.0,4497999000.0,1.0,1,12,0,False,False,False,1,BBB,0.65,0.02,0.4,0.24,WILSON BANK&TRUST,2026-06-30,2026-06-30
FDIC_2700_20260630,Corporate_Large,Large_D-SIB,US,796108000.0,0.0,796108000.0,1.0,1,12,0,False,False,False,1,BBB,0.65,0.02,0.4,0.24,FIRST SOUTHERN NATIONAL BANK,2026-06-30,2026-06-30
FDIC_27010_20260630,Corporate_Large,Large_D-SIB,US,57000.0,0.0,57000.0,1.0,1,12,0,False,False,False,1,BBB,0.65,0.02,0.4,0.24,YOUNG AMERICANS BANK,2026-06-30,2026-06-30
FDIC_27015_20260630,Corporate_Large,Large_D-SIB,US,158525000.0,0.0,158525000.0,1.0,1,12,0,False,False,False,1,BBB,0.65,0.02,0.4,0.24,42 NORTH PRIVATE BANK,2026-06-30,2026-06-30
FDIC_27026_20260630,Corporate_Large,Large_D-SIB,US,210641000.0,0.0,210641000.0,1.0,1,12,0,False,False,False,1,BBB,0.65,0.02,0.4,0.24,NATIVE AMERICAN BANK NA,2026-06-30,2026-06-30
FDIC_27043_20260630,Corporate_Large,Large_D-SIB,US,124818000.0,0.0,124818000.0,1.0,1,12,0,False,False,False,1,BBB,0.65,0.02,0.4,0.24,SANGER BANK,2026-06-30,2026-06-30
FDIC_27046_20260630,Corporate_Large,Large_D-SIB,US,1697951000.0,0.0,1697951000.0,1.0,1,12,0,False,False,False,1,BBB,0.65,0.02,0.4,0.24,COMMUNITY NB&T,2026-06-30,2026-06-30
FDIC_27052_20260630,Corporate_Large,Large_D-SIB,US,2757584000.0,0.0,2757584000.0,1.0,1,12,0,False,False,False,1,BBB,0.65,0.02,0.4,0.24,ST CHARLES B&T CO NA,2026-06-30,2026-06-30
FDIC_27054_20260630,Corporate_Large,Large_D-SIB,US,437000.0,0.0,437000.0,1.0,1,12,0,False,False,False,1,BBB,0.65,0.02,0.4,0.24,SUMITOMO MITSUI TR BK U SA,2026-06-30,2026-06-30
FDIC_26891_20260630,Corporate_Large,Large_D-SIB,US,137258000.0,0.0,137258000.0,1.0,1,12,0,False,False,False,1,BBB,0.65,0.02,0.4,0.24,LIBERTY BANK MINNESOTA,2026-06-30,2026-06-30
FDIC_26876_20260630,Corporate_Large,Large_D-SIB,US,3672340000.0,0.0,3672340000.0,1.0,1,12,0,False,False,False,1,BBB,0.65,0.02,0.4,0.24,SAFRA NB OF NEW YORK,2026-06-30,2026-06-30
FDIC_26687_20260630,Corporate_Large,Large_D-SIB,US,108267000.0,0.0,108267000.0,1.0,1,12,0,False,False,False,1,BBB,0.65,0.02,0.4,0.24,PNB COMMUNITY BANK,2026-06-30,2026-06-30
FDIC_26871_20260630,Corporate_Large,Large_D-SIB,US,91459000.0,0.0,91459000.0,1.0,1,12,0,False,False,False,1,BBB,0.65,0.02,0.4,0.24,COMMUNITY BANKERS BANK,2026-06-30,2026-06-30
FDIC_26689_20260630,Corporate_Large,Large_D-SIB,US,201650000.0,0.0,201650000.0,1.0,1,12,0,False,False,False,1,BBB,0.65,0.02,0.4,0.24,BANK OF ALMA,2026-06-30,2026-06-30
FDIC_26703_20260630,Corporate_Large,Large_D-SIB,US,375918000.0,0.0,375918000.0,1.0,1,12,0,False,False,False,1,BBB,0.65,0.02,0.4,0.24,RIVER CITY BANK INC,2026-06-30,2026-06-30
FDIC_26704_20260630,Corporate_Large,Large_D-SIB,US,355186000.0,0.0,355186000.0,1.0,1,12,0,False,False,False,1,BBB,0.65,0.02,0.4,0.24,BALBOA THRIFT&LOAN ASSN,2026-06-30,2026-06-30
FDIC_26708_20260630,Corporate_Large,Large_D-SIB,US,87179000.0,0.0,87179000.0,1.0,1,12,0,False,False,False,1,BBB,0.65,0.02,0.4,0.24,SPECTRA BANK,2026-06-30,2026-06-30
FDIC_26725_20260630,Corporate_Large,Large_D-SIB,US,2186555000.0,0.0,2186555000.0,1.0,1,12,0,False,False,False,1,BBB,0.65,0.02,0.4,0.24,BANCO DO BRASIL AMERICAS,2026-06-30,2026-06-30
FDIC_26727_20260630,Corporate_Large,Large_D-SIB,US,125870000.0,0.0,125870000.0,1.0,1,12,0,False,False,False,1,BBB,0.65,0.02,0.4,0.24,BANK OF SOUTH TEXAS,2026-06-30,2026-06-30
FDIC_26738_20260630,Corporate_Large,Large_D-SIB,US,148830000.0,0.0,148830000.0,1.0,1,12,0,False,False,False,1,BBB,0.65,0.02,0.4,0.24,TEXAS FINANCIAL BANK,2026-06-30,2026-06-30
FDIC_26755_20260630,Corporate_Large,Large_D-SIB,US,26914000.0,0.0,26914000.0,1.0,1,12,0,False,False,False,1,BBB,0.65,0.02,0.4,0.24,MINNESOTA 1ST CREDIT&SVG INC,2026-06-30,2026-06-30
FDIC_26760_20260630,Corporate_Large,Large_D-SIB,US,637364000.0,0.0,637364000.0,1.0,1,12,0,False,False,False,1,BBB,0.65,0.02,0.4,0.24,GREEN BELT BANK&TRUST,2026-06-30,2026-06-30
FDIC_26790_20260630,Corporate_Large,Large_D-SIB,US,515304000.0,0.0,515304000.0,1.0,1,12,0,False,False,False,1,BBB,0.65,0.02,0.4,0.24,HANA BANK USA NATIONAL ASSN,2026-06-30,2026-06-30
FDIC_26798_20260630,Corporate_Large,Large_D-SIB,US,93514000.0,0.0,93514000.0,1.0,1,12,0,False,False,False,1,BBB,0.65,0.02,0.4,0.24,HOME SAVINGS BANK,2026-06-30,2026-06-30
FDIC_26799_20260630,Corporate_Large,Large_D-SIB,US,397627000.0,0.0,397627000.0,1.0,1,12,0,False,False,False,1,BBB,0.65,0.02,0.4,0.24,EVABANK,2026-06-30,2026-06-30
FDIC_267_20260630,Corporate_Large,Large_D-SIB,US,167732000.0,0.0,167732000.0,1.0,1,12,0,False,False,False,1,BBB,0.65,0.02,0.4,0.24,KENTUCKY FARMERS BANK CORP,2026-06-30,2026-06-30
FDIC_26829_20260630,Corporate_Large,Large_D-SIB,US,169118000.0,0.0,169118000.0,1.0,1,12,0,False,False,False,1,BBB,0.65,0.02,0.4,0.24,FIRST NATIONAL BANK OF PASCO,2026-06-30,2026-06-30
FDIC_2682_20260630,Corporate_Large,Large_D-SIB,US,41737000.0,0.0,41737000.0,1.0,1,12,0,False,False,False,1,BBB,0.65,0.02,0.4,0.24,FIRST NB OF BROOKSVILLE,2026-06-30,2026-06-30
FDIC_26847_20260630,Corporate_Large,Large_D-SIB,US,108552000.0,0.0,108552000.0,1.0,1,12,0,False,False,False,1,BBB,0.65,0.02,0.4,0.24,CHESAPEAKE BANK&TRUST CO,2026-06-30,2026-06-30
FDIC_26856_20260630,Corporate_Large,Large_D-SIB,US,1460941000.0,0.0,1460941000.0,1.0,1,12,0,False,False,False,1,BBB,0.65,0.02,0.4,0.24,FALCON INTERNATIONAL BANK,2026-06-30,2026-06-30
FDIC_26393_20260630,Corporate_Large,Large_D-SIB,US,346291000.0,0.0,346291000.0,1.0,1,12,0,False,False,False,1,BBB,0.65,0.02,0.4,0.24,PITTSFIELD COOP BANK,2026-06-30,2026-06-30
FDIC_26381_20260630,Corporate_Large,Large_D-SIB,US,1036930000.0,0.0,1036930000.0,1.0,1,12,0,False,False,False,1,BBB,0.65,0.02,0.4,0.24,BONVENU BANK NATIONAL ASSN,2026-06-30,2026-06-30
FDIC_26379_20260630,Corporate_Large,Large_D-SIB,US,233641000.0,0.0,233641000.0,1.0,1,12,0,False,False,False,1,BBB,0.65,0.02,0.4,0.24,PIKE NATIONAL BANK,2026-06-30,2026-06-30
FDIC_24966_20260630,Corporate_Large,Large_D-SIB,US,150387000.0,0.0,150387000.0,1.0,1,12,0,False,False,False,1,BBB,0.65,0.02,0.4,0.24,VALLEY BANK OF RONAN,2026-06-30,2026-06-30
FDIC_24998_20260630,Corporate_Large,Large_D-SIB,US,20837280000.0,0.0,20837280000.0,1.0,1,12,0,False,False,False,1,BBB,0.65,0.02,0.4,0.24,COMMERCE BANK,2026-06-30,2026-06-30
FDIC_25054_20260630,Corporate_Large,Large_D-SIB,US,33433000.0,0.0,33433000.0,1.0,1,12,0,False,False,False,1,BBB,0.65,0.02,0.4,0.24,SUMMIT NATIONAL BANK,2026-06-30,2026-06-30
FDIC_25093_20260630,Corporate_Large,Large_D-SIB,US,1926704000.0,0.0,1926704000.0,1.0,1,12,0,False,False,False,1,BBB,0.65,0.02,0.4,0.24,HABIB AMERICAN BANK,2026-06-30,2026-06-30
FDIC_25103_20260630,Corporate_Large,Large_D-SIB,US,3783056000.0,0.0,3783056000.0,1.0,1,12,0,False,False,False,1,BBB,0.65,0.02,0.4,0.24,CITY BANK,2026-06-30,2026-06-30
FDIC_25158_20260630,Corporate_Large,Large_D-SIB,US,459296000.0,0.0,459296000.0,1.0,1,12,0,False,False,False,1,BBB,0.65,0.02,0.4,0.24,FINANCE FACTORS LTD,2026-06-30,2026-06-30
FDIC_25173_20260630,Corporate_Large,Large_D-SIB,US,387740000.0,0.0,387740000.0,1.0,1,12,0,False,False,False,1,BBB,0.65,0.02,0.4,0.24,MEADE COUNTY BANK,2026-06-30,2026-06-30
FDIC_25178_20260630,Corporate_Large,Large_D-SIB,US,9438000000.0,0.0,9438000000.0,1.0,1,12,0,False,False,False,1,BBB,0.65,0.02,0.4,0.24,BANK OF AMERICA CA NA,2026-06-30,2026-06-30
FDIC_251_20260630,Corporate_Large,Large_D-SIB,US,32710000.0,0.0,32710000.0,1.0,1,12,0,False,False,False,1,BBB,0.65,0.02,0.4,0.24,FIRST SECURITY BANK,2026-06-30,2026-06-30
FDIC_25247_20260630,Corporate_Large,Large_D-SIB,US,544481000.0,0.0,544481000.0,1.0,1,12,0,False,False,False,1,BBB,0.65,0.02,0.4,0.24,FIRST NATIONAL BANKERS BANK,2026-06-30,2026-06-30
FDIC_25249_20260630,Corporate_Large,Large_D-SIB,US,602048000.0,0.0,602048000.0,1.0,1,12,0,False,False,False,1,BBB,0.65,0.02,0.4,0.24,C3BANK NATIONAL ASSN,2026-06-30,2026-06-30
FDIC_25258_20260630,Corporate_Large,Large_D-SIB,US,1141926000.0,0.0,1141926000.0,1.0,1,12,0,False,False,False,1,BBB,0.65,0.02,0.4,0.24,PIBANK NATIONAL ASSN,2026-06-30,2026-06-30
FDIC_25267_20260630,Corporate_Large,Large_D-SIB,US,288998000.0,0.0,288998000.0,1.0,1,12,0,False,False,False,1,BBB,0.65,0.02,0.4,0.24,TRUBANK,2026-06-30,2026-06-30
FDIC_25291_20260630,Corporate_Large,Large_D-SIB,US,456831000.0,0.0,456831000.0,1.0,1,12,0,False,False,False,1,BBB,0.65,0.02,0.4,0.24,BANK OF THE VALLEY,2026-06-30,2026-06-30
FDIC_252_20260630,Corporate_Large,Large_D-SIB,US,210077000.0,0.0,210077000.0,1.0,1,12,0,False,False,False,1,BBB,0.65,0.02,0.4,0.24,PINNACLE BANK,2026-06-30,2026-06-30
FDIC_25328_20260630,Corporate_Large,Large_D-SIB,US,151787000.0,0.0,151787000.0,1.0,1,12,0,False,False,False,1,BBB,0.65,0.02,0.4,0.24,BOC BANK,2026-06-30,2026-06-30
FDIC_253_20260630,Corporate_Large,Large_D-SIB,US,1861310000.0,0.0,1861310000.0,1.0,1,12,0,False,False,False,1,BBB,0.65,0.02,0.4,0.24,LUANA SAVINGS BANK,2026-06-30,2026-06-30
FDIC_254_20260630,Corporate_Large,Large_D-SIB,US,159736000.0,0.0,159736000.0,1.0,1,12,0,False,False,False,1,BBB,0.65,0.02,0.4,0.24,FIRST WHITNEY BANK&TRUST,2026-06-30,2026-06-30
FDIC_2496_20260630,Corporate_Large,Large_D-SIB,US,262462000.0,0.0,262462000.0,1.0,1,12,0,False,False,False,1,BBB,0.65,0.02,0.4,0.24,NATIONAL IRON BANK,2026-06-30,2026-06-30
FDIC_24961_20260630,Corporate_Large,Large_D-SIB,US,142761000.0,0.0,142761000.0,1.0,1,12,0,False,False,False,1,BBB,0.65,0.02,0.4,0.24,INTERNATIONAL BK OF COM,2026-06-30,2026-06-30
FDIC_26363_20260630,Corporate_Large,Large_D-SIB,US,317747000.0,0.0,317747000.0,1.0,1,12,0,False,False,False,1,BBB,0.65,0.02,0.4,0.24,COMMUNITY COMMERCE BANK,2026-06-30,2026-06-30
FDIC_24922_20260630,Corporate_Large,Large_D-SIB,US,287803000.0,0.0,287803000.0,1.0,1,12,0,False,False,False,1,BBB,0.65,0.02,0.4,0.24,GRAND VALLEY BANK,2026-06-30,2026-06-30
FDIC_245_20260630,Corporate_Large,Large_D-SIB,US,382331000.0,0.0,382331000.0,1.0,1,12,0,False,False,False,1,BBB,0.65,0.02,0.4,0.24,RACCOON VALLEY BANK,2026-06-30,2026-06-30
FDIC_24603_20260630,Corporate_Large,Large_D-SIB,US,303089000.0,0.0,303089000.0,1.0,1,12,0,False,False,False,1,BBB,0.65,0.02,0.4,0.24,FIRST COMMERCIAL BANK NA,2026-06-30,2026-06-30
FDIC_24677_20260630,Corporate_Large,Large_D-SIB,US,175678000.0,0.0,175678000.0,1.0,1,12,0,False,False,False,1,BBB,0.65,0.02,0.4,0.24,TRIAD BANK NATIONAL ASSN,2026-06-30,2026-06-30
FDIC_2467_20260630,Corporate_Large,Large_D-SIB,US,200904000.0,0.0,200904000.0,1.0,1,12,0,False,False,False,1,BBB,0.65,0.02,0.4,0.24,CITIZENS STATE BANK,2026-06-30,2026-06-30
FDIC_2468_20260630,Corporate_Large,Large_D-SIB,US,598498000.0,0.0,598498000.0,1.0,1,12,0,False,False,False,1,BBB,0.65,0.02,0.4,0.24,NORTHWESTERN BANK,2026-06-30,2026-06-30
FDIC_2469_20260630,Corporate_Large,Large_D-SIB,US,140479000.0,0.0,140479000.0,1.0,1,12,0,False,False,False,1,BBB,0.65,0.02,0.4,0.24,BADGER BANK,2026-06-30,2026-06-30
FDIC_2477_20260630,Corporate_Large,Large_D-SIB,US,233951000.0,0.0,233951000.0,1.0,1,12,0,False,False,False,1,BBB,0.65,0.02,0.4,0.24,BANK OF DEERFIELD,2026-06-30,2026-06-30
FDIC_24823_20260630,Corporate_Large,Large_D-SIB,US,1335651000.0,0.0,1335651000.0,1.0,1,12,0,False,False,False,1,BBB,0.65,0.02,0.4,0.24,INTERNATIONAL FINANCE BANK,2026-06-30,2026-06-30
FDIC_24829_20260630,Corporate_Large,Large_D-SIB,US,589112000.0,0.0,589112000.0,1.0,1,12,0,False,False,False,1,BBB,0.65,0.02,0.4,0.24,ATLANTIC CMTY BANKERS BANK,2026-06-30,2026-06-30
FDIC_2482_20260630,Corporate_Large,Large_D-SIB,US,183462000.0,0.0,183462000.0,1.0,1,12,0,False,False,False,1,BBB,0.65,0.02,0.4,0.24,NEKOOSA PORT EDWARDS STB,2026-06-30,2026-06-30
FDIC_24865_20260630,Corporate_Large,Large_D-SIB,US,74671000.0,0.0,74671000.0,1.0,1,12,0,False,False,False,1,BBB,0.65,0.02,0.4,0.24,FIRST NM BANK OF SILVER CITY,2026-06-30,2026-06-30
FDIC_24867_20260630,Corporate_Large,Large_D-SIB,US,6568000.0,0.0,6568000.0,1.0,1,12,0,False,False,False,1,BBB,0.65,0.02,0.4,0.24,BNY MELLON TRUST OF DELAWARE,2026-06-30,2026-06-30
FDIC_24897_20260630,Corporate_Large,Large_D-SIB,US,1587594000.0,0.0,1587594000.0,1.0,1,12,0,False,False,False,1,BBB,0.65,0.02,0.4,0.24,COMMUNITY NATIONAL BANK,2026-06-30,2026-06-30
FDIC_248_20260630,Corporate_Large,Large_D-SIB,US,235772000.0,0.0,235772000.0,1.0,1,12,0,False,False,False,1,BBB,0.65,0.02,0.4,0.24,STATE SAVINGS BANK,2026-06-30,2026-06-30
FDIC_24902_20260630,Corporate_Large,Large_D-SIB,US,39017000.0,0.0,39017000.0,1.0,1,12,0,False,False,False,1,BBB,0.65,0.02,0.4,0.24,FIRST NB OF S PADRE ISL,2026-06-30,2026-06-30
FDIC_24919_20260630,Corporate_Large,Large_D-SIB,US,700051000.0,0.0,700051000.0,1.0,1,12,0,False,False,False,1,BBB,0.65,0.02,0.4,0.24,UWHARRIE BANK,2026-06-30,2026-06-30
FDIC_24920_20260630,Corporate_Large,Large_D-SIB,US,3090578000.0,0.0,3090578000.0,1.0,1,12,0,False,False,False,1,BBB,0.65,0.02,0.4,0.24,WOORI AMERICA BANK,2026-06-30,2026-06-30
FDIC_25591_20260630,Corporate_Large,Large_D-SIB,US,37210000.0,0.0,37210000.0,1.0,1,12,0,False,False,False,1,BBB,0.65,0.02,0.4,0.24,CEDAR SECURITY BANK,2026-06-30,2026-06-30
FDIC_25620_20260630,Corporate_Large,Large_D-SIB,US,1974056000.0,0.0,1974056000.0,1.0,1,12,0,False,False,False,1,BBB,0.65,0.02,0.4,0.24,CREDIT ONE BANK NA,2026-06-30,2026-06-30
FDIC_25621_20260630,Corporate_Large,Large_D-SIB,US,500845000.0,0.0,500845000.0,1.0,1,12,0,False,False,False,1,BBB,0.65,0.02,0.4,0.24,SAGE CAPITAL BANK,2026-06-30,2026-06-30
FDIC_25644_20260630,Corporate_Large,Large_D-SIB,US,116424000.0,0.0,116424000.0,1.0,1,12,0,False,False,False,1,BBB,0.65,0.02,0.4,0.24,BEACON BUSINESS BANK NA,2026-06-30,2026-06-30
FDIC_2616_20260630,Corporate_Large,Large_D-SIB,US,112308000.0,0.0,112308000.0,1.0,1,12,0,False,False,False,1,BBB,0.65,0.02,0.4,0.24,MILLBURY NATIONAL BANK,2026-06-30,2026-06-30
FDIC_26181_20260630,Corporate_Large,Large_D-SIB,US,654932000.0,0.0,654932000.0,1.0,1,12,0,False,False,False,1,BBB,0.65,0.02,0.4,0.24,TEXAS NB OF JACKSONVILLE,2026-06-30,2026-06-30
FDIC_26185_20260630,Corporate_Large,Large_D-SIB,US,430016000.0,0.0,430016000.0,1.0,1,12,0,False,False,False,1,BBB,0.65,0.02,0.4,0.24,CHARTER WEST BANK,2026-06-30,2026-06-30
FDIC_26189_20260630,Corporate_Large,Large_D-SIB,US,129609000.0,0.0,129609000.0,1.0,1,12,0,False,False,False,1,BBB,0.65,0.02,0.4,0.24,HAVERFORD TRUST CO,2026-06-30,2026-06-30
FDIC_26217_20260630,Corporate_Large,Large_D-SIB,US,334196000.0,0.0,334196000.0,1.0,1,12,0,False,False,False,1,BBB,0.65,0.02,0.4,0.24,BANK OF COMMERCE,2026-06-30,2026-06-30
FDIC_26223_20260630,Corporate_Large,Large_D-SIB,US,1937542000.0,0.0,1937542000.0,1.0,1,12,0,False,False,False,1,BBB,0.65,0.02,0.4,0.24,GOLDEN BANK NATIONAL ASSN,2026-06-30,2026-06-30
FDIC_26228_20260630,Corporate_Large,Large_D-SIB,US,96546000.0,0.0,96546000.0,1.0,1,12,0,False,False,False,1,BBB,0.65,0.02,0.4,0.24,FIRST NB OF DUBLIN,2026-06-30,2026-06-30
FDIC_26260_20260630,Corporate_Large,Large_D-SIB,US,44608000.0,0.0,44608000.0,1.0,1,12,0,False,False,False,1,BBB,0.65,0.02,0.4,0.24,FIRST NB IN MARLOW,2026-06-30,2026-06-30
FDIC_26271_20260630,Corporate_Large,Large_D-SIB,US,236549000.0,0.0,236549000.0,1.0,1,12,0,False,False,False,1,BBB,0.65,0.02,0.4,0.24,HOME BANK OF CALIFORNIA,2026-06-30,2026-06-30
FDIC_26299_20260630,Corporate_Large,Large_D-SIB,US,975516000.0,0.0,975516000.0,1.0,1,12,0,False,False,False,1,BBB,0.65,0.02,0.4,0.24,PACIFIC NATIONAL BANK,2026-06-30,2026-06-30
FDIC_262_20260630,Corporate_Large,Large_D-SIB,US,215207000.0,0.0,215207000.0,1.0,1,12,0,False,False,False,1,BBB,0.65,0.02,0.4,0.24,CITIZENS BANK,2026-06-30,2026-06-30
FDIC_26323_20260630,Corporate_Large,Large_D-SIB,US,541595000.0,0.0,541595000.0,1.0,1,12,0,False,False,False,1,BBB,0.65,0.02,0.4,0.24,FLORIDA CAPITAL BANK NA,2026-06-30,2026-06-30
FDIC_26333_20260630,Corporate_Large,Large_D-SIB,US,910244000.0,0.0,910244000.0,1.0,1,12,0,False,False,False,1,BBB,0.65,0.02,0.4,0.24,GENESEE REGIONAL BANK,2026-06-30,2026-06-30
FDIC_26336_20260630,Corporate_Large,Large_D-SIB,US,1700100000.0,0.0,1700100000.0,1.0,1,12,0,False,False,False,1,BBB,0.65,0.02,0.4,0.24,VILLAGE BANK,2026-06-30,2026-06-30
FDIC_26342_20260630,Corporate_Large,Large_D-SIB,US,4386302000.0,0.0,4386302000.0,1.0,1,12,0,False,False,False,1,BBB,0.65,0.02,0.4,0.24,RBC BANK GEORGIA NA,2026-06-30,2026-06-30
FDIC_26351_20260630,Corporate_Large,Large_D-SIB,US,148457000.0,0.0,148457000.0,1.0,1,12,0,False,False,False,1,BBB,0.65,0.02,0.4,0.24,UNITY NB OF HOUSTON,2026-06-30,2026-06-30
FDIC_26358_20260630,Corporate_Large,Large_D-SIB,US,152849000.0,0.0,152849000.0,1.0,1,12,0,False,False,False,1,BBB,0.65,0.02,0.4,0.24,STATE BANK OF SOUTHWEST MO,2026-06-30,2026-06-30
FDIC_2608_20260630,Corporate_Large,Large_D-SIB,US,331049000.0,0.0,331049000.0,1.0,1,12,0,False,False,False,1,BBB,0.65,0.02,0.4,0.24,NATIONAL GRAND BK MARBLEHEAD,2026-06-30,2026-06-30
FDIC_26028_20260630,Corporate_Large,Large_D-SIB,US,396042000.0,0.0,396042000.0,1.0,1,12,0,False,False,False,1,BBB,0.65,0.02,0.4,0.24,BANK OF EAST ASIA LTD,2026-06-30,2026-06-30
FDIC_26021_20260630,Corporate_Large,Large_D-SIB,US,89917000.0,0.0,89917000.0,1.0,1,12,0,False,False,False,1,BBB,0.65,0.02,0.4,0.24,VALLEY STATE BANK,2026-06-30,2026-06-30
FDIC_25795_20260630,Corporate_Large,Large_D-SIB,US,296595000.0,0.0,296595000.0,1.0,1,12,0,False,False,False,1,BBB,0.65,0.02,0.4,0.24,PEOPLES BANK&TRUST,2026-06-30,2026-06-30
FDIC_25665_20260630,Corporate_Large,Large_D-SIB,US,384022000.0,0.0,384022000.0,1.0,1,12,0,False,False,False,1,BBB,0.65,0.02,0.4,0.24,COMMUNITY NATIONAL BANK,2026-06-30,2026-06-30
FDIC_25679_20260630,Corporate_Large,Large_D-SIB,US,1575434000.0,0.0,1575434000.0,1.0,1,12,0,False,False,False,1,BBB,0.65,0.02,0.4,0.24,INTERNATIONAL BK OF COM,2026-06-30,2026-06-30
FDIC_25703_20260630,Corporate_Large,Large_D-SIB,US,134970000.0,0.0,134970000.0,1.0,1,12,0,False,False,False,1,BBB,0.65,0.02,0.4,0.24,BANK OF WEST,2026-06-30,2026-06-30
FDIC_25726_20260630,Corporate_Large,Large_D-SIB,US,304508000.0,0.0,304508000.0,1.0,1,12,0,False,False,False,1,BBB,0.65,0.02,0.4,0.24,MURPHY BANK,2026-06-30,2026-06-30
FDIC_25738_20260630,Corporate_Large,Large_D-SIB,US,1207141000.0,0.0,1207141000.0,1.0,1,12,0,False,False,False,1,BBB,0.65,0.02,0.4,0.24,SOVEREIGN BANK,2026-06-30,2026-06-30
FDIC_25749_20260630,Corporate_Large,Large_D-SIB,US,101377000.0,0.0,101377000.0,1.0,1,12,0,False,False,False,1,BBB,0.65,0.02,0.4,0.24,EASTBANK NATIONAL ASSN,2026-06-30,2026-06-30
FDIC_25752_20260630,Corporate_Large,Large_D-SIB,US,248977000.0,0.0,248977000.0,1.0,1,12,0,False,False,False,1,BBB,0.65,0.02,0.4,0.24,COMMUNITY BANK,2026-06-30,2026-06-30
FDIC_25803_20260630,Corporate_Large,Large_D-SIB,US,110052000.0,0.0,110052000.0,1.0,1,12,0,False,False,False,1,BBB,0.65,0.02,0.4,0.24,HATCH BANK,2026-06-30,2026-06-30
FDIC_25927_20260630,Corporate_Large,Large_D-SIB,US,60546000.0,0.0,60546000.0,1.0,1,12,0,False,False,False,1,BBB,0.65,0.02,0.4,0.24,BANCO DE LA NACION ARGENTINA,2026-06-30,2026-06-30
FDIC_25849_20260630,Corporate_Large,Large_D-SIB,US,243703000.0,0.0,243703000.0,1.0,1,12,0,False,False,False,1,BBB,0.65,0.02,0.4,0.24,MIDWEST IND BANKERSBANK,2026-06-30,2026-06-30
FDIC_25858_20260630,Corporate_Large,Large_D-SIB,US,5408441000.0,0.0,5408441000.0,1.0,1,12,0,False,False,False,1,BBB,0.65,0.02,0.4,0.24,EQUITY BANK,2026-06-30,2026-06-30
FDIC_25869_20260630,Corporate_Large,Large_D-SIB,US,188654000.0,0.0,188654000.0,1.0,1,12,0,False,False,False,1,BBB,0.65,0.02,0.4,0.24,METROPOLITAN BANK,2026-06-30,2026-06-30
FDIC_25883_20260630,Corporate_Large,Large_D-SIB,US,459944000.0,0.0,459944000.0,1.0,1,12,0,False,False,False,1,BBB,0.65,0.02,0.4,0.24,FIRST EAGLE BANK,2026-06-30,2026-06-30
FDIC_25886_20260630,Corporate_Large,Large_D-SIB,US,850910000.0,0.0,850910000.0,1.0,1,12,0,False,False,False,1,BBB,0.65,0.02,0.4,0.24,RIO BANK,2026-06-30,2026-06-30
FDIC_25894_20260630,Corporate_Large,Large_D-SIB,US,367348000.0,0.0,367348000.0,1.0,1,12,0,False,False,False,1,BBB,0.65,0.02,0.4,0.24,FIRST NATIONAL BANK,2026-06-30,2026-06-30
FDIC_258_20260630,Corporate_Large,Large_D-SIB,US,7892011000.0,0.0,7892011000.0,1.0,1,12,0,False,False,False,1,BBB,0.65,0.02,0.4,0.24,STOCK YARDS BANK&TRUST CO,2026-06-30,2026-06-30
FDIC_22340_20260630,Corporate_Large,Large_D-SIB,US,355687000.0,0.0,355687000.0,1.0,1,12,0,False,False,False,1,BBB,0.65,0.02,0.4,0.24,PANHANDLE FIRST BANK,2026-06-30,2026-06-30
FDIC_2232_20260630,Corporate_Large,Large_D-SIB,US,935912000.0,0.0,935912000.0,1.0,1,12,0,False,False,False,1,BBB,0.65,0.02,0.4,0.24,PINNACLE BANK WYOMING,2026-06-30,2026-06-30
FDIC_2708_20260630,Corporate_Large,Large_D-SIB,US,157936000.0,0.0,157936000.0,1.0,1,12,0,False,False,False,1,BBB,0.65,0.02,0.4,0.24,FIRST NB OF MANCHESTER,2026-06-30,2026-06-30
FDIC_19184_20260630,Corporate_Large,Large_D-SIB,US,661978000.0,0.0,661978000.0,1.0,1,12,0,False,False,False,1,BBB,0.65,0.02,0.4,0.24,HILLTOP NATIONAL BANK,2026-06-30,2026-06-30
FDIC_19213_20260630,Corporate_Large,Large_D-SIB,US,1377229000.0,0.0,1377229000.0,1.0,1,12,0,False,False,False,1,BBB,0.65,0.02,0.4,0.24,SECURITY NB OF OMAHA,2026-06-30,2026-06-30
FDIC_19215_20260630,Corporate_Large,Large_D-SIB,US,1089314000.0,0.0,1089314000.0,1.0,1,12,0,False,False,False,1,BBB,0.65,0.02,0.4,0.24,BENCHMARK BANK,2026-06-30,2026-06-30
FDIC_19220_20260630,Corporate_Large,Large_D-SIB,US,1766732000.0,0.0,1766732000.0,1.0,1,12,0,False,False,False,1,BBB,0.65,0.02,0.4,0.24,ANB BANK,2026-06-30,2026-06-30
FDIC_19222_20260630,Corporate_Large,Large_D-SIB,US,4812070000.0,0.0,4812070000.0,1.0,1,12,0,False,False,False,1,BBB,0.65,0.02,0.4,0.24,FREMONT BANK,2026-06-30,2026-06-30
FDIC_19230_20260630,Corporate_Large,Large_D-SIB,US,33814000.0,0.0,33814000.0,1.0,1,12,0,False,False,False,1,BBB,0.65,0.02,0.4,0.24,COMMUNITY NB IN MONMOUTH,2026-06-30,2026-06-30
FDIC_19234_20260630,Corporate_Large,Large_D-SIB,US,249589000.0,0.0,249589000.0,1.0,1,12,0,False,False,False,1,BBB,0.65,0.02,0.4,0.24,AMERICAN BANK,2026-06-30,2026-06-30
FDIC_19254_20260630,Corporate_Large,Large_D-SIB,US,308182000.0,0.0,308182000.0,1.0,1,12,0,False,False,False,1,BBB,0.65,0.02,0.4,0.24,HERITAGE BANK NATIONAL ASSN,2026-06-30,2026-06-30
FDIC_19274_20260630,Corporate_Large,Large_D-SIB,US,311036000.0,0.0,311036000.0,1.0,1,12,0,False,False,False,1,BBB,0.65,0.02,0.4,0.24,BANNER CAPITAL BANK,2026-06-30,2026-06-30
FDIC_19278_20260630,Corporate_Large,Large_D-SIB,US,40188000.0,0.0,40188000.0,1.0,1,12,0,False,False,False,1,BBB,0.65,0.02,0.4,0.24,CARMINE STATE BANK,2026-06-30,2026-06-30
FDIC_19285_20260630,Corporate_Large,Large_D-SIB,US,181819000.0,0.0,181819000.0,1.0,1,12,0,False,False,False,1,BBB,0.65,0.02,0.4,0.24,LOGAN BANK&TRUST CO,2026-06-30,2026-06-30
FDIC_19288_20260630,Corporate_Large,Large_D-SIB,US,847387000.0,0.0,847387000.0,1.0,1,12,0,False,False,False,1,BBB,0.65,0.02,0.4,0.24,FIRSTAR BANK,2026-06-30,2026-06-30
FDIC_1929_20260630,Corporate_Large,Large_D-SIB,US,43125000.0,0.0,43125000.0,1.0,1,12,0,False,False,False,1,BBB,0.65,0.02,0.4,0.24,FARMERS STB OF TRIMONT,2026-06-30,2026-06-30
FDIC_1931_20260630,Corporate_Large,Large_D-SIB,US,118017000.0,0.0,118017000.0,1.0,1,12,0,False,False,False,1,BBB,0.65,0.02,0.4,0.24,NEW MARKET BANK,2026-06-30,2026-06-30
FDIC_19333_20260630,Corporate_Large,Large_D-SIB,US,1676784000.0,0.0,1676784000.0,1.0,1,12,0,False,False,False,1,BBB,0.65,0.02,0.4,0.24,REPUBLIC BANK OF CHICAGO,2026-06-30,2026-06-30
FDIC_1933_20260630,Corporate_Large,Large_D-SIB,US,71126000.0,0.0,71126000.0,1.0,1,12,0,False,False,False,1,BBB,0.65,0.02,0.4,0.24,CITIZENS STB NORWOOD YOUNG A,2026-06-30,2026-06-30
FDIC_19351_20260630,Corporate_Large,Large_D-SIB,US,97024000.0,0.0,97024000.0,1.0,1,12,0,False,False,False,1,BBB,0.65,0.02,0.4,0.24,BANK OF ESTES PARK,2026-06-30,2026-06-30
FDIC_19354_20260630,Corporate_Large,Large_D-SIB,US,86816000.0,0.0,86816000.0,1.0,1,12,0,False,False,False,1,BBB,0.65,0.02,0.4,0.24,HODGE BANK&TRUST CO,2026-06-30,2026-06-30
FDIC_19212_20260630,Corporate_Large,Large_D-SIB,US,634210000.0,0.0,634210000.0,1.0,1,12,0,False,False,False,1,BBB,0.65,0.02,0.4,0.24,FIRST MW BANK OF THE OZARKS,2026-06-30,2026-06-30
FDIC_19163_20260630,Corporate_Large,Large_D-SIB,US,421375000.0,0.0,421375000.0,1.0,1,12,0,False,False,False,1,BBB,0.65,0.02,0.4,0.24,FIRST STATE BANK,2026-06-30,2026-06-30
FDIC_1936_20260630,Corporate_Large,Large_D-SIB,US,233258000.0,0.0,233258000.0,1.0,1,12,0,False,False,False,1,BBB,0.65,0.02,0.4,0.24,COMMUNITY STB OF MISSOURI,2026-06-30,2026-06-30
FDIC_19143_20260630,Corporate_Large,Large_D-SIB,US,517203000.0,0.0,517203000.0,1.0,1,12,0,False,False,False,1,BBB,0.65,0.02,0.4,0.24,UNITED COMMUNITY BANK,2026-06-30,2026-06-30
FDIC_18983_20260630,Corporate_Large,Large_D-SIB,US,4608741000.0,0.0,4608741000.0,1.0,1,12,0,False,False,False,1,BBB,0.65,0.02,0.4,0.24,RIVER CITY BANK,2026-06-30,2026-06-30
FDIC_19001_20260630,Corporate_Large,Large_D-SIB,US,564883000.0,0.0,564883000.0,1.0,1,12,0,False,False,False,1,BBB,0.65,0.02,0.4,0.24,FIRST MIDWEST BANK OF DEXTER,2026-06-30,2026-06-30
FDIC_19008_20260630,Corporate_Large,Large_D-SIB,US,2926195000.0,0.0,2926195000.0,1.0,1,12,0,False,False,False,1,BBB,0.65,0.02,0.4,0.24,PARKWAY BANK&TRUST CO,2026-06-30,2026-06-30
FDIC_1900_20260630,Corporate_Large,Large_D-SIB,US,443399000.0,0.0,443399000.0,1.0,1,12,0,False,False,False,1,BBB,0.65,0.02,0.4,0.24,FIRST INDEPENDENT BANK,2026-06-30,2026-06-30
FDIC_19011_20260630,Corporate_Large,Large_D-SIB,US,234363000.0,0.0,234363000.0,1.0,1,12,0,False,False,False,1,BBB,0.65,0.02,0.4,0.24,LEGACY BANK,2026-06-30,2026-06-30
FDIC_19024_20260630,Corporate_Large,Large_D-SIB,US,250717000.0,0.0,250717000.0,1.0,1,12,0,False,False,False,1,BBB,0.65,0.02,0.4,0.24,COMMERCIAL NB OF TEXARKANA,2026-06-30,2026-06-30
FDIC_1903_20260630,Corporate_Large,Large_D-SIB,US,99528000.0,0.0,99528000.0,1.0,1,12,0,False,False,False,1,BBB,0.65,0.02,0.4,0.24,ST CLAIR STATE BANK INC,2026-06-30,2026-06-30
FDIC_1905_20260630,Corporate_Large,Large_D-SIB,US,393944000.0,0.0,393944000.0,1.0,1,12,0,False,False,False,1,BBB,0.65,0.02,0.4,0.24,PROFINIUM INC,2026-06-30,2026-06-30
FDIC_1906_20260630,Corporate_Large,Large_D-SIB,US,63859000.0,0.0,63859000.0,1.0,1,12,0,False,False,False,1,BBB,0.65,0.02,0.4,0.24,TRIUMPH STATE BANK,2026-06-30,2026-06-30
FDIC_19070_20260630,Corporate_Large,Large_D-SIB,US,249157000.0,0.0,249157000.0,1.0,1,12,0,False,False,False,1,BBB,0.65,0.02,0.4,0.24,FIRST NB OF CLARKSDALE,2026-06-30,2026-06-30
FDIC_19080_20260630,Corporate_Large,Large_D-SIB,US,2481501000.0,0.0,2481501000.0,1.0,1,12,0,False,False,False,1,BBB,0.65,0.02,0.4,0.24,INWOOD NATIONAL BANK,2026-06-30,2026-06-30
FDIC_19087_20260630,Corporate_Large,Large_D-SIB,US,78921000.0,0.0,78921000.0,1.0,1,12,0,False,False,False,1,BBB,0.65,0.02,0.4,0.24,BANK OF LINDSAY,2026-06-30,2026-06-30
FDIC_1908_20260630,Corporate_Large,Large_D-SIB,US,138710000.0,0.0,138710000.0,1.0,1,12,0,False,False,False,1,BBB,0.65,0.02,0.4,0.24,WANDA STATE BANK,2026-06-30,2026-06-30
FDIC_19101_20260630,Corporate_Large,Large_D-SIB,US,584130000.0,0.0,584130000.0,1.0,1,12,0,False,False,False,1,BBB,0.65,0.02,0.4,0.24,HARFORD BANK,2026-06-30,2026-06-30
FDIC_19105_20260630,Corporate_Large,Large_D-SIB,US,6467000.0,0.0,6467000.0,1.0,1,12,0,False,False,False,1,BBB,0.65,0.02,0.4,0.24,PEOPLES BANK OF MACON,2026-06-30,2026-06-30
FDIC_19123_20260630,Corporate_Large,Large_D-SIB,US,1918028000.0,0.0,1918028000.0,1.0,1,12,0,False,False,False,1,BBB,0.65,0.02,0.4,0.24,FIRST WESTERN BANK&TRUST,2026-06-30,2026-06-30
FDIC_1913_20260630,Corporate_Large,Large_D-SIB,US,131564000.0,0.0,131564000.0,1.0,1,12,0,False,False,False,1,BBB,0.65,0.02,0.4,0.24,CASTLE ROCK BANK,2026-06-30,2026-06-30
FDIC_19358_20260630,Corporate_Large,Large_D-SIB,US,599597000.0,0.0,599597000.0,1.0,1,12,0,False,False,False,1,BBB,0.65,0.02,0.4,0.24,ROUND TOP STATE BANK,2026-06-30,2026-06-30
FDIC_19371_20260630,Corporate_Large,Large_D-SIB,US,1131359000.0,0.0,1131359000.0,1.0,1,12,0,False,False,False,1,BBB,0.65,0.02,0.4,0.24,RELYANCE BANK,2026-06-30,2026-06-30
FDIC_18942_20260630,Corporate_Large,Large_D-SIB,US,12394000.0,0.0,12394000.0,1.0,1,12,0,False,False,False,1,BBB,0.65,0.02,0.4,0.24,BK SAN JACINTO CNTY COLDSPRI,2026-06-30,2026-06-30
FDIC_19544_20260630,Corporate_Large,Large_D-SIB,US,128142000.0,0.0,128142000.0,1.0,1,12,0,False,False,False,1,BBB,0.65,0.02,0.4,0.24,MADISON VALLEY BANK,2026-06-30,2026-06-30
FDIC_1956_20260630,Corporate_Large,Large_D-SIB,US,204481000.0,0.0,204481000.0,1.0,1,12,0,False,False,False,1,BBB,0.65,0.02,0.4,0.24,CITIZENS BANK OF ELDON,2026-06-30,2026-06-30
FDIC_19573_20260630,Corporate_Large,Large_D-SIB,US,2329978000.0,0.0,2329978000.0,1.0,1,12,0,False,False,False,1,BBB,0.65,0.02,0.4,0.24,LAKESIDE BANK,2026-06-30,2026-06-30
FDIC_19581_20260630,Corporate_Large,Large_D-SIB,US,13227795000.0,0.0,13227795000.0,1.0,1,12,0,False,False,False,1,BBB,0.65,0.02,0.4,0.24,BELL BANK,2026-06-30,2026-06-30
FDIC_19589_20260630,Corporate_Large,Large_D-SIB,US,72860000.0,0.0,72860000.0,1.0,1,12,0,False,False,False,1,BBB,0.65,0.02,0.4,0.24,NORTHERN STB OF VIRGINIA,2026-06-30,2026-06-30
FDIC_19590_20260630,Corporate_Large,Large_D-SIB,US,246356000.0,0.0,246356000.0,1.0,1,12,0,False,False,False,1,BBB,0.65,0.02,0.4,0.24,ALTAMAHA BANK&TRUST CO,2026-06-30,2026-06-30
FDIC_19595_20260630,Corporate_Large,Large_D-SIB,US,44641000.0,0.0,44641000.0,1.0,1,12,0,False,False,False,1,BBB,0.65,0.02,0.4,0.24,COMMERCIAL BANK,2026-06-30,2026-06-30
FDIC_19600_20260630,Corporate_Large,Large_D-SIB,US,2490198000.0,0.0,2490198000.0,1.0,1,12,0,False,False,False,1,BBB,0.65,0.02,0.4,0.24,ACADEMY BANK NATIONAL ASSN,2026-06-30,2026-06-30
FDIC_19603_20260630,Corporate_Large,Large_D-SIB,US,699373000.0,0.0,699373000.0,1.0,1,12,0,False,False,False,1,BBB,0.65,0.02,0.4,0.24,HOMETOWN BANK NATIONAL ASSN,2026-06-30,2026-06-30
FDIC_19608_20260630,Corporate_Large,Large_D-SIB,US,1306645000.0,0.0,1306645000.0,1.0,1,12,0,False,False,False,1,BBB,0.65,0.02,0.4,0.24,PARK BANK,2026-06-30,2026-06-30
FDIC_19629_20260630,Corporate_Large,Large_D-SIB,US,7224540000.0,0.0,7224540000.0,1.0,1,12,0,False,False,False,1,BBB,0.65,0.02,0.4,0.24,INTERNATIONAL BK OF COM,2026-06-30,2026-06-30
FDIC_19638_20260630,Corporate_Large,Large_D-SIB,US,332667000.0,0.0,332667000.0,1.0,1,12,0,False,False,False,1,BBB,0.65,0.02,0.4,0.24,GUARANTY B&T CO OF DELHI LA,2026-06-30,2026-06-30
FDIC_19644_20260630,Corporate_Large,Large_D-SIB,US,257017000.0,0.0,257017000.0,1.0,1,12,0,False,False,False,1,BBB,0.65,0.02,0.4,0.24,FIDELITY BANK,2026-06-30,2026-06-30
FDIC_1964_20260630,Corporate_Large,Large_D-SIB,US,205191000.0,0.0,205191000.0,1.0,1,12,0,False,False,False,1,BBB,0.65,0.02,0.4,0.24,LAMAR BANK&TRUST CO,2026-06-30,2026-06-30
FDIC_19674_20260630,Corporate_Large,Large_D-SIB,US,217864000.0,0.0,217864000.0,1.0,1,12,0,False,False,False,1,BBB,0.65,0.02,0.4,0.24,CITIZENS BANK OF WESTON,2026-06-30,2026-06-30
FDIC_19679_20260630,Corporate_Large,Large_D-SIB,US,191116000.0,0.0,191116000.0,1.0,1,12,0,False,False,False,1,BBB,0.65,0.02,0.4,0.24,CITIZENS BANK OF ADA,2026-06-30,2026-06-30
FDIC_19680_20260630,Corporate_Large,Large_D-SIB,US,33120000.0,0.0,33120000.0,1.0,1,12,0,False,False,False,1,BBB,0.65,0.02,0.4,0.24,SECURITY STATE BANK,2026-06-30,2026-06-30
FDIC_19681_20260630,Corporate_Large,Large_D-SIB,US,267890000.0,0.0,267890000.0,1.0,1,12,0,False,False,False,1,BBB,0.65,0.02,0.4,0.24,COMMUNITY BK OF PARKERSBURG,2026-06-30,2026-06-30
FDIC_19559_20260630,Corporate_Large,Large_D-SIB,US,2138750000.0,0.0,2138750000.0,1.0,1,12,0,False,False,False,1,BBB,0.65,0.02,0.4,0.24,TEXASBANK,2026-06-30,2026-06-30
FDIC_19540_20260630,Corporate_Large,Large_D-SIB,US,208750000.0,0.0,208750000.0,1.0,1,12,0,False,False,False,1,BBB,0.65,0.02,0.4,0.24,PIONEER BANK,2026-06-30,2026-06-30
FDIC_1937_20260630,Corporate_Large,Large_D-SIB,US,43305000.0,0.0,43305000.0,1.0,1,12,0,False,False,False,1,BBB,0.65,0.02,0.4,0.24,BANK OF CROCKER,2026-06-30,2026-06-30
FDIC_19532_20260630,Corporate_Large,Large_D-SIB,US,616695000.0,0.0,616695000.0,1.0,1,12,0,False,False,False,1,BBB,0.65,0.02,0.4,0.24,SKOWHEGAN SAVINGS BANK,2026-06-30,2026-06-30
FDIC_19381_20260630,Corporate_Large,Large_D-SIB,US,111746000.0,0.0,111746000.0,1.0,1,12,0,False,False,False,1,BBB,0.65,0.02,0.4,0.24,PARK STATE BANK&TRUST,2026-06-30,2026-06-30
FDIC_19396_20260630,Corporate_Large,Large_D-SIB,US,448204000.0,0.0,448204000.0,1.0,1,12,0,False,False,False,1,BBB,0.65,0.02,0.4,0.24,UNISON BANK,2026-06-30,2026-06-30
FDIC_19401_20260630,Corporate_Large,Large_D-SIB,US,591670000.0,0.0,591670000.0,1.0,1,12,0,False,False,False,1,BBB,0.65,0.02,0.4,0.24,CAPITAL BANK,2026-06-30,2026-06-30
FDIC_19416_20260630,Corporate_Large,Large_D-SIB,US,4424329000.0,0.0,4424329000.0,1.0,1,12,0,False,False,False,1,BBB,0.65,0.02,0.4,0.24,CTBC BANK CORP USA,2026-06-30,2026-06-30
FDIC_19420_20260630,Corporate_Large,Large_D-SIB,US,303777000.0,0.0,303777000.0,1.0,1,12,0,False,False,False,1,BBB,0.65,0.02,0.4,0.24,CITIZENS BANK OF THE SOUTH,2026-06-30,2026-06-30
FDIC_19434_20260630,Corporate_Large,Large_D-SIB,US,458843000.0,0.0,458843000.0,1.0,1,12,0,False,False,False,1,BBB,0.65,0.02,0.4,0.24,BAC COMMUNITY BANK,2026-06-30,2026-06-30
FDIC_19440_20260630,Corporate_Large,Large_D-SIB,US,133233000.0,0.0,133233000.0,1.0,1,12,0,False,False,False,1,BBB,0.65,0.02,0.4,0.24,FIRST FINANCIAL BANK,2026-06-30,2026-06-30
FDIC_19448_20260630,Corporate_Large,Large_D-SIB,US,552976000.0,0.0,552976000.0,1.0,1,12,0,False,False,False,1,BBB,0.65,0.02,0.4,0.24,BNA BANK,2026-06-30,2026-06-30
FDIC_19459_20260630,Corporate_Large,Large_D-SIB,US,2671647000.0,0.0,2671647000.0,1.0,1,12,0,False,False,False,1,BBB,0.65,0.02,0.4,0.24,UNITED COMMUNITY BANK,2026-06-30,2026-06-30
FDIC_1945_20260630,Corporate_Large,Large_D-SIB,US,76315000.0,0.0,76315000.0,1.0,1,12,0,False,False,False,1,BBB,0.65,0.02,0.4,0.24,METZ BANKING CO,2026-06-30,2026-06-30
FDIC_1946_20260630,Corporate_Large,Large_D-SIB,US,206262000.0,0.0,206262000.0,1.0,1,12,0,False,False,False,1,BBB,0.65,0.02,0.4,0.24,ALLIANT BANK,2026-06-30,2026-06-30
FDIC_19482_20260630,Corporate_Large,Large_D-SIB,US,938601000.0,0.0,938601000.0,1.0,1,12,0,False,False,False,1,BBB,0.65,0.02,0.4,0.24,CONSUMERS NATIONAL BANK,2026-06-30,2026-06-30
FDIC_19502_20260630,Corporate_Large,Large_D-SIB,US,715083000.0,0.0,715083000.0,1.0,1,12,0,False,False,False,1,BBB,0.65,0.02,0.4,0.24,FIRST NB OF TENNESSEE,2026-06-30,2026-06-30
FDIC_19506_20260630,Corporate_Large,Large_D-SIB,US,1720349000.0,0.0,1720349000.0,1.0,1,12,0,False,False,False,1,BBB,0.65,0.02,0.4,0.24,BANK OF SPRINGFIELD,2026-06-30,2026-06-30
FDIC_19512_20260630,Corporate_Large,Large_D-SIB,US,808179000.0,0.0,808179000.0,1.0,1,12,0,False,False,False,1,BBB,0.65,0.02,0.4,0.24,ROYAL BANKS OF MISSOURI,2026-06-30,2026-06-30
FDIC_19525_20260630,Corporate_Large,Large_D-SIB,US,291444000.0,0.0,291444000.0,1.0,1,12,0,False,False,False,1,BBB,0.65,0.02,0.4,0.24,MT MCKINLEY BANK,2026-06-30,2026-06-30
FDIC_19531_20260630,Corporate_Large,Large_D-SIB,US,2252909000.0,0.0,2252909000.0,1.0,1,12,0,False,False,False,1,BBB,0.65,0.02,0.4,0.24,MACHIAS SAVINGS BANK,2026-06-30,2026-06-30
FDIC_1895_20260630,Corporate_Large,Large_D-SIB,US,642595000.0,0.0,642595000.0,1.0,1,12,0,False,False,False,1,BBB,0.65,0.02,0.4,0.24,FARMERS&MERCHANTS BANK,2026-06-30,2026-06-30
FDIC_18937_20260630,Corporate_Large,Large_D-SIB,US,13357000.0,0.0,13357000.0,1.0,1,12,0,False,False,False,1,BBB,0.65,0.02,0.4,0.24,ST MARTIN NATIONAL BANK,2026-06-30,2026-06-30
FDIC_22319_20260630,Corporate_Large,Large_D-SIB,US,1478685000.0,0.0,1478685000.0,1.0,1,12,0,False,False,False,1,BBB,0.65,0.02,0.4,0.24,LEGACY BANK&TRUST CO,2026-06-30,2026-06-30
FDIC_18409_20260630,Corporate_Large,Large_D-SIB,US,165364979000.0,0.0,165364979000.0,1.0,1,12,0,False,False,False,1,BBB,0.65,0.02,0.4,0.24,TD BANK NATIONAL ASSN,2026-06-30,2026-06-30
FDIC_18431_20260630,Corporate_Large,Large_D-SIB,US,420103000.0,0.0,420103000.0,1.0,1,12,0,False,False,False,1,BBB,0.65,0.02,0.4,0.24,FIRST BANK KANSAS,2026-06-30,2026-06-30
FDIC_1843_20260630,Corporate_Large,Large_D-SIB,US,142137000.0,0.0,142137000.0,1.0,1,12,0,False,False,False,1,BBB,0.65,0.02,0.4,0.24,FARMERS&MERCHANTS BANK,2026-06-30,2026-06-30
FDIC_18443_20260630,Corporate_Large,Large_D-SIB,US,643150000.0,0.0,643150000.0,1.0,1,12,0,False,False,False,1,BBB,0.65,0.02,0.4,0.24,CUSB BANK,2026-06-30,2026-06-30
FDIC_18448_20260630,Corporate_Large,Large_D-SIB,US,54433000.0,0.0,54433000.0,1.0,1,12,0,False,False,False,1,BBB,0.65,0.02,0.4,0.24,SECURITY STATE BANK,2026-06-30,2026-06-30
FDIC_18454_20260630,Corporate_Large,Large_D-SIB,US,36240000.0,0.0,36240000.0,1.0,1,12,0,False,False,False,1,BBB,0.65,0.02,0.4,0.24,ZAPATA NATIONAL BANK,2026-06-30,2026-06-30
FDIC_18463_20260630,Corporate_Large,Large_D-SIB,US,259204000.0,0.0,259204000.0,1.0,1,12,0,False,False,False,1,BBB,0.65,0.02,0.4,0.24,GREATAMERICA BANK NA,2026-06-30,2026-06-30
FDIC_18474_20260630,Corporate_Large,Large_D-SIB,US,135194000.0,0.0,135194000.0,1.0,1,12,0,False,False,False,1,BBB,0.65,0.02,0.4,0.24,FIRST KANSAS BANK,2026-06-30,2026-06-30
FDIC_1847_20260630,Corporate_Large,Large_D-SIB,US,356572000.0,0.0,356572000.0,1.0,1,12,0,False,False,False,1,BBB,0.65,0.02,0.4,0.24,BIPPUS STATE BANK,2026-06-30,2026-06-30
FDIC_18483_20260630,Corporate_Large,Large_D-SIB,US,11090000.0,0.0,11090000.0,1.0,1,12,0,False,False,False,1,BBB,0.65,0.02,0.4,0.24,ANDES STATE BANK,2026-06-30,2026-06-30
FDIC_18489_20260630,Corporate_Large,Large_D-SIB,US,916775000.0,0.0,916775000.0,1.0,1,12,0,False,False,False,1,BBB,0.65,0.02,0.4,0.24,ADAMS BANK&TRUST,2026-06-30,2026-06-30
FDIC_1849_20260630,Corporate_Large,Large_D-SIB,US,203891000.0,0.0,203891000.0,1.0,1,12,0,False,False,False,1,BBB,0.65,0.02,0.4,0.24,WAYNE BANK&TRUST CO,2026-06-30,2026-06-30
FDIC_18503_20260630,Corporate_Large,Large_D-SIB,US,20613301000.0,0.0,20613301000.0,1.0,1,12,0,False,False,False,1,BBB,0.65,0.02,0.4,0.24,CATHAY BANK,2026-06-30,2026-06-30
FDIC_18508_20260630,Corporate_Large,Large_D-SIB,US,62224000.0,0.0,62224000.0,1.0,1,12,0,False,False,False,1,BBB,0.65,0.02,0.4,0.24,FIRST SECURITY STATE BANK,2026-06-30,2026-06-30
FDIC_18514_20260630,Corporate_Large,Large_D-SIB,US,123878000.0,0.0,123878000.0,1.0,1,12,0,False,False,False,1,BBB,0.65,0.02,0.4,0.24,FIRST NEW MEXICO BANK,2026-06-30,2026-06-30
FDIC_18518_20260630,Corporate_Large,Large_D-SIB,US,235190000.0,0.0,235190000.0,1.0,1,12,0,False,False,False,1,BBB,0.65,0.02,0.4,0.24,WESTSIDE STATE BANK,2026-06-30,2026-06-30
FDIC_18519_20260630,Corporate_Large,Large_D-SIB,US,888863000.0,0.0,888863000.0,1.0,1,12,0,False,False,False,1,BBB,0.65,0.02,0.4,0.24,FIRST SERVICE BANK,2026-06-30,2026-06-30
FDIC_1852_20260630,Corporate_Large,Large_D-SIB,US,347350000.0,0.0,347350000.0,1.0,1,12,0,False,False,False,1,BBB,0.65,0.02,0.4,0.24,FIRST SECURITY BANK&TRUST CO,2026-06-30,2026-06-30
FDIC_18429_20260630,Corporate_Large,Large_D-SIB,US,3540715000.0,0.0,3540715000.0,1.0,1,12,0,False,False,False,1,BBB,0.65,0.02,0.4,0.24,MORTON COMMUNITY BANK,2026-06-30,2026-06-30
FDIC_18408_20260630,Corporate_Large,Large_D-SIB,US,5243659000.0,0.0,5243659000.0,1.0,1,12,0,False,False,False,1,BBB,0.65,0.02,0.4,0.24,BANGOR SAVINGS BANK,2026-06-30,2026-06-30
FDIC_18564_20260630,Corporate_Large,Large_D-SIB,US,396715000.0,0.0,396715000.0,1.0,1,12,0,False,False,False,1,BBB,0.65,0.02,0.4,0.24,FIRST NB OF BROOKFIELD,2026-06-30,2026-06-30
FDIC_18402_20260630,Corporate_Large,Large_D-SIB,US,1267783000.0,0.0,1267783000.0,1.0,1,12,0,False,False,False,1,BBB,0.65,0.02,0.4,0.24,BLACKHAWK BANK&TRUST,2026-06-30,2026-06-30
FDIC_18302_20260630,Corporate_Large,Large_D-SIB,US,26040000.0,0.0,26040000.0,1.0,1,12,0,False,False,False,1,BBB,0.65,0.02,0.4,0.24,PRODUCER BANK OF TEXAS,2026-06-30,2026-06-30
FDIC_1833_20260630,Corporate_Large,Large_D-SIB,US,709790000.0,0.0,709790000.0,1.0,1,12,0,False,False,False,1,BBB,0.65,0.02,0.4,0.24,STATE BANK,2026-06-30,2026-06-30
FDIC_18342_20260630,Corporate_Large,Large_D-SIB,US,40000.0,0.0,40000.0,1.0,1,12,0,False,False,False,1,BBB,0.65,0.02,0.4,0.24,BOSTON TRUST WALDEN NA,2026-06-30,2026-06-30
FDIC_18344_20260630,Corporate_Large,Large_D-SIB,US,859679000.0,0.0,859679000.0,1.0,1,12,0,False,False,False,1,BBB,0.65,0.02,0.4,0.24,UBANK,2026-06-30,2026-06-30
FDIC_18355_20260630,Corporate_Large,Large_D-SIB,US,1262113000.0,0.0,1262113000.0,1.0,1,12,0,False,False,False,1,BBB,0.65,0.02,0.4,0.24,NORTH DALLAS BANK&TRUST CO,2026-06-30,2026-06-30
FDIC_18356_20260630,Corporate_Large,Large_D-SIB,US,131645000.0,0.0,131645000.0,1.0,1,12,0,False,False,False,1,BBB,0.65,0.02,0.4,0.24,CITIZENS STATE BANK,2026-06-30,2026-06-30
FDIC_18361_20260630,Corporate_Large,Large_D-SIB,US,400338000.0,0.0,400338000.0,1.0,1,12,0,False,False,False,1,BBB,0.65,0.02,0.4,0.24,COULEE BANK,2026-06-30,2026-06-30
FDIC_18374_20260630,Corporate_Large,Large_D-SIB,US,761040000.0,0.0,761040000.0,1.0,1,12,0,False,False,False,1,BBB,0.65,0.02,0.4,0.24,SECURITY STATE BANK,2026-06-30,2026-06-30
FDIC_18378_20260630,Corporate_Large,Large_D-SIB,US,95006000.0,0.0,95006000.0,1.0,1,12,0,False,False,False,1,BBB,0.65,0.02,0.4,0.24,SECURITY STB OF WANAMINGO,2026-06-30,2026-06-30
FDIC_18380_20260630,Corporate_Large,Large_D-SIB,US,73920000.0,0.0,73920000.0,1.0,1,12,0,False,False,False,1,BBB,0.65,0.02,0.4,0.24,FIRST INDEPENDENT BANK,2026-06-30,2026-06-30
FDIC_18384_20260630,Corporate_Large,Large_D-SIB,US,271874000.0,0.0,271874000.0,1.0,1,12,0,False,False,False,1,BBB,0.65,0.02,0.4,0.24,NORTHEAST SECURITY BANK,2026-06-30,2026-06-30
FDIC_18385_20260630,Corporate_Large,Large_D-SIB,US,468130000.0,0.0,468130000.0,1.0,1,12,0,False,False,False,1,BBB,0.65,0.02,0.4,0.24,REGIONAL MISSOURI BANK,2026-06-30,2026-06-30
FDIC_18389_20260630,Corporate_Large,Large_D-SIB,US,503044000.0,0.0,503044000.0,1.0,1,12,0,False,False,False,1,BBB,0.65,0.02,0.4,0.24,WESTERN COMMERCE BANK,2026-06-30,2026-06-30
FDIC_18394_20260630,Corporate_Large,Large_D-SIB,US,102734000.0,0.0,102734000.0,1.0,1,12,0,False,False,False,1,BBB,0.65,0.02,0.4,0.24,FARMERS SAVINGS BANK,2026-06-30,2026-06-30
FDIC_1839_20260630,Corporate_Large,Large_D-SIB,US,95849000.0,0.0,95849000.0,1.0,1,12,0,False,False,False,1,BBB,0.65,0.02,0.4,0.24,COMMUNITY STATE BANK,2026-06-30,2026-06-30
FDIC_183_20260630,Corporate_Large,Large_D-SIB,US,53234000.0,0.0,53234000.0,1.0,1,12,0,False,False,False,1,BBB,0.65,0.02,0.4,0.24,MERCHANTS&CITIZENS BANK,2026-06-30,2026-06-30
FDIC_18400_20260630,Corporate_Large,Large_D-SIB,US,371305000.0,0.0,371305000.0,1.0,1,12,0,False,False,False,1,BBB,0.65,0.02,0.4,0.24,IOWA TRUST&SAVINGS BANK,2026-06-30,2026-06-30
FDIC_18561_20260630,Corporate_Large,Large_D-SIB,US,1806626000.0,0.0,1806626000.0,1.0,1,12,0,False,False,False,1,BBB,0.65,0.02,0.4,0.24,SUNRISE BANKS NATIONAL ASSN,2026-06-30,2026-06-30
FDIC_18566_20260630,Corporate_Large,Large_D-SIB,US,170594000.0,0.0,170594000.0,1.0,1,12,0,False,False,False,1,BBB,0.65,0.02,0.4,0.24,PEOPLES BK OF KANKAKEE CNTY,2026-06-30,2026-06-30
FDIC_18930_20260630,Corporate_Large,Large_D-SIB,US,68485000.0,0.0,68485000.0,1.0,1,12,0,False,False,False,1,BBB,0.65,0.02,0.4,0.24,BANK OF BELLE GLADE,2026-06-30,2026-06-30
FDIC_18719_20260630,Corporate_Large,Large_D-SIB,US,55587000.0,0.0,55587000.0,1.0,1,12,0,False,False,False,1,BBB,0.65,0.02,0.4,0.24,GRAND TIMBER BANK,2026-06-30,2026-06-30
FDIC_18734_20260630,Corporate_Large,Large_D-SIB,US,2050764000.0,0.0,2050764000.0,1.0,1,12,0,False,False,False,1,BBB,0.65,0.02,0.4,0.24,NEWTEK BANK NATIONAL ASSN,2026-06-30,2026-06-30
FDIC_18740_20260630,Corporate_Large,Large_D-SIB,US,652080000.0,0.0,652080000.0,1.0,1,12,0,False,False,False,1,BBB,0.65,0.02,0.4,0.24,HEARTLAND BANK,2026-06-30,2026-06-30
FDIC_18748_20260630,Corporate_Large,Large_D-SIB,US,495156000.0,0.0,495156000.0,1.0,1,12,0,False,False,False,1,BBB,0.65,0.02,0.4,0.24,BRUNING BANK,2026-06-30,2026-06-30
FDIC_1874_20260630,Corporate_Large,Large_D-SIB,US,366149000.0,0.0,366149000.0,1.0,1,12,0,False,False,False,1,BBB,0.65,0.02,0.4,0.24,BANK OF LABOR,2026-06-30,2026-06-30
FDIC_18761_20260630,Corporate_Large,Large_D-SIB,US,131745000.0,0.0,131745000.0,1.0,1,12,0,False,False,False,1,BBB,0.65,0.02,0.4,0.24,FOUNDATION ONE BANK,2026-06-30,2026-06-30
FDIC_18780_20260630,Corporate_Large,Large_D-SIB,US,191854000.0,0.0,191854000.0,1.0,1,12,0,False,False,False,1,BBB,0.65,0.02,0.4,0.24,SUNDOWN STATE BANK,2026-06-30,2026-06-30
FDIC_18820_20260630,Corporate_Large,Large_D-SIB,US,146453000.0,0.0,146453000.0,1.0,1,12,0,False,False,False,1,BBB,0.65,0.02,0.4,0.24,CEDAR RAPIDS STATE BANK,2026-06-30,2026-06-30
FDIC_18841_20260630,Corporate_Large,Large_D-SIB,US,470239000.0,0.0,470239000.0,1.0,1,12,0,False,False,False,1,BBB,0.65,0.02,0.4,0.24,PHELPS COUNTY BANK,2026-06-30,2026-06-30
FDIC_18856_20260630,Corporate_Large,Large_D-SIB,US,162249000.0,0.0,162249000.0,1.0,1,12,0,False,False,False,1,BBB,0.65,0.02,0.4,0.24,OKLAHOMA CAPITAL BANK,2026-06-30,2026-06-30
FDIC_18858_20260630,Corporate_Large,Large_D-SIB,US,207656000.0,0.0,207656000.0,1.0,1,12,0,False,False,False,1,BBB,0.65,0.02,0.4,0.24,HOCKING VALLEY BANK,2026-06-30,2026-06-30
FDIC_18879_20260630,Corporate_Large,Large_D-SIB,US,77024000.0,0.0,77024000.0,1.0,1,12,0,False,False,False,1,BBB,0.65,0.02,0.4,0.24,KENNETT TRUST BANK,2026-06-30,2026-06-30
FDIC_18880_20260630,Corporate_Large,Large_D-SIB,US,163999000.0,0.0,163999000.0,1.0,1,12,0,False,False,False,1,BBB,0.65,0.02,0.4,0.24,FIRST NB OF GILLETTE,2026-06-30,2026-06-30
FDIC_18885_20260630,Corporate_Large,Large_D-SIB,US,194744000.0,0.0,194744000.0,1.0,1,12,0,False,False,False,1,BBB,0.65,0.02,0.4,0.24,NEIGHBORHOOD NATIONAL BANK,2026-06-30,2026-06-30
FDIC_18892_20260630,Corporate_Large,Large_D-SIB,US,15216000.0,0.0,15216000.0,1.0,1,12,0,False,False,False,1,BBB,0.65,0.02,0.4,0.24,KRESS NATIONAL BANK,2026-06-30,2026-06-30
FDIC_18895_20260630,Corporate_Large,Large_D-SIB,US,49920000.0,0.0,49920000.0,1.0,1,12,0,False,False,False,1,BBB,0.65,0.02,0.4,0.24,FIRST NB OF LAKE JACKSON,2026-06-30,2026-06-30
FDIC_18922_20260630,Corporate_Large,Large_D-SIB,US,1165560000.0,0.0,1165560000.0,1.0,1,12,0,False,False,False,1,BBB,0.65,0.02,0.4,0.24,TRI CITY NATIONAL BANK,2026-06-30,2026-06-30
FDIC_18924_20260630,Corporate_Large,Large_D-SIB,US,23093000.0,0.0,23093000.0,1.0,1,12,0,False,False,False,1,BBB,0.65,0.02,0.4,0.24,OLD GLORY BANK,2026-06-30,2026-06-30
FDIC_18724_20260630,Corporate_Large,Large_D-SIB,US,31366000.0,0.0,31366000.0,1.0,1,12,0,False,False,False,1,BBB,0.65,0.02,0.4,0.24,CITIZENS STATE BANK,2026-06-30,2026-06-30
FDIC_18710_20260630,Corporate_Large,Large_D-SIB,US,235316000.0,0.0,235316000.0,1.0,1,12,0,False,False,False,1,BBB,0.65,0.02,0.4,0.24,NORTH VALLEY BANK,2026-06-30,2026-06-30
FDIC_18568_20260630,Corporate_Large,Large_D-SIB,US,18754000.0,0.0,18754000.0,1.0,1,12,0,False,False,False,1,BBB,0.65,0.02,0.4,0.24,COMMUNITY BANK OF EASTON,2026-06-30,2026-06-30
FDIC_1869_20260630,Corporate_Large,Large_D-SIB,US,438066000.0,0.0,438066000.0,1.0,1,12,0,False,False,False,1,BBB,0.65,0.02,0.4,0.24,UNION STATE BANK,2026-06-30,2026-06-30
FDIC_18569_20260630,Corporate_Large,Large_D-SIB,US,1147816000.0,0.0,1147816000.0,1.0,1,12,0,False,False,False,1,BBB,0.65,0.02,0.4,0.24,PEOPLES STATE BANK,2026-06-30,2026-06-30
FDIC_18576_20260630,Corporate_Large,Large_D-SIB,US,391160000.0,0.0,391160000.0,1.0,1,12,0,False,False,False,1,BBB,0.65,0.02,0.4,0.24,BANK OF TEXAS,2026-06-30,2026-06-30
FDIC_1857_20260630,Corporate_Large,Large_D-SIB,US,353589000.0,0.0,353589000.0,1.0,1,12,0,False,False,False,1,BBB,0.65,0.02,0.4,0.24,WAUKON STATE BANK,2026-06-30,2026-06-30
FDIC_18584_20260630,Corporate_Large,Large_D-SIB,US,367025000.0,0.0,367025000.0,1.0,1,12,0,False,False,False,1,BBB,0.65,0.02,0.4,0.24,COMMERCIAL BANK,2026-06-30,2026-06-30
FDIC_18592_20260630,Corporate_Large,Large_D-SIB,US,492989000.0,0.0,492989000.0,1.0,1,12,0,False,False,False,1,BBB,0.65,0.02,0.4,0.24,FIRST BANK OF OWASSO,2026-06-30,2026-06-30
FDIC_18609_20260630,Corporate_Large,Large_D-SIB,US,1267835000.0,0.0,1267835000.0,1.0,1,12,0,False,False,False,1,BBB,0.65,0.02,0.4,0.24,AMERICAN BANK OF COMMERCE,2026-06-30,2026-06-30
FDIC_1860_20260630,Corporate_Large,Large_D-SIB,US,23039000.0,0.0,23039000.0,1.0,1,12,0,False,False,False,1,BBB,0.65,0.02,0.4,0.24,MONTEZUMA STATE BANK,2026-06-30,2026-06-30
FDIC_18610_20260630,Corporate_Large,Large_D-SIB,US,312767000.0,0.0,312767000.0,1.0,1,12,0,False,False,False,1,BBB,0.65,0.02,0.4,0.24,UNION STATE BANK OF EVEREST,2026-06-30,2026-06-30
FDIC_18618_20260630,Corporate_Large,Large_D-SIB,US,2683716000.0,0.0,2683716000.0,1.0,1,12,0,False,False,False,1,BBB,0.65,0.02,0.4,0.24,SMBC MANUBANK,2026-06-30,2026-06-30
FDIC_18620_20260630,Corporate_Large,Large_D-SIB,US,162604000.0,0.0,162604000.0,1.0,1,12,0,False,False,False,1,BBB,0.65,0.02,0.4,0.24,CITIZENS B&T CO OF JACKSON,2026-06-30,2026-06-30
FDIC_18641_20260630,Corporate_Large,Large_D-SIB,US,129425000.0,0.0,129425000.0,1.0,1,12,0,False,False,False,1,BBB,0.65,0.02,0.4,0.24,FIRST B&T CO OF ILLINOIS,2026-06-30,2026-06-30
FDIC_1865_20260630,Corporate_Large,Large_D-SIB,US,61249000.0,0.0,61249000.0,1.0,1,12,0,False,False,False,1,BBB,0.65,0.02,0.4,0.24,KANSAS STB OVERBROOK KANSAS,2026-06-30,2026-06-30
FDIC_18660_20260630,Corporate_Large,Large_D-SIB,US,168138000.0,0.0,168138000.0,1.0,1,12,0,False,False,False,1,BBB,0.65,0.02,0.4,0.24,CHARTER BANK,2026-06-30,2026-06-30
FDIC_18677_20260630,Corporate_Large,Large_D-SIB,US,159005000.0,0.0,159005000.0,1.0,1,12,0,False,False,False,1,BBB,0.65,0.02,0.4,0.24,VICTORY BANK,2026-06-30,2026-06-30
FDIC_1867_20260630,Corporate_Large,Large_D-SIB,US,265672000.0,0.0,265672000.0,1.0,1,12,0,False,False,False,1,BBB,0.65,0.02,0.4,0.24,FARMERS STB OF OAKLEY KANSAS,2026-06-30,2026-06-30
FDIC_1868_20260630,Corporate_Large,Large_D-SIB,US,489523000.0,0.0,489523000.0,1.0,1,12,0,False,False,False,1,BBB,0.65,0.02,0.4,0.24,BANK OF TESCOTT,2026-06-30,2026-06-30
FDIC_18698_20260630,Corporate_Large,Large_D-SIB,US,281030000.0,0.0,281030000.0,1.0,1,12,0,False,False,False,1,BBB,0.65,0.02,0.4,0.24,TEXAS STATE BANK,2026-06-30,2026-06-30
FDIC_19687_20260630,Corporate_Large,Large_D-SIB,US,57441000.0,0.0,57441000.0,1.0,1,12,0,False,False,False,1,BBB,0.65,0.02,0.4,0.24,GARDEN PLAIN STATE BANK,2026-06-30,2026-06-30
FDIC_19689_20260630,Corporate_Large,Large_D-SIB,US,121752000.0,0.0,121752000.0,1.0,1,12,0,False,False,False,1,BBB,0.65,0.02,0.4,0.24,STATE BANK OF WHITTINGTON,2026-06-30,2026-06-30
FDIC_19690_20260630,Corporate_Large,Large_D-SIB,US,4591992000.0,0.0,4591992000.0,1.0,1,12,0,False,False,False,1,BBB,0.65,0.02,0.4,0.24,NORTHEAST BANK,2026-06-30,2026-06-30
FDIC_214_20260630,Corporate_Large,Large_D-SIB,US,365481000.0,0.0,365481000.0,1.0,1,12,0,False,False,False,1,BBB,0.65,0.02,0.4,0.24,WASHINGTON STATE BANK,2026-06-30,2026-06-30
FDIC_21526_20260630,Corporate_Large,Large_D-SIB,US,79596000.0,0.0,79596000.0,1.0,1,12,0,False,False,False,1,BBB,0.65,0.02,0.4,0.24,WEST CENTRAL GEORGIA BANK,2026-06-30,2026-06-30
FDIC_21529_20260630,Corporate_Large,Large_D-SIB,US,113197000.0,0.0,113197000.0,1.0,1,12,0,False,False,False,1,BBB,0.65,0.02,0.4,0.24,BANK OF OAK RIDGE,2026-06-30,2026-06-30
FDIC_2154_20260630,Corporate_Large,Large_D-SIB,US,107172000.0,0.0,107172000.0,1.0,1,12,0,False,False,False,1,BBB,0.65,0.02,0.4,0.24,GEO D WARTHEN BANK,2026-06-30,2026-06-30
FDIC_21557_20260630,Corporate_Large,Large_D-SIB,US,247622000.0,0.0,247622000.0,1.0,1,12,0,False,False,False,1,BBB,0.65,0.02,0.4,0.24,THREE RIVERS BANK OF MONTANA,2026-06-30,2026-06-30
FDIC_21567_20260630,Corporate_Large,Large_D-SIB,US,561451000.0,0.0,561451000.0,1.0,1,12,0,False,False,False,1,BBB,0.65,0.02,0.4,0.24,AMERICAN BANK NATIONAL ASSN,2026-06-30,2026-06-30
FDIC_21573_20260630,Corporate_Large,Large_D-SIB,US,1818877000.0,0.0,1818877000.0,1.0,1,12,0,False,False,False,1,BBB,0.65,0.02,0.4,0.24,BANK OF TENNESSEE,2026-06-30,2026-06-30
FDIC_2157_20260630,Corporate_Large,Large_D-SIB,US,30636000.0,0.0,30636000.0,1.0,1,12,0,False,False,False,1,BBB,0.65,0.02,0.4,0.24,FIRST STB OF RANDOLPH COUNTY,2026-06-30,2026-06-30
FDIC_21591_20260630,Corporate_Large,Large_D-SIB,US,1753566000.0,0.0,1753566000.0,1.0,1,12,0,False,False,False,1,BBB,0.65,0.02,0.4,0.24,BANK OF GREENE COUNTY,2026-06-30,2026-06-30
FDIC_21606_20260630,Corporate_Large,Large_D-SIB,US,787166000.0,0.0,787166000.0,1.0,1,12,0,False,False,False,1,BBB,0.65,0.02,0.4,0.24,HCN BANK,2026-06-30,2026-06-30
FDIC_2160_20260630,Corporate_Large,Large_D-SIB,US,153021000.0,0.0,153021000.0,1.0,1,12,0,False,False,False,1,BBB,0.65,0.02,0.4,0.24,FIRST NB OF WAYNESBORO,2026-06-30,2026-06-30
FDIC_21635_20260630,Corporate_Large,Large_D-SIB,US,51263000.0,0.0,51263000.0,1.0,1,12,0,False,False,False,1,BBB,0.65,0.02,0.4,0.24,BANK OF BOURBONNAIS,2026-06-30,2026-06-30
FDIC_21692_20260630,Corporate_Large,Large_D-SIB,US,42707000.0,0.0,42707000.0,1.0,1,12,0,False,False,False,1,BBB,0.65,0.02,0.4,0.24,PEOPLES BANK OF GRACEVILLE,2026-06-30,2026-06-30
FDIC_21693_20260630,Corporate_Large,Large_D-SIB,US,262884000.0,0.0,262884000.0,1.0,1,12,0,False,False,False,1,BBB,0.65,0.02,0.4,0.24,LAKESIDE BANK,2026-06-30,2026-06-30
FDIC_21714_20260630,Corporate_Large,Large_D-SIB,US,893554000.0,0.0,893554000.0,1.0,1,12,0,False,False,False,1,BBB,0.65,0.02,0.4,0.24,PREMIER BANK,2026-06-30,2026-06-30
FDIC_21716_20260630,Corporate_Large,Large_D-SIB,US,12017055000.0,0.0,12017055000.0,1.0,1,12,0,False,False,False,1,BBB,0.65,0.02,0.4,0.24,CITIZENS BUSINESS BANK NA,2026-06-30,2026-06-30
FDIC_21721_20260630,Corporate_Large,Large_D-SIB,US,79645000.0,0.0,79645000.0,1.0,1,12,0,False,False,False,1,BBB,0.65,0.02,0.4,0.24,HERITAGE BANK OF SCHAUMBURG,2026-06-30,2026-06-30
FDIC_21728_20260630,Corporate_Large,Large_D-SIB,US,80921000.0,0.0,80921000.0,1.0,1,12,0,False,False,False,1,BBB,0.65,0.02,0.4,0.24,FARMERS&MERCHANTS STATE BANK,2026-06-30,2026-06-30
FDIC_21525_20260630,Corporate_Large,Large_D-SIB,US,152439000.0,0.0,152439000.0,1.0,1,12,0,False,False,False,1,BBB,0.65,0.02,0.4,0.24,CORNERSTONE STATE BANK,2026-06-30,2026-06-30
FDIC_21486_20260630,Corporate_Large,Large_D-SIB,US,141588000.0,0.0,141588000.0,1.0,1,12,0,False,False,False,1,BBB,0.65,0.02,0.4,0.24,CROSSROADS BANK,2026-06-30,2026-06-30
FDIC_21784_20260630,Corporate_Large,Large_D-SIB,US,491886000.0,0.0,491886000.0,1.0,1,12,0,False,False,False,1,BBB,0.65,0.02,0.4,0.24,FIRST PORT CITY BANK,2026-06-30,2026-06-30
FDIC_2145_20260630,Corporate_Large,Large_D-SIB,US,114791000.0,0.0,114791000.0,1.0,1,12,0,False,False,False,1,BBB,0.65,0.02,0.4,0.24,BANK OF MONTICELLO,2026-06-30,2026-06-30
FDIC_21085_20260630,Corporate_Large,Large_D-SIB,US,65412000.0,0.0,65412000.0,1.0,1,12,0,False,False,False,1,BBB,0.65,0.02,0.4,0.24,BANK OF ONTARIO,2026-06-30,2026-06-30
FDIC_210_20260630,Corporate_Large,Large_D-SIB,US,207108000.0,0.0,207108000.0,1.0,1,12,0,False,False,False,1,BBB,0.65,0.02,0.4,0.24,TRI-COUNTY BANK&TRUST CO,2026-06-30,2026-06-30
FDIC_21121_20260630,Corporate_Large,Large_D-SIB,US,532362000.0,0.0,532362000.0,1.0,1,12,0,False,False,False,1,BBB,0.65,0.02,0.4,0.24,WESTERN STATE BANK,2026-06-30,2026-06-30
FDIC_21161_20260630,Corporate_Large,Large_D-SIB,US,309210000.0,0.0,309210000.0,1.0,1,12,0,False,False,False,1,BBB,0.65,0.02,0.4,0.24,BANK OF THE BLUEGRASS&TR CO,2026-06-30,2026-06-30
FDIC_21219_20260630,Corporate_Large,Large_D-SIB,US,75441000.0,0.0,75441000.0,1.0,1,12,0,False,False,False,1,BBB,0.65,0.02,0.4,0.24,BANK OF THE MOUNTAINS INC,2026-06-30,2026-06-30
FDIC_21227_20260630,Corporate_Large,Large_D-SIB,US,321952000.0,0.0,321952000.0,1.0,1,12,0,False,False,False,1,BBB,0.65,0.02,0.4,0.24,CBBC BANK,2026-06-30,2026-06-30
FDIC_21247_20260630,Corporate_Large,Large_D-SIB,US,361526000.0,0.0,361526000.0,1.0,1,12,0,False,False,False,1,BBB,0.65,0.02,0.4,0.24,FIRST KENTUCKY BANK INC,2026-06-30,2026-06-30
FDIC_21255_20260630,Corporate_Large,Large_D-SIB,US,41464000.0,0.0,41464000.0,1.0,1,12,0,False,False,False,1,BBB,0.65,0.02,0.4,0.24,LAKESIDE BANK OF SALINA,2026-06-30,2026-06-30
FDIC_21265_20260630,Corporate_Large,Large_D-SIB,US,4568690000.0,0.0,4568690000.0,1.0,1,12,0,False,False,False,1,BBB,0.65,0.02,0.4,0.24,BRADESCO BANK,2026-06-30,2026-06-30
FDIC_21284_20260630,Corporate_Large,Large_D-SIB,US,80957000.0,0.0,80957000.0,1.0,1,12,0,False,False,False,1,BBB,0.65,0.02,0.4,0.24,BANK OF PENSACOLA,2026-06-30,2026-06-30
FDIC_21292_20260630,Corporate_Large,Large_D-SIB,US,873855000.0,0.0,873855000.0,1.0,1,12,0,False,False,False,1,BBB,0.65,0.02,0.4,0.24,PEOPLESSOUTH BANK,2026-06-30,2026-06-30
FDIC_21329_20260630,Corporate_Large,Large_D-SIB,US,458419000.0,0.0,458419000.0,1.0,1,12,0,False,False,False,1,BBB,0.65,0.02,0.4,0.24,NBT FINANCIAL BANK,2026-06-30,2026-06-30
FDIC_21342_20260630,Corporate_Large,Large_D-SIB,US,246274000.0,0.0,246274000.0,1.0,1,12,0,False,False,False,1,BBB,0.65,0.02,0.4,0.24,SONATA BANK,2026-06-30,2026-06-30
FDIC_21379_20260630,Corporate_Large,Large_D-SIB,US,88773000.0,0.0,88773000.0,1.0,1,12,0,False,False,False,1,BBB,0.65,0.02,0.4,0.24,FIRST NATURALSTATE BANK,2026-06-30,2026-06-30
FDIC_2138_20260630,Corporate_Large,Large_D-SIB,US,1402250000.0,0.0,1402250000.0,1.0,1,12,0,False,False,False,1,BBB,0.65,0.02,0.4,0.24,QUEENSBOROUGH NB&T CO,2026-06-30,2026-06-30
FDIC_21448_20260630,Corporate_Large,Large_D-SIB,US,59320000.0,0.0,59320000.0,1.0,1,12,0,False,False,False,1,BBB,0.65,0.02,0.4,0.24,REDEMPTION BANK,2026-06-30,2026-06-30
FDIC_21455_20260630,Corporate_Large,Large_D-SIB,US,109767000.0,0.0,109767000.0,1.0,1,12,0,False,False,False,1,BBB,0.65,0.02,0.4,0.24,FIDELITY BANK OF TEXAS,2026-06-30,2026-06-30
FDIC_21752_20260630,Corporate_Large,Large_D-SIB,US,49860000.0,0.0,49860000.0,1.0,1,12,0,False,False,False,1,BBB,0.65,0.02,0.4,0.24,FIRST STATE BANK,2026-06-30,2026-06-30
FDIC_21805_20260630,Corporate_Large,Large_D-SIB,US,295933000.0,0.0,295933000.0,1.0,1,12,0,False,False,False,1,BBB,0.65,0.02,0.4,0.24,FIRST STATE BANK OF DEQUEEN,2026-06-30,2026-06-30
FDIC_19700_20260630,Corporate_Large,Large_D-SIB,US,166262000.0,0.0,166262000.0,1.0,1,12,0,False,False,False,1,BBB,0.65,0.02,0.4,0.24,VALUEBANK TEXAS,2026-06-30,2026-06-30
FDIC_22086_20260630,Corporate_Large,Large_D-SIB,US,196587000.0,0.0,196587000.0,1.0,1,12,0,False,False,False,1,BBB,0.65,0.02,0.4,0.24,MAIN BANK,2026-06-30,2026-06-30
FDIC_22090_20260630,Corporate_Large,Large_D-SIB,US,367667000.0,0.0,367667000.0,1.0,1,12,0,False,False,False,1,BBB,0.65,0.02,0.4,0.24,COFFEE COUNTY BANK,2026-06-30,2026-06-30
FDIC_22092_20260630,Corporate_Large,Large_D-SIB,US,541540000.0,0.0,541540000.0,1.0,1,12,0,False,False,False,1,BBB,0.65,0.02,0.4,0.24,FIRST NATIONAL CMTY BANK,2026-06-30,2026-06-30
FDIC_22134_20260630,Corporate_Large,Large_D-SIB,US,2728495000.0,0.0,2728495000.0,1.0,1,12,0,False,False,False,1,BBB,0.65,0.02,0.4,0.24,CACHE VALLEY BANK,2026-06-30,2026-06-30
FDIC_22138_20260630,Corporate_Large,Large_D-SIB,US,234855000.0,0.0,234855000.0,1.0,1,12,0,False,False,False,1,BBB,0.65,0.02,0.4,0.24,RABUN COUNTY BANK,2026-06-30,2026-06-30
FDIC_22180_20260630,Corporate_Large,Large_D-SIB,US,779972000.0,0.0,779972000.0,1.0,1,12,0,False,False,False,1,BBB,0.65,0.02,0.4,0.24,UNITED BANKERS BANK,2026-06-30,2026-06-30
FDIC_22205_20260630,Corporate_Large,Large_D-SIB,US,700818000.0,0.0,700818000.0,1.0,1,12,0,False,False,False,1,BBB,0.65,0.02,0.4,0.24,BARWICK BANKING CO,2026-06-30,2026-06-30
FDIC_22229_20260630,Corporate_Large,Large_D-SIB,US,31260000.0,0.0,31260000.0,1.0,1,12,0,False,False,False,1,BBB,0.65,0.02,0.4,0.24,COMMONWEALTH NATIONAL BANK,2026-06-30,2026-06-30
FDIC_22242_20260630,Corporate_Large,Large_D-SIB,US,115896000.0,0.0,115896000.0,1.0,1,12,0,False,False,False,1,BBB,0.65,0.02,0.4,0.24,UNION BANK&TRUST CO,2026-06-30,2026-06-30
FDIC_2224_20260630,Corporate_Large,Large_D-SIB,US,389243000.0,0.0,389243000.0,1.0,1,12,0,False,False,False,1,BBB,0.65,0.02,0.4,0.24,BANK OF BRIDGER NA,2026-06-30,2026-06-30
FDIC_22257_20260630,Corporate_Large,Large_D-SIB,US,2495899000.0,0.0,2495899000.0,1.0,1,12,0,False,False,False,1,BBB,0.65,0.02,0.4,0.24,COLONY BANK,2026-06-30,2026-06-30
FDIC_22263_20260630,Corporate_Large,Large_D-SIB,US,42255000.0,0.0,42255000.0,1.0,1,12,0,False,False,False,1,BBB,0.65,0.02,0.4,0.24,AMERICAN STB OF GRYGLA,2026-06-30,2026-06-30
FDIC_22271_20260630,Corporate_Large,Large_D-SIB,US,146835000.0,0.0,146835000.0,1.0,1,12,0,False,False,False,1,BBB,0.65,0.02,0.4,0.24,FIRST NATIONAL BANK,2026-06-30,2026-06-30
FDIC_22273_20260630,Corporate_Large,Large_D-SIB,US,117191000.0,0.0,117191000.0,1.0,1,12,0,False,False,False,1,BBB,0.65,0.02,0.4,0.24,GUARANTY BANK INC,2026-06-30,2026-06-30
FDIC_22282_20260630,Corporate_Large,Large_D-SIB,US,419340000.0,0.0,419340000.0,1.0,1,12,0,False,False,False,1,BBB,0.65,0.02,0.4,0.24,FIRST NATIONS BANK,2026-06-30,2026-06-30
FDIC_2228_20260630,Corporate_Large,Large_D-SIB,US,161486000.0,0.0,161486000.0,1.0,1,12,0,False,False,False,1,BBB,0.65,0.02,0.4,0.24,RNB STATE BANK,2026-06-30,2026-06-30
FDIC_2229_20260630,Corporate_Large,Large_D-SIB,US,150543000.0,0.0,150543000.0,1.0,1,12,0,False,False,False,1,BBB,0.65,0.02,0.4,0.24,RSNB BANK,2026-06-30,2026-06-30
FDIC_22308_20260630,Corporate_Large,Large_D-SIB,US,1044509000.0,0.0,1044509000.0,1.0,1,12,0,False,False,False,1,BBB,0.65,0.02,0.4,0.24,WEST MICHIGAN COMMUNITY BANK,2026-06-30,2026-06-30
FDIC_2208_20260630,Corporate_Large,Large_D-SIB,US,648871000.0,0.0,648871000.0,1.0,1,12,0,False,False,False,1,BBB,0.65,0.02,0.4,0.24,FIRST NORTHERN BANK OF WY,2026-06-30,2026-06-30
FDIC_22065_20260630,Corporate_Large,Large_D-SIB,US,563427000.0,0.0,563427000.0,1.0,1,12,0,False,False,False,1,BBB,0.65,0.02,0.4,0.24,GRAND BANK,2026-06-30,2026-06-30
FDIC_21807_20260630,Corporate_Large,Large_D-SIB,US,23566000.0,0.0,23566000.0,1.0,1,12,0,False,False,False,1,BBB,0.65,0.02,0.4,0.24,LOVELADY STATE BANK,2026-06-30,2026-06-30
FDIC_2205_20260630,Corporate_Large,Large_D-SIB,US,213195000.0,0.0,213195000.0,1.0,1,12,0,False,False,False,1,BBB,0.65,0.02,0.4,0.24,BANK OF THE ROCKIES,2026-06-30,2026-06-30
FDIC_21843_20260630,Corporate_Large,Large_D-SIB,US,401354000.0,0.0,401354000.0,1.0,1,12,0,False,False,False,1,BBB,0.65,0.02,0.4,0.24,MIZUHO BANK USA,2026-06-30,2026-06-30
FDIC_21848_20260630,Corporate_Large,Large_D-SIB,US,619545000.0,0.0,619545000.0,1.0,1,12,0,False,False,False,1,BBB,0.65,0.02,0.4,0.24,QUAIL CREEK BANK,2026-06-30,2026-06-30
FDIC_21868_20260630,Corporate_Large,Large_D-SIB,US,1044732000.0,0.0,1044732000.0,1.0,1,12,0,False,False,False,1,BBB,0.65,0.02,0.4,0.24,BESSEMER TRUST CO NA,2026-06-30,2026-06-30
FDIC_21874_20260630,Corporate_Large,Large_D-SIB,US,160134000.0,0.0,160134000.0,1.0,1,12,0,False,False,False,1,BBB,0.65,0.02,0.4,0.24,FIRST PEOPLES BANK OF TN,2026-06-30,2026-06-30
FDIC_21883_20260630,Corporate_Large,Large_D-SIB,US,466655000.0,0.0,466655000.0,1.0,1,12,0,False,False,False,1,BBB,0.65,0.02,0.4,0.24,TRUPOINT BANK,2026-06-30,2026-06-30
FDIC_21897_20260630,Corporate_Large,Large_D-SIB,US,142471000.0,0.0,142471000.0,1.0,1,12,0,False,False,False,1,BBB,0.65,0.02,0.4,0.24,BANK STAR,2026-06-30,2026-06-30
FDIC_21906_20260630,Corporate_Large,Large_D-SIB,US,929379000.0,0.0,929379000.0,1.0,1,12,0,False,False,False,1,BBB,0.65,0.02,0.4,0.24,PRIORITYONE BANK,2026-06-30,2026-06-30
FDIC_21928_20260630,Corporate_Large,Large_D-SIB,US,225124000.0,0.0,225124000.0,1.0,1,12,0,False,False,False,1,BBB,0.65,0.02,0.4,0.24,KIRKWOOD BANK&TRUST CO,2026-06-30,2026-06-30
FDIC_21943_20260630,Corporate_Large,Large_D-SIB,US,7312970000.0,0.0,7312970000.0,1.0,1,12,0,False,False,False,1,BBB,0.65,0.02,0.4,0.24,TRI COUNTIES BANK,2026-06-30,2026-06-30
FDIC_21955_20260630,Corporate_Large,Large_D-SIB,US,288432000.0,0.0,288432000.0,1.0,1,12,0,False,False,False,1,BBB,0.65,0.02,0.4,0.24,STRYV BANK,2026-06-30,2026-06-30
FDIC_21956_20260630,Corporate_Large,Large_D-SIB,US,1389558000.0,0.0,1389558000.0,1.0,1,12,0,False,False,False,1,BBB,0.65,0.02,0.4,0.24,MONTECITO BANK&TRUST,2026-06-30,2026-06-30
FDIC_21978_20260630,Corporate_Large,Large_D-SIB,US,482985000.0,0.0,482985000.0,1.0,1,12,0,False,False,False,1,BBB,0.65,0.02,0.4,0.24,FRONTIER STATE BANK,2026-06-30,2026-06-30
FDIC_21988_20260630,Corporate_Large,Large_D-SIB,US,217487000.0,0.0,217487000.0,1.0,1,12,0,False,False,False,1,BBB,0.65,0.02,0.4,0.24,COMMUNITY STB OF ROCK FALLS,2026-06-30,2026-06-30
FDIC_21998_20260630,Corporate_Large,Large_D-SIB,US,81395000.0,0.0,81395000.0,1.0,1,12,0,False,False,False,1,BBB,0.65,0.02,0.4,0.24,COVINGTON COUNTY BANK,2026-06-30,2026-06-30
FDIC_22015_20260630,Corporate_Large,Large_D-SIB,US,453502000.0,0.0,453502000.0,1.0,1,12,0,False,False,False,1,BBB,0.65,0.02,0.4,0.24,ANDREW JOHNSON BANK,2026-06-30,2026-06-30
FDIC_22020_20260630,Corporate_Large,Large_D-SIB,US,459295000.0,0.0,459295000.0,1.0,1,12,0,False,False,False,1,BBB,0.65,0.02,0.4,0.24,INSOUTH BANK,2026-06-30,2026-06-30
FDIC_22046_20260630,Corporate_Large,Large_D-SIB,US,113542000.0,0.0,113542000.0,1.0,1,12,0,False,False,False,1,BBB,0.65,0.02,0.4,0.24,FIRST NATIONAL BANK USA,2026-06-30,2026-06-30
FDIC_21083_20260630,Corporate_Large,Large_D-SIB,US,413862000.0,0.0,413862000.0,1.0,1,12,0,False,False,False,1,BBB,0.65,0.02,0.4,0.24,UNITED MISSISSIPPI BANK,2026-06-30,2026-06-30
FDIC_2107_20260630,Corporate_Large,Large_D-SIB,US,144443000.0,0.0,144443000.0,1.0,1,12,0,False,False,False,1,BBB,0.65,0.02,0.4,0.24,FIRST NB OF SOUTH CAROLINA,2026-06-30,2026-06-30
FDIC_21074_20260630,Corporate_Large,Large_D-SIB,US,699383000.0,0.0,699383000.0,1.0,1,12,0,False,False,False,1,BBB,0.65,0.02,0.4,0.24,TEXAS BANK,2026-06-30,2026-06-30
FDIC_19850_20260630,Corporate_Large,Large_D-SIB,US,1067642000.0,0.0,1067642000.0,1.0,1,12,0,False,False,False,1,BBB,0.65,0.02,0.4,0.24,WEST GATE BANK,2026-06-30,2026-06-30
FDIC_19899_20260630,Corporate_Large,Large_D-SIB,US,2049844000.0,0.0,2049844000.0,1.0,1,12,0,False,False,False,1,BBB,0.65,0.02,0.4,0.24,KS STATEBANK,2026-06-30,2026-06-30
FDIC_19904_20260630,Corporate_Large,Large_D-SIB,US,166304000.0,0.0,166304000.0,1.0,1,12,0,False,False,False,1,BBB,0.65,0.02,0.4,0.24,CENTINEL BANK OF TAOS,2026-06-30,2026-06-30
FDIC_1992_20260630,Corporate_Large,Large_D-SIB,US,241580000.0,0.0,241580000.0,1.0,1,12,0,False,False,False,1,BBB,0.65,0.02,0.4,0.24,PATHWAY BANK,2026-06-30,2026-06-30
FDIC_1993_20260630,Corporate_Large,Large_D-SIB,US,44479000.0,0.0,44479000.0,1.0,1,12,0,False,False,False,1,BBB,0.65,0.02,0.4,0.24,CERESCOBANK,2026-06-30,2026-06-30
FDIC_19977_20260630,Corporate_Large,Large_D-SIB,US,9995919000.0,0.0,9995919000.0,1.0,1,12,0,False,False,False,1,BBB,0.65,0.02,0.4,0.24,ISRAEL DISCOUNT BANK OF NY,2026-06-30,2026-06-30
FDIC_19978_20260630,Corporate_Large,Large_D-SIB,US,131456000.0,0.0,131456000.0,1.0,1,12,0,False,False,False,1,BBB,0.65,0.02,0.4,0.24,PENNSVILLE NATIONAL BANK,2026-06-30,2026-06-30
FDIC_20015_20260630,Corporate_Large,Large_D-SIB,US,246347000.0,0.0,246347000.0,1.0,1,12,0,False,False,False,1,BBB,0.65,0.02,0.4,0.24,BESSEMER TRUST CO,2026-06-30,2026-06-30
FDIC_20026_20260630,Corporate_Large,Large_D-SIB,US,45406000.0,0.0,45406000.0,1.0,1,12,0,False,False,False,1,BBB,0.65,0.02,0.4,0.24,EASTERN NATIONAL BANK,2026-06-30,2026-06-30
FDIC_20093_20260630,Corporate_Large,Large_D-SIB,US,439760000.0,0.0,439760000.0,1.0,1,12,0,False,False,False,1,BBB,0.65,0.02,0.4,0.24,ALL AMERICA BANK,2026-06-30,2026-06-30
FDIC_20099_20260630,Corporate_Large,Large_D-SIB,US,693241000.0,0.0,693241000.0,1.0,1,12,0,False,False,False,1,BBB,0.65,0.02,0.4,0.24,TEXAS EXCHANGE BANK,2026-06-30,2026-06-30
FDIC_20100_20260630,Corporate_Large,Large_D-SIB,US,283665000.0,0.0,283665000.0,1.0,1,12,0,False,False,False,1,BBB,0.65,0.02,0.4,0.24,TOWER COMMUNITY BANK,2026-06-30,2026-06-30
FDIC_20130_20260630,Corporate_Large,Large_D-SIB,US,730113000.0,0.0,730113000.0,1.0,1,12,0,False,False,False,1,BBB,0.65,0.02,0.4,0.24,BANKFIRST,2026-06-30,2026-06-30
FDIC_20156_20260630,Corporate_Large,Large_D-SIB,US,706586000.0,0.0,706586000.0,1.0,1,12,0,False,False,False,1,BBB,0.65,0.02,0.4,0.24,KIRKPATRICK BANK,2026-06-30,2026-06-30
FDIC_20161_20260630,Corporate_Large,Large_D-SIB,US,867414000.0,0.0,867414000.0,1.0,1,12,0,False,False,False,1,BBB,0.65,0.02,0.4,0.24,CITIZENS BANK OF LAS CRUCES,2026-06-30,2026-06-30
FDIC_20162_20260630,Corporate_Large,Large_D-SIB,US,82587000.0,0.0,82587000.0,1.0,1,12,0,False,False,False,1,BBB,0.65,0.02,0.4,0.24,ASCENT BANK,2026-06-30,2026-06-30
FDIC_20164_20260630,Corporate_Large,Large_D-SIB,US,3529644000.0,0.0,3529644000.0,1.0,1,12,0,False,False,False,1,BBB,0.65,0.02,0.4,0.24,SUNWEST BANK,2026-06-30,2026-06-30
FDIC_20179_20260630,Corporate_Large,Large_D-SIB,US,535328000.0,0.0,535328000.0,1.0,1,12,0,False,False,False,1,BBB,0.65,0.02,0.4,0.24,FIRST INDEPENDENCE BANK,2026-06-30,2026-06-30
FDIC_1986_20260630,Corporate_Large,Large_D-SIB,US,19692000.0,0.0,19692000.0,1.0,1,12,0,False,False,False,1,BBB,0.65,0.02,0.4,0.24,COMMERCIAL STATE BANK,2026-06-30,2026-06-30
FDIC_1983_20260630,Corporate_Large,Large_D-SIB,US,154878000.0,0.0,154878000.0,1.0,1,12,0,False,False,False,1,BBB,0.65,0.02,0.4,0.24,WESTERN NEBRASKA BANK,2026-06-30,2026-06-30
FDIC_21050_20260630,Corporate_Large,Large_D-SIB,US,57202000.0,0.0,57202000.0,1.0,1,12,0,False,False,False,1,BBB,0.65,0.02,0.4,0.24,FIRST STB OF THE SOUTH INC,2026-06-30,2026-06-30
FDIC_19836_20260630,Corporate_Large,Large_D-SIB,US,678484000.0,0.0,678484000.0,1.0,1,12,0,False,False,False,1,BBB,0.65,0.02,0.4,0.24,FRANKLIN SAVINGS BANK,2026-06-30,2026-06-30
FDIC_19716_20260630,Corporate_Large,Large_D-SIB,US,497162000.0,0.0,497162000.0,1.0,1,12,0,False,False,False,1,BBB,0.65,0.02,0.4,0.24,FIRST CENTRAL STATE BANK,2026-06-30,2026-06-30
FDIC_19720_20260630,Corporate_Large,Large_D-SIB,US,124340000.0,0.0,124340000.0,1.0,1,12,0,False,False,False,1,BBB,0.65,0.02,0.4,0.24,FARMERS STATE BANK,2026-06-30,2026-06-30
FDIC_1972_20260630,Corporate_Large,Large_D-SIB,US,96446000.0,0.0,96446000.0,1.0,1,12,0,False,False,False,1,BBB,0.65,0.02,0.4,0.24,CITIZENS BANK&TRUST CO,2026-06-30,2026-06-30
FDIC_19742_20260630,Corporate_Large,Large_D-SIB,US,281398000.0,0.0,281398000.0,1.0,1,12,0,False,False,False,1,BBB,0.65,0.02,0.4,0.24,FIRST WESTROADS BANK INC,2026-06-30,2026-06-30
FDIC_19744_20260630,Corporate_Large,Large_D-SIB,US,69263000.0,0.0,69263000.0,1.0,1,12,0,False,False,False,1,BBB,0.65,0.02,0.4,0.24,CITIZENS B&T CO OF VIVIAN LA,2026-06-30,2026-06-30
FDIC_19755_20260630,Corporate_Large,Large_D-SIB,US,143733000.0,0.0,143733000.0,1.0,1,12,0,False,False,False,1,BBB,0.65,0.02,0.4,0.24,SOUTH LAFOURCHE B&T CO,2026-06-30,2026-06-30
FDIC_19772_20260630,Corporate_Large,Large_D-SIB,US,1600167000.0,0.0,1600167000.0,1.0,1,12,0,False,False,False,1,BBB,0.65,0.02,0.4,0.24,INCREDIBLEBANK,2026-06-30,2026-06-30
FDIC_1978_20260630,Corporate_Large,Large_D-SIB,US,751163000.0,0.0,751163000.0,1.0,1,12,0,False,False,False,1,BBB,0.65,0.02,0.4,0.24,YELLOWSTONE BANK,2026-06-30,2026-06-30
FDIC_19795_20260630,Corporate_Large,Large_D-SIB,US,440300000.0,0.0,440300000.0,1.0,1,12,0,False,False,False,1,BBB,0.65,0.02,0.4,0.24,ABBYBANK,2026-06-30,2026-06-30
FDIC_19796_20260630,Corporate_Large,Large_D-SIB,US,36881000.0,0.0,36881000.0,1.0,1,12,0,False,False,False,1,BBB,0.65,0.02,0.4,0.24,MIDLAND COMMUNITY BANK,2026-06-30,2026-06-30
FDIC_197_20260630,Corporate_Large,Large_D-SIB,US,325762000.0,0.0,325762000.0,1.0,1,12,0,False,False,False,1,BBB,0.65,0.02,0.4,0.24,ALLIANCE BANK,2026-06-30,2026-06-30
FDIC_19800_20260630,Corporate_Large,Large_D-SIB,US,87788000.0,0.0,87788000.0,1.0,1,12,0,False,False,False,1,BBB,0.65,0.02,0.4,0.24,PLAQUEMINE BANK&TRUST CO,2026-06-30,2026-06-30
FDIC_19809_20260630,Corporate_Large,Large_D-SIB,US,121964000.0,0.0,121964000.0,1.0,1,12,0,False,False,False,1,BBB,0.65,0.02,0.4,0.24,HERSHEY BANK,2026-06-30,2026-06-30
FDIC_1980_20260630,Corporate_Large,Large_D-SIB,US,150412000.0,0.0,150412000.0,1.0,1,12,0,False,False,False,1,BBB,0.65,0.02,0.4,0.24,VALLEY BANK OF KALISPELL,2026-06-30,2026-06-30
FDIC_19819_20260630,Corporate_Large,Large_D-SIB,US,18923000.0,0.0,18923000.0,1.0,1,12,0,False,False,False,1,BBB,0.65,0.02,0.4,0.24,SOUTHEAST FIRST NB,2026-06-30,2026-06-30
FDIC_19827_20260630,Corporate_Large,Large_D-SIB,US,514824000.0,0.0,514824000.0,1.0,1,12,0,False,False,False,1,BBB,0.65,0.02,0.4,0.24,PIONEER TRUST BANK NA,2026-06-30,2026-06-30
FDIC_1982_20260630,Corporate_Large,Large_D-SIB,US,68815000.0,0.0,68815000.0,1.0,1,12,0,False,False,False,1,BBB,0.65,0.02,0.4,0.24,FIRST STATE BANK OF MALTA,2026-06-30,2026-06-30
FDIC_20198_20260630,Corporate_Large,Large_D-SIB,US,398934000.0,0.0,398934000.0,1.0,1,12,0,False,False,False,1,BBB,0.65,0.02,0.4,0.24,SOUTH GEORGIA BANKING CO,2026-06-30,2026-06-30
FDIC_20231_20260630,Corporate_Large,Large_D-SIB,US,1916807000.0,0.0,1916807000.0,1.0,1,12,0,False,False,False,1,BBB,0.65,0.02,0.4,0.24,PINNACLE BANK,2026-06-30,2026-06-30
FDIC_20234_20260630,Corporate_Large,Large_D-SIB,US,20624434000.0,0.0,20624434000.0,1.0,1,12,0,False,False,False,1,BBB,0.65,0.02,0.4,0.24,CITY NB OF FLORIDA,2026-06-30,2026-06-30
FDIC_20239_20260630,Corporate_Large,Large_D-SIB,US,86073000.0,0.0,86073000.0,1.0,1,12,0,False,False,False,1,BBB,0.65,0.02,0.4,0.24,BANK OF CADIZ&TRUST CO,2026-06-30,2026-06-30
FDIC_2068_20260630,Corporate_Large,Large_D-SIB,US,312023000.0,0.0,312023000.0,1.0,1,12,0,False,False,False,1,BBB,0.65,0.02,0.4,0.24,FAHEY BANKING CO,2026-06-30,2026-06-30
FDIC_20698_20260630,Corporate_Large,Large_D-SIB,US,288726000.0,0.0,288726000.0,1.0,1,12,0,False,False,False,1,BBB,0.65,0.02,0.4,0.24,SOUTHERN HERITAGE BANK,2026-06-30,2026-06-30
FDIC_20720_20260630,Corporate_Large,Large_D-SIB,US,717919000.0,0.0,717919000.0,1.0,1,12,0,False,False,False,1,BBB,0.65,0.02,0.4,0.24,TENNESSEE STATE BANK,2026-06-30,2026-06-30
FDIC_20727_20260630,Corporate_Large,Large_D-SIB,US,935532000.0,0.0,935532000.0,1.0,1,12,0,False,False,False,1,BBB,0.65,0.02,0.4,0.24,DALLAS CAPITAL BANK NA,2026-06-30,2026-06-30
FDIC_20741_20260630,Corporate_Large,Large_D-SIB,US,1898935000.0,0.0,1898935000.0,1.0,1,12,0,False,False,False,1,BBB,0.65,0.02,0.4,0.24,PIONEER BANK NATIONAL ASSN,2026-06-30,2026-06-30
FDIC_20776_20260630,Corporate_Large,Large_D-SIB,US,901510000.0,0.0,901510000.0,1.0,1,12,0,False,False,False,1,BBB,0.65,0.02,0.4,0.24,BORDER BANK,2026-06-30,2026-06-30
FDIC_20818_20260630,Corporate_Large,Large_D-SIB,US,1074843000.0,0.0,1074843000.0,1.0,1,12,0,False,False,False,1,BBB,0.65,0.02,0.4,0.24,CITIZENS TRI-COUNTY BANK,2026-06-30,2026-06-30
FDIC_20845_20260630,Corporate_Large,Large_D-SIB,US,1141618000.0,0.0,1141618000.0,1.0,1,12,0,False,False,False,1,BBB,0.65,0.02,0.4,0.24,WALLIS BANK,2026-06-30,2026-06-30
FDIC_20856_20260630,Corporate_Large,Large_D-SIB,US,636343000.0,0.0,636343000.0,1.0,1,12,0,False,False,False,1,BBB,0.65,0.02,0.4,0.24,LIBERTY BANK&TRUST CO,2026-06-30,2026-06-30
FDIC_20872_20260630,Corporate_Large,Large_D-SIB,US,282223000.0,0.0,282223000.0,1.0,1,12,0,False,False,False,1,BBB,0.65,0.02,0.4,0.24,CITIZENS GUARANTY BANK,2026-06-30,2026-06-30
FDIC_20884_20260630,Corporate_Large,Large_D-SIB,US,1781335000.0,0.0,1781335000.0,1.0,1,12,0,False,False,False,1,BBB,0.65,0.02,0.4,0.24,BANK OF GUAM,2026-06-30,2026-06-30
FDIC_2093_20260630,Corporate_Large,Large_D-SIB,US,503870000.0,0.0,503870000.0,1.0,1,12,0,False,False,False,1,BBB,0.65,0.02,0.4,0.24,NATIONAL CAPITAL BANK OF WA,2026-06-30,2026-06-30
FDIC_20954_20260630,Corporate_Large,Large_D-SIB,US,1334626000.0,0.0,1334626000.0,1.0,1,12,0,False,False,False,1,BBB,0.65,0.02,0.4,0.24,CITIZENS NATIONAL BANK,2026-06-30,2026-06-30
FDIC_20989_20260630,Corporate_Large,Large_D-SIB,US,1107793000.0,0.0,1107793000.0,1.0,1,12,0,False,False,False,1,BBB,0.65,0.02,0.4,0.24,INDEPENDENCE BANK,2026-06-30,2026-06-30
FDIC_20993_20260630,Corporate_Large,Large_D-SIB,US,519243000.0,0.0,519243000.0,1.0,1,12,0,False,False,False,1,BBB,0.65,0.02,0.4,0.24,HARDIN COUNTY BANK,2026-06-30,2026-06-30
FDIC_2102_20260630,Corporate_Large,Large_D-SIB,US,865719000.0,0.0,865719000.0,1.0,1,12,0,False,False,False,1,BBB,0.65,0.02,0.4,0.24,CONWAY NATIONAL BANK,2026-06-30,2026-06-30
FDIC_21031_20260630,Corporate_Large,Large_D-SIB,US,2077506000.0,0.0,2077506000.0,1.0,1,12,0,False,False,False,1,BBB,0.65,0.02,0.4,0.24,BANK OF TAMPA,2026-06-30,2026-06-30
FDIC_20657_20260630,Corporate_Large,Large_D-SIB,US,70279000.0,0.0,70279000.0,1.0,1,12,0,False,False,False,1,BBB,0.65,0.02,0.4,0.24,FIRST SECURITY BK DEER LODGE,2026-06-30,2026-06-30
FDIC_20624_20260630,Corporate_Large,Large_D-SIB,US,7563929000.0,0.0,7563929000.0,1.0,1,12,0,False,False,False,1,BBB,0.65,0.02,0.4,0.24,BYLINE BANK,2026-06-30,2026-06-30
FDIC_2057_20260630,Corporate_Large,Large_D-SIB,US,84615000.0,0.0,84615000.0,1.0,1,12,0,False,False,False,1,BBB,0.65,0.02,0.4,0.24,STATE BANK&TRUST OF KENMARE,2026-06-30,2026-06-30
FDIC_20387_20260630,Corporate_Large,Large_D-SIB,US,990653000.0,0.0,990653000.0,1.0,1,12,0,False,False,False,1,BBB,0.65,0.02,0.4,0.24,BANK OF THE ORIENT,2026-06-30,2026-06-30
FDIC_20268_20260630,Corporate_Large,Large_D-SIB,US,511870000.0,0.0,511870000.0,1.0,1,12,0,False,False,False,1,BBB,0.65,0.02,0.4,0.24,SCALE BANK,2026-06-30,2026-06-30
FDIC_20279_20260630,Corporate_Large,Large_D-SIB,US,291727000.0,0.0,291727000.0,1.0,1,12,0,False,False,False,1,BBB,0.65,0.02,0.4,0.24,COMMUNITY STATE BANK,2026-06-30,2026-06-30
FDIC_20296_20260630,Corporate_Large,Large_D-SIB,US,5378286000.0,0.0,5378286000.0,1.0,1,12,0,False,False,False,1,BBB,0.65,0.02,0.4,0.24,JOHNSON BANK,2026-06-30,2026-06-30
FDIC_20311_20260630,Corporate_Large,Large_D-SIB,US,397826000.0,0.0,397826000.0,1.0,1,12,0,False,False,False,1,BBB,0.65,0.02,0.4,0.24,AMERICAN BANK,2026-06-30,2026-06-30
FDIC_20353_20260630,Corporate_Large,Large_D-SIB,US,294385000.0,0.0,294385000.0,1.0,1,12,0,False,False,False,1,BBB,0.65,0.02,0.4,0.24,GULF COAST BANK,2026-06-30,2026-06-30
FDIC_20369_20260630,Corporate_Large,Large_D-SIB,US,4756275000.0,0.0,4756275000.0,1.0,1,12,0,False,False,False,1,BBB,0.65,0.02,0.4,0.24,HEARTLAND BANK&TRUST CO,2026-06-30,2026-06-30
FDIC_2036_20260630,Corporate_Large,Large_D-SIB,US,543123000.0,0.0,543123000.0,1.0,1,12,0,False,False,False,1,BBB,0.65,0.02,0.4,0.24,FARMERS&MERCHANTS BANK,2026-06-30,2026-06-30
FDIC_20429_20260630,Corporate_Large,Large_D-SIB,US,184050000.0,0.0,184050000.0,1.0,1,12,0,False,False,False,1,BBB,0.65,0.02,0.4,0.24,LIBERTY BANK,2026-06-30,2026-06-30
FDIC_20568_20260630,Corporate_Large,Large_D-SIB,US,242328000.0,0.0,242328000.0,1.0,1,12,0,False,False,False,1,BBB,0.65,0.02,0.4,0.24,LUMBEE GUARANTY BANK,2026-06-30,2026-06-30
FDIC_20454_20260630,Corporate_Large,Large_D-SIB,US,8464000.0,0.0,8464000.0,1.0,1,12,0,False,False,False,1,BBB,0.65,0.02,0.4,0.24,CITIZENS BANK OF EDINBURG,2026-06-30,2026-06-30
FDIC_20468_20260630,Corporate_Large,Large_D-SIB,US,152863000.0,0.0,152863000.0,1.0,1,12,0,False,False,False,1,BBB,0.65,0.02,0.4,0.24,FIRSTSTATE BANK,2026-06-30,2026-06-30
FDIC_20479_20260630,Corporate_Large,Large_D-SIB,US,31474000.0,0.0,31474000.0,1.0,1,12,0,False,False,False,1,BBB,0.65,0.02,0.4,0.24,FIRST SECURITY BK OF ROUNDUP,2026-06-30,2026-06-30
FDIC_20484_20260630,Corporate_Large,Large_D-SIB,US,1142158000.0,0.0,1142158000.0,1.0,1,12,0,False,False,False,1,BBB,0.65,0.02,0.4,0.24,BENCHMARK COMMUNITY BANK,2026-06-30,2026-06-30
FDIC_20488_20260630,Corporate_Large,Large_D-SIB,US,1406127000.0,0.0,1406127000.0,1.0,1,12,0,False,False,False,1,BBB,0.65,0.02,0.4,0.24,FIVE POINTS BANK,2026-06-30,2026-06-30
FDIC_20504_20260630,Corporate_Large,Large_D-SIB,US,22660085000.0,0.0,22660085000.0,1.0,1,12,0,False,False,False,1,BBB,0.65,0.02,0.4,0.24,AMERIS BANK,2026-06-30,2026-06-30
FDIC_20537_20260630,Corporate_Large,Large_D-SIB,US,194622000.0,0.0,194622000.0,1.0,1,12,0,False,False,False,1,BBB,0.65,0.02,0.4,0.24,AMERICAN BANK&TRUST CO,2026-06-30,2026-06-30
FDIC_27074_20260630,Corporate_Large,Large_D-SIB,US,2094053000.0,0.0,2094053000.0,1.0,1,12,0,False,False,False,1,BBB,0.65,0.02,0.4,0.24,STATE BANK OF TEXAS,2026-06-30,2026-06-30
FDIC_27118_20260630,Corporate_Large,Large_D-SIB,US,231760000.0,0.0,231760000.0,1.0,1,12,0,False,False,False,1,BBB,0.65,0.02,0.4,0.24,PREMIER BANK OF THE SOUTH,2026-06-30,2026-06-30
FDIC_1829_20260630,Corporate_Large,Large_D-SIB,US,44608000.0,0.0,44608000.0,1.0,1,12,0,False,False,False,1,BBB,0.65,0.02,0.4,0.24,FAIRMOUNT STATE BANK,2026-06-30,2026-06-30
FDIC_3103_20260630,Corporate_Large,Large_D-SIB,US,98010000.0,0.0,98010000.0,1.0,1,12,0,False,False,False,1,BBB,0.65,0.02,0.4,0.24,STATE NB OF BIG SPRING,2026-06-30,2026-06-30
FDIC_31077_20260630,Corporate_Large,Large_D-SIB,US,202596000.0,0.0,202596000.0,1.0,1,12,0,False,False,False,1,BBB,0.65,0.02,0.4,0.24,FIRST FEDERAL BANK,2026-06-30,2026-06-30
FDIC_31083_20260630,Corporate_Large,Large_D-SIB,US,117876000.0,0.0,117876000.0,1.0,1,12,0,False,False,False,1,BBB,0.65,0.02,0.4,0.24,JARRETTSVILLE FS&LA,2026-06-30,2026-06-30
FDIC_31089_20260630,Corporate_Large,Large_D-SIB,US,86201000.0,0.0,86201000.0,1.0,1,12,0,False,False,False,1,BBB,0.65,0.02,0.4,0.24,PICKENS SAVINGS&LOAN ASSN FA,2026-06-30,2026-06-30
FDIC_3108_20260630,Corporate_Large,Large_D-SIB,US,823666000.0,0.0,823666000.0,1.0,1,12,0,False,False,False,1,BBB,0.65,0.02,0.4,0.24,LEGEND BANK N A,2026-06-30,2026-06-30
FDIC_31090_20260630,Corporate_Large,Large_D-SIB,US,45029000.0,0.0,45029000.0,1.0,1,12,0,False,False,False,1,BBB,0.65,0.02,0.4,0.24,BLUE GRASS FS&LA,2026-06-30,2026-06-30
FDIC_3109_20260630,Corporate_Large,Large_D-SIB,US,77520000.0,0.0,77520000.0,1.0,1,12,0,False,False,False,1,BBB,0.65,0.02,0.4,0.24,BRADY NATIONAL BANK,2026-06-30,2026-06-30
FDIC_31100_20260630,Corporate_Large,Large_D-SIB,US,691395000.0,0.0,691395000.0,1.0,1,12,0,False,False,False,1,BBB,0.65,0.02,0.4,0.24,SECURITY FEDERAL BANK,2026-06-30,2026-06-30
FDIC_3110_20260630,Corporate_Large,Large_D-SIB,US,329795000.0,0.0,329795000.0,1.0,1,12,0,False,False,False,1,BBB,0.65,0.02,0.4,0.24,COMMERCIAL NB OF BRADY,2026-06-30,2026-06-30
FDIC_31127_20260630,Corporate_Large,Large_D-SIB,US,151878000.0,0.0,151878000.0,1.0,1,12,0,False,False,False,1,BBB,0.65,0.02,0.4,0.24,FIRST FEDERAL BANK A FSB,2026-06-30,2026-06-30
FDIC_3113_20260630,Corporate_Large,Large_D-SIB,US,283225000.0,0.0,283225000.0,1.0,1,12,0,False,False,False,1,BBB,0.65,0.02,0.4,0.24,BRENHAM NATIONAL BANK,2026-06-30,2026-06-30
FDIC_31146_20260630,Corporate_Large,Large_D-SIB,US,314047000.0,0.0,314047000.0,1.0,1,12,0,False,False,False,1,BBB,0.65,0.02,0.4,0.24,SECURITY FSB OF MCMINNVILLE,2026-06-30,2026-06-30
FDIC_31158_20260630,Corporate_Large,Large_D-SIB,US,149085000.0,0.0,149085000.0,1.0,1,12,0,False,False,False,1,BBB,0.65,0.02,0.4,0.24,FIRST SOUTHERN BANK,2026-06-30,2026-06-30
FDIC_31184_20260630,Corporate_Large,Large_D-SIB,US,299239000.0,0.0,299239000.0,1.0,1,12,0,False,False,False,1,BBB,0.65,0.02,0.4,0.24,CITIZENS SAVINGS BANK,2026-06-30,2026-06-30
FDIC_31189_20260630,Corporate_Large,Large_D-SIB,US,2910344000.0,0.0,2910344000.0,1.0,1,12,0,False,False,False,1,BBB,0.65,0.02,0.4,0.24,PONCE BANK NATIONAL ASSN,2026-06-30,2026-06-30
FDIC_31197_20260630,Corporate_Large,Large_D-SIB,US,73640000.0,0.0,73640000.0,1.0,1,12,0,False,False,False,1,BBB,0.65,0.02,0.4,0.24,FIRST FS&LA,2026-06-30,2026-06-30
FDIC_31198_20260630,Corporate_Large,Large_D-SIB,US,170894000.0,0.0,170894000.0,1.0,1,12,0,False,False,False,1,BBB,0.65,0.02,0.4,0.24,GREENEVILLE FEDERAL BANK FSB,2026-06-30,2026-06-30
FDIC_31217_20260630,Corporate_Large,Large_D-SIB,US,324787000.0,0.0,324787000.0,1.0,1,12,0,False,False,False,1,BBB,0.65,0.02,0.4,0.24,LIFESTORE BANK,2026-06-30,2026-06-30
FDIC_31043_20260630,Corporate_Large,Large_D-SIB,US,143520000.0,0.0,143520000.0,1.0,1,12,0,False,False,False,1,BBB,0.65,0.02,0.4,0.24,INTERSTATE BANK,2026-06-30,2026-06-30
FDIC_31028_20260630,Corporate_Large,Large_D-SIB,US,515564000.0,0.0,515564000.0,1.0,1,12,0,False,False,False,1,BBB,0.65,0.02,0.4,0.24,HOMETOWN BANK,2026-06-30,2026-06-30
FDIC_31223_20260630,Corporate_Large,Large_D-SIB,US,680163000.0,0.0,680163000.0,1.0,1,12,0,False,False,False,1,BBB,0.65,0.02,0.4,0.24,FIRST HARRISON BANK,2026-06-30,2026-06-30
FDIC_30996_20260630,Corporate_Large,Large_D-SIB,US,202174000.0,0.0,202174000.0,1.0,1,12,0,False,False,False,1,BBB,0.65,0.02,0.4,0.24,CENLAR FSB,2026-06-30,2026-06-30
FDIC_3078_20260630,Corporate_Large,Large_D-SIB,US,41157000.0,0.0,41157000.0,1.0,1,12,0,False,False,False,1,BBB,0.65,0.02,0.4,0.24,FIRST NATIONAL BANK OF ANSON,2026-06-30,2026-06-30
FDIC_3079_20260630,Corporate_Large,Large_D-SIB,US,49845000.0,0.0,49845000.0,1.0,1,12,0,False,False,False,1,BBB,0.65,0.02,0.4,0.24,FIRST NB OF ASPERMONT,2026-06-30,2026-06-30
FDIC_307_20260630,Corporate_Large,Large_D-SIB,US,167924000.0,0.0,167924000.0,1.0,1,12,0,False,False,False,1,BBB,0.65,0.02,0.4,0.24,LANDMARK BANK,2026-06-30,2026-06-30
FDIC_30812_20260630,Corporate_Large,Large_D-SIB,US,309367000.0,0.0,309367000.0,1.0,1,12,0,False,False,False,1,BBB,0.65,0.02,0.4,0.24,FIRST FS&LA,2026-06-30,2026-06-30
FDIC_30819_20260630,Corporate_Large,Large_D-SIB,US,129609000.0,0.0,129609000.0,1.0,1,12,0,False,False,False,1,BBB,0.65,0.02,0.4,0.24,COMMUNITY PARTNERS SB,2026-06-30,2026-06-30
FDIC_30878_20260630,Corporate_Large,Large_D-SIB,US,90040000.0,0.0,90040000.0,1.0,1,12,0,False,False,False,1,BBB,0.65,0.02,0.4,0.24,BAR HARBOR SAVINGS&LOAN ASSN,2026-06-30,2026-06-30
FDIC_30879_20260630,Corporate_Large,Large_D-SIB,US,1038532000.0,0.0,1038532000.0,1.0,1,12,0,False,False,False,1,BBB,0.65,0.02,0.4,0.24,PROVIDENT SAVINGS BANK FSB,2026-06-30,2026-06-30
FDIC_3087_20260630,Corporate_Large,Large_D-SIB,US,154031000.0,0.0,154031000.0,1.0,1,12,0,False,False,False,1,BBB,0.65,0.02,0.4,0.24,FIRST NB OF BALLINGER,2026-06-30,2026-06-30
FDIC_30889_20260630,Corporate_Large,Large_D-SIB,US,96408000.0,0.0,96408000.0,1.0,1,12,0,False,False,False,1,BBB,0.65,0.02,0.4,0.24,PEOPLES SAVINGS&LOAN CO,2026-06-30,2026-06-30
FDIC_30895_20260630,Corporate_Large,Large_D-SIB,US,2597423000.0,0.0,2597423000.0,1.0,1,12,0,False,False,False,1,BBB,0.65,0.02,0.4,0.24,FIDELITY BANK NATIONAL ASSN,2026-06-30,2026-06-30
FDIC_3091_20260630,Corporate_Large,Large_D-SIB,US,721687000.0,0.0,721687000.0,1.0,1,12,0,False,False,False,1,BBB,0.65,0.02,0.4,0.24,FIRST NB OF BASTROP,2026-06-30,2026-06-30
FDIC_30943_20260630,Corporate_Large,Large_D-SIB,US,89145000.0,0.0,89145000.0,1.0,1,12,0,False,False,False,1,BBB,0.65,0.02,0.4,0.24,MID-CENTRAL NATIONAL BANK,2026-06-30,2026-06-30
FDIC_30953_20260630,Corporate_Large,Large_D-SIB,US,493827000.0,0.0,493827000.0,1.0,1,12,0,False,False,False,1,BBB,0.65,0.02,0.4,0.24,EL DORADO SAVINGS BANK FSB,2026-06-30,2026-06-30
FDIC_30969_20260630,Corporate_Large,Large_D-SIB,US,163398000.0,0.0,163398000.0,1.0,1,12,0,False,False,False,1,BBB,0.65,0.02,0.4,0.24,FIRST FSB OF MASCOUTAH,2026-06-30,2026-06-30
FDIC_30976_20260630,Corporate_Large,Large_D-SIB,US,136423000.0,0.0,136423000.0,1.0,1,12,0,False,False,False,1,BBB,0.65,0.02,0.4,0.24,GOUVERNEUR SAVINGS&LOAN ASSN,2026-06-30,2026-06-30
FDIC_30987_20260630,Corporate_Large,Large_D-SIB,US,48513000.0,0.0,48513000.0,1.0,1,12,0,False,False,False,1,BBB,0.65,0.02,0.4,0.24,SPRATT SAVINGS BANK,2026-06-30,2026-06-30
FDIC_3098_20260630,Corporate_Large,Large_D-SIB,US,201151000.0,0.0,201151000.0,1.0,1,12,0,False,False,False,1,BBB,0.65,0.02,0.4,0.24,CENDERA BANK,2026-06-30,2026-06-30
FDIC_3121_20260630,Corporate_Large,Large_D-SIB,US,582066000.0,0.0,582066000.0,1.0,1,12,0,False,False,False,1,BBB,0.65,0.02,0.4,0.24,FIRST BANK,2026-06-30,2026-06-30
FDIC_31232_20260630,Corporate_Large,Large_D-SIB,US,37921000.0,0.0,37921000.0,1.0,1,12,0,False,False,False,1,BBB,0.65,0.02,0.4,0.24,HIGHLAND FS&LA,2026-06-30,2026-06-30
FDIC_30776_20260630,Corporate_Large,Large_D-SIB,US,5205129000.0,0.0,5205129000.0,1.0,1,12,0,False,False,False,1,BBB,0.65,0.02,0.4,0.24,PATHWARD NATIONAL ASSN,2026-06-30,2026-06-30
FDIC_31488_20260630,Corporate_Large,Large_D-SIB,US,156022000.0,0.0,156022000.0,1.0,1,12,0,False,False,False,1,BBB,0.65,0.02,0.4,0.24,PROGRESSIVE OZARK BANK,2026-06-30,2026-06-30
FDIC_314_20260630,Corporate_Large,Large_D-SIB,US,34194000.0,0.0,34194000.0,1.0,1,12,0,False,False,False,1,BBB,0.65,0.02,0.4,0.24,MER ROUGE STATE BANK,2026-06-30,2026-06-30
FDIC_31516_20260630,Corporate_Large,Large_D-SIB,US,593959000.0,0.0,593959000.0,1.0,1,12,0,False,False,False,1,BBB,0.65,0.02,0.4,0.24,FIRST FEDERAL SAVINGS BANK,2026-06-30,2026-06-30
FDIC_31539_20260630,Corporate_Large,Large_D-SIB,US,213833000.0,0.0,213833000.0,1.0,1,12,0,False,False,False,1,BBB,0.65,0.02,0.4,0.24,WILMINGTON SAVINGS BANK,2026-06-30,2026-06-30
FDIC_31545_20260630,Corporate_Large,Large_D-SIB,US,115238000.0,0.0,115238000.0,1.0,1,12,0,False,False,False,1,BBB,0.65,0.02,0.4,0.24,CENTRAL BANK,2026-06-30,2026-06-30
FDIC_3158_20260630,Corporate_Large,Large_D-SIB,US,28214000.0,0.0,28214000.0,1.0,1,12,0,False,False,False,1,BBB,0.65,0.02,0.4,0.24,CITIZENS NB OF CROSBYTON,2026-06-30,2026-06-30
FDIC_3161_20260630,Corporate_Large,Large_D-SIB,US,803501000.0,0.0,803501000.0,1.0,1,12,0,False,False,False,1,BBB,0.65,0.02,0.4,0.24,TEXAS HERITAGE NATIONAL BANK,2026-06-30,2026-06-30
FDIC_31628_20260630,Corporate_Large,Large_D-SIB,US,58961341000.0,0.0,58961341000.0,1.0,1,12,0,False,False,False,1,BBB,0.65,0.02,0.4,0.24,EAST WEST BANK,2026-06-30,2026-06-30
FDIC_31694_20260630,Corporate_Large,Large_D-SIB,US,254214000.0,0.0,254214000.0,1.0,1,12,0,False,False,False,1,BBB,0.65,0.02,0.4,0.24,VOLUNTEER FSB,2026-06-30,2026-06-30
FDIC_3170_20260630,Corporate_Large,Large_D-SIB,US,148002000.0,0.0,148002000.0,1.0,1,12,0,False,False,False,1,BBB,0.65,0.02,0.4,0.24,FARMERS&MERCHANTS BANK,2026-06-30,2026-06-30
FDIC_31711_20260630,Corporate_Large,Large_D-SIB,US,136305000.0,0.0,136305000.0,1.0,1,12,0,False,False,False,1,BBB,0.65,0.02,0.4,0.24,RIVERBANK,2026-06-30,2026-06-30
FDIC_31723_20260630,Corporate_Large,Large_D-SIB,US,20130000.0,0.0,20130000.0,1.0,1,12,0,False,False,False,1,BBB,0.65,0.02,0.4,0.24,HOME SAVINGS BANK FSB,2026-06-30,2026-06-30
FDIC_31762_20260630,Corporate_Large,Large_D-SIB,US,142979000.0,0.0,142979000.0,1.0,1,12,0,False,False,False,1,BBB,0.65,0.02,0.4,0.24,GREATER STATE BANK,2026-06-30,2026-06-30
FDIC_31774_20260630,Corporate_Large,Large_D-SIB,US,33022000.0,0.0,33022000.0,1.0,1,12,0,False,False,False,1,BBB,0.65,0.02,0.4,0.24,HOME FS&LA,2026-06-30,2026-06-30
FDIC_3179_20260630,Corporate_Large,Large_D-SIB,US,107568000.0,0.0,107568000.0,1.0,1,12,0,False,False,False,1,BBB,0.65,0.02,0.4,0.24,FIRST NB OF EAGLE LAKE,2026-06-30,2026-06-30
FDIC_31823_20260630,Corporate_Large,Large_D-SIB,US,234364000.0,0.0,234364000.0,1.0,1,12,0,False,False,False,1,BBB,0.65,0.02,0.4,0.24,INTERAMERICAN BANK A FSB,2026-06-30,2026-06-30
FDIC_3182_20260630,Corporate_Large,Large_D-SIB,US,803439000.0,0.0,803439000.0,1.0,1,12,0,False,False,False,1,BBB,0.65,0.02,0.4,0.24,MAPLEMARK BANK,2026-06-30,2026-06-30
FDIC_3183_20260630,Corporate_Large,Large_D-SIB,US,695350000.0,0.0,695350000.0,1.0,1,12,0,False,False,False,1,BBB,0.65,0.02,0.4,0.24,NEWFIRST NATIONAL BANK,2026-06-30,2026-06-30
FDIC_3149_20260630,Corporate_Large,Large_D-SIB,US,30301000.0,0.0,30301000.0,1.0,1,12,0,False,False,False,1,BBB,0.65,0.02,0.4,0.24,FIRST NB IN COOPER,2026-06-30,2026-06-30
FDIC_31485_20260630,Corporate_Large,Large_D-SIB,US,454067000.0,0.0,454067000.0,1.0,1,12,0,False,False,False,1,BBB,0.65,0.02,0.4,0.24,EQUITABLE BANK,2026-06-30,2026-06-30
FDIC_31236_20260630,Corporate_Large,Large_D-SIB,US,456920000.0,0.0,456920000.0,1.0,1,12,0,False,False,False,1,BBB,0.65,0.02,0.4,0.24,HEARTHSIDE BANK CORP,2026-06-30,2026-06-30
FDIC_31469_20260630,Corporate_Large,Large_D-SIB,US,8305276000.0,0.0,8305276000.0,1.0,1,12,0,False,False,False,1,BBB,0.65,0.02,0.4,0.24,ORIENTAL BANK,2026-06-30,2026-06-30
FDIC_31266_20260630,Corporate_Large,Large_D-SIB,US,23494000.0,0.0,23494000.0,1.0,1,12,0,False,False,False,1,BBB,0.65,0.02,0.4,0.24,JACKSON SAVINGS BANK SSB,2026-06-30,2026-06-30
FDIC_31267_20260630,Corporate_Large,Large_D-SIB,US,56068000.0,0.0,56068000.0,1.0,1,12,0,False,False,False,1,BBB,0.65,0.02,0.4,0.24,HOMEWOOD FSB,2026-06-30,2026-06-30
FDIC_3126_20260630,Corporate_Large,Large_D-SIB,US,530050000.0,0.0,530050000.0,1.0,1,12,0,False,False,False,1,BBB,0.65,0.02,0.4,0.24,CLASSIC BANK NATIONAL ASSN,2026-06-30,2026-06-30
FDIC_31272_20260630,Corporate_Large,Large_D-SIB,US,301136000.0,0.0,301136000.0,1.0,1,12,0,False,False,False,1,BBB,0.65,0.02,0.4,0.24,COMMUNITY BANK,2026-06-30,2026-06-30
FDIC_3127_20260630,Corporate_Large,Large_D-SIB,US,422362000.0,0.0,422362000.0,1.0,1,12,0,False,False,False,1,BBB,0.65,0.02,0.4,0.24,CITIZENS NATIONAL BANK,2026-06-30,2026-06-30
FDIC_31313_20260630,Corporate_Large,Large_D-SIB,US,1432716000.0,0.0,1432716000.0,1.0,1,12,0,False,False,False,1,BBB,0.65,0.02,0.4,0.24,FIRST FEDERAL BANK,2026-06-30,2026-06-30
FDIC_31329_20260630,Corporate_Large,Large_D-SIB,US,75715000.0,0.0,75715000.0,1.0,1,12,0,False,False,False,1,BBB,0.65,0.02,0.4,0.24,WEST PLAINS S&LA,2026-06-30,2026-06-30
FDIC_3133_20260630,Corporate_Large,Large_D-SIB,US,30898000.0,0.0,30898000.0,1.0,1,12,0,False,False,False,1,BBB,0.65,0.02,0.4,0.24,FIRST BANK OF CELESTE,2026-06-30,2026-06-30
FDIC_31345_20260630,Corporate_Large,Large_D-SIB,US,14640000.0,0.0,14640000.0,1.0,1,12,0,False,False,False,1,BBB,0.65,0.02,0.4,0.24,HERTFORD SAVINGS BANK SSB,2026-06-30,2026-06-30
FDIC_31361_20260630,Corporate_Large,Large_D-SIB,US,114366000.0,0.0,114366000.0,1.0,1,12,0,False,False,False,1,BBB,0.65,0.02,0.4,0.24,COLONIAL SAVINGS FA,2026-06-30,2026-06-30
FDIC_31390_20260630,Corporate_Large,Large_D-SIB,US,499386000.0,0.0,499386000.0,1.0,1,12,0,False,False,False,1,BBB,0.65,0.02,0.4,0.24,AXIOM BANK NATIONAL ASSN,2026-06-30,2026-06-30
FDIC_31406_20260630,Corporate_Large,Large_D-SIB,US,195147000.0,0.0,195147000.0,1.0,1,12,0,False,False,False,1,BBB,0.65,0.02,0.4,0.24,FIRST FS&LA OF SAN RAFAEL,2026-06-30,2026-06-30
FDIC_31409_20260630,Corporate_Large,Large_D-SIB,US,36883000.0,0.0,36883000.0,1.0,1,12,0,False,False,False,1,BBB,0.65,0.02,0.4,0.24,FIRST FS&LA,2026-06-30,2026-06-30
FDIC_3140_20260630,Corporate_Large,Large_D-SIB,US,175056000.0,0.0,175056000.0,1.0,1,12,0,False,False,False,1,BBB,0.65,0.02,0.4,0.24,CITIZENS BANK,2026-06-30,2026-06-30
FDIC_31410_20260630,Corporate_Large,Large_D-SIB,US,116606000.0,0.0,116606000.0,1.0,1,12,0,False,False,False,1,BBB,0.65,0.02,0.4,0.24,1ST FSB OF SC INC,2026-06-30,2026-06-30
FDIC_3144_20260630,Corporate_Large,Large_D-SIB,US,295975000.0,0.0,295975000.0,1.0,1,12,0,False,False,False,1,BBB,0.65,0.02,0.4,0.24,CITY NB OF COLORADO CITY,2026-06-30,2026-06-30
FDIC_31461_20260630,Corporate_Large,Large_D-SIB,US,712816000.0,0.0,712816000.0,1.0,1,12,0,False,False,False,1,BBB,0.65,0.02,0.4,0.24,HARLEYSVILLE BANK,2026-06-30,2026-06-30
FDIC_30788_20260630,Corporate_Large,Large_D-SIB,US,21408868000.0,0.0,21408868000.0,1.0,1,12,0,False,False,False,1,BBB,0.65,0.02,0.4,0.24,GLACIER BANK,2026-06-30,2026-06-30
FDIC_3075_20260630,Corporate_Large,Large_D-SIB,US,142704000.0,0.0,142704000.0,1.0,1,12,0,False,False,False,1,BBB,0.65,0.02,0.4,0.24,FIRST NB OF ANDERSON,2026-06-30,2026-06-30
FDIC_29980_20260630,Corporate_Large,Large_D-SIB,US,49907000.0,0.0,49907000.0,1.0,1,12,0,False,False,False,1,BBB,0.65,0.02,0.4,0.24,MIDLAND FS&LA,2026-06-30,2026-06-30
FDIC_30152_20260630,Corporate_Large,Large_D-SIB,US,18748000.0,0.0,18748000.0,1.0,1,12,0,False,False,False,1,BBB,0.65,0.02,0.4,0.24,MILFORD BUILDING&LOAN ASSN,2026-06-30,2026-06-30
FDIC_30155_20260630,Corporate_Large,Large_D-SIB,US,482923000.0,0.0,482923000.0,1.0,1,12,0,False,False,False,1,BBB,0.65,0.02,0.4,0.24,HATBORO FEDERAL SAVINGS FA,2026-06-30,2026-06-30
FDIC_30167_20260630,Corporate_Large,Large_D-SIB,US,376387000.0,0.0,376387000.0,1.0,1,12,0,False,False,False,1,BBB,0.65,0.02,0.4,0.24,CULLMAN SAVINGS BANK,2026-06-30,2026-06-30
FDIC_30176_20260630,Corporate_Large,Large_D-SIB,US,37214000.0,0.0,37214000.0,1.0,1,12,0,False,False,False,1,BBB,0.65,0.02,0.4,0.24,HOME SB OF WAPAKONETA,2026-06-30,2026-06-30
FDIC_3017_20260630,Corporate_Large,Large_D-SIB,US,463418000.0,0.0,463418000.0,1.0,1,12,0,False,False,False,1,BBB,0.65,0.02,0.4,0.24,HIGH PLAINS BANK,2026-06-30,2026-06-30
FDIC_30182_20260630,Corporate_Large,Large_D-SIB,US,1574316000.0,0.0,1574316000.0,1.0,1,12,0,False,False,False,1,BBB,0.65,0.02,0.4,0.24,OPPORTUNITY BANK OF MONTANA,2026-06-30,2026-06-30
FDIC_30183_20260630,Corporate_Large,Large_D-SIB,US,79695000.0,0.0,79695000.0,1.0,1,12,0,False,False,False,1,BBB,0.65,0.02,0.4,0.24,MILLVILLE SAVINGS BANK,2026-06-30,2026-06-30
FDIC_3018_20260630,Corporate_Large,Large_D-SIB,US,25612000.0,0.0,25612000.0,1.0,1,12,0,False,False,False,1,BBB,0.65,0.02,0.4,0.24,FIRST NB OF FLEMING,2026-06-30,2026-06-30
FDIC_3019_20260630,Corporate_Large,Large_D-SIB,US,60342000.0,0.0,60342000.0,1.0,1,12,0,False,False,False,1,BBB,0.65,0.02,0.4,0.24,ROCKY MOUNTAIN BANK&TRUST,2026-06-30,2026-06-30
FDIC_30219_20260630,Corporate_Large,Large_D-SIB,US,193017000.0,0.0,193017000.0,1.0,1,12,0,False,False,False,1,BBB,0.65,0.02,0.4,0.24,HOMETOWN BANK,2026-06-30,2026-06-30
FDIC_30220_20260630,Corporate_Large,Large_D-SIB,US,62036000.0,0.0,62036000.0,1.0,1,12,0,False,False,False,1,BBB,0.65,0.02,0.4,0.24,CHESTER NATIONAL BANK,2026-06-30,2026-06-30
FDIC_30260_20260630,Corporate_Large,Large_D-SIB,US,394174000.0,0.0,394174000.0,1.0,1,12,0,False,False,False,1,BBB,0.65,0.02,0.4,0.24,CROSS COUNTY SAVINGS BANK,2026-06-30,2026-06-30
FDIC_30270_20260630,Corporate_Large,Large_D-SIB,US,254995000.0,0.0,254995000.0,1.0,1,12,0,False,False,False,1,BBB,0.65,0.02,0.4,0.24,CITIZENS SAVINGS BANK,2026-06-30,2026-06-30
FDIC_30291_20260630,Corporate_Large,Large_D-SIB,US,42543000.0,0.0,42543000.0,1.0,1,12,0,False,False,False,1,BBB,0.65,0.02,0.4,0.24,FIRST FED BK LITTLEFIELD TX,2026-06-30,2026-06-30
FDIC_30303_20260630,Corporate_Large,Large_D-SIB,US,1963990000.0,0.0,1963990000.0,1.0,1,12,0,False,False,False,1,BBB,0.65,0.02,0.4,0.24,MASPETH FS&LA,2026-06-30,2026-06-30
FDIC_30313_20260630,Corporate_Large,Large_D-SIB,US,187059000.0,0.0,187059000.0,1.0,1,12,0,False,False,False,1,BBB,0.65,0.02,0.4,0.24,EAST WISCONSIN SAVINGS BANK,2026-06-30,2026-06-30
FDIC_30315_20260630,Corporate_Large,Large_D-SIB,US,354016000.0,0.0,354016000.0,1.0,1,12,0,False,False,False,1,BBB,0.65,0.02,0.4,0.24,FIRST FSB OF LINCOLNTON,2026-06-30,2026-06-30
FDIC_3031_20260630,Corporate_Large,Large_D-SIB,US,469116000.0,0.0,469116000.0,1.0,1,12,0,False,False,False,1,BBB,0.65,0.02,0.4,0.24,POINTS WEST COMMUNITY BANK,2026-06-30,2026-06-30
FDIC_30154_20260630,Corporate_Large,Large_D-SIB,US,66895000.0,0.0,66895000.0,1.0,1,12,0,False,False,False,1,BBB,0.65,0.02,0.4,0.24,SEWICKLEY SAVINGS BANK,2026-06-30,2026-06-30
FDIC_30150_20260630,Corporate_Large,Large_D-SIB,US,134842000.0,0.0,134842000.0,1.0,1,12,0,False,False,False,1,BBB,0.65,0.02,0.4,0.24,CITIZENS FSB,2026-06-30,2026-06-30
FDIC_30339_20260630,Corporate_Large,Large_D-SIB,US,83153000.0,0.0,83153000.0,1.0,1,12,0,False,False,False,1,BBB,0.65,0.02,0.4,0.24,BEAUREGARD FSB,2026-06-30,2026-06-30
FDIC_30128_20260630,Corporate_Large,Large_D-SIB,US,52218000.0,0.0,52218000.0,1.0,1,12,0,False,False,False,1,BBB,0.65,0.02,0.4,0.24,BOONVILLE FSB,2026-06-30,2026-06-30
FDIC_29995_20260630,Corporate_Large,Large_D-SIB,US,498916000.0,0.0,498916000.0,1.0,1,12,0,False,False,False,1,BBB,0.65,0.02,0.4,0.24,PHOENIXVILLE FEDERAL B&T,2026-06-30,2026-06-30
FDIC_30012_20260630,Corporate_Large,Large_D-SIB,US,16269571000.0,0.0,16269571000.0,1.0,1,12,0,False,False,False,1,BBB,0.65,0.02,0.4,0.24,THIRD FS&LA OF CLEVELAND,2026-06-30,2026-06-30
FDIC_30031_20260630,Corporate_Large,Large_D-SIB,US,14311000.0,0.0,14311000.0,1.0,1,12,0,False,False,False,1,BBB,0.65,0.02,0.4,0.24,HUNTINGDON SAVINGS BANK,2026-06-30,2026-06-30
FDIC_30039_20260630,Corporate_Large,Large_D-SIB,US,782014000.0,0.0,782014000.0,1.0,1,12,0,False,False,False,1,BBB,0.65,0.02,0.4,0.24,HAVEN SAVINGS BANK,2026-06-30,2026-06-30
FDIC_30043_20260630,Corporate_Large,Large_D-SIB,US,42478000.0,0.0,42478000.0,1.0,1,12,0,False,False,False,1,BBB,0.65,0.02,0.4,0.24,BEARDSTOWN SAVINGS S B,2026-06-30,2026-06-30
FDIC_30052_20260630,Corporate_Large,Large_D-SIB,US,1667786000.0,0.0,1667786000.0,1.0,1,12,0,False,False,False,1,BBB,0.65,0.02,0.4,0.24,BLUE FOUNDRY BANK,2026-06-30,2026-06-30
FDIC_30058_20260630,Corporate_Large,Large_D-SIB,US,88041000.0,0.0,88041000.0,1.0,1,12,0,False,False,False,1,BBB,0.65,0.02,0.4,0.24,FIRST FS&LA OF GREENSBURG,2026-06-30,2026-06-30
FDIC_30065_20260630,Corporate_Large,Large_D-SIB,US,40102000.0,0.0,40102000.0,1.0,1,12,0,False,False,False,1,BBB,0.65,0.02,0.4,0.24,PEOPLES CMTY BK SB MONTICELL,2026-06-30,2026-06-30
FDIC_30067_20260630,Corporate_Large,Large_D-SIB,US,26639000.0,0.0,26639000.0,1.0,1,12,0,False,False,False,1,BBB,0.65,0.02,0.4,0.24,CORNERSTONE BANK,2026-06-30,2026-06-30
FDIC_30072_20260630,Corporate_Large,Large_D-SIB,US,128029000.0,0.0,128029000.0,1.0,1,12,0,False,False,False,1,BBB,0.65,0.02,0.4,0.24,SCHUYLER SAVINGS BANK,2026-06-30,2026-06-30
FDIC_30076_20260630,Corporate_Large,Large_D-SIB,US,3291434000.0,0.0,3291434000.0,1.0,1,12,0,False,False,False,1,BBB,0.65,0.02,0.4,0.24,SPENCER SAVINGS BANK SLA,2026-06-30,2026-06-30
FDIC_30084_20260630,Corporate_Large,Large_D-SIB,US,152160000.0,0.0,152160000.0,1.0,1,12,0,False,False,False,1,BBB,0.65,0.02,0.4,0.24,MERCER SAVINGS BANK,2026-06-30,2026-06-30
FDIC_30103_20260630,Corporate_Large,Large_D-SIB,US,87118000.0,0.0,87118000.0,1.0,1,12,0,False,False,False,1,BBB,0.65,0.02,0.4,0.24,MONROE SAVINGS BANK,2026-06-30,2026-06-30
FDIC_30111_20260630,Corporate_Large,Large_D-SIB,US,499393000.0,0.0,499393000.0,1.0,1,12,0,False,False,False,1,BBB,0.65,0.02,0.4,0.24,OCONEE FS&LA,2026-06-30,2026-06-30
FDIC_30117_20260630,Corporate_Large,Large_D-SIB,US,502829000.0,0.0,502829000.0,1.0,1,12,0,False,False,False,1,BBB,0.65,0.02,0.4,0.24,RELIANCE SAVINGS BANK,2026-06-30,2026-06-30
FDIC_30119_20260630,Corporate_Large,Large_D-SIB,US,156439000.0,0.0,156439000.0,1.0,1,12,0,False,False,False,1,BBB,0.65,0.02,0.4,0.24,PENNCREST BANK,2026-06-30,2026-06-30
FDIC_30121_20260630,Corporate_Large,Large_D-SIB,US,44615000.0,0.0,44615000.0,1.0,1,12,0,False,False,False,1,BBB,0.65,0.02,0.4,0.24,INVESTMENT SAVINGS BANK,2026-06-30,2026-06-30
FDIC_30332_20260630,Corporate_Large,Large_D-SIB,US,47230000.0,0.0,47230000.0,1.0,1,12,0,False,False,False,1,BBB,0.65,0.02,0.4,0.24,ABBEVILLE BLDG&L STATE-CHART,2026-06-30,2026-06-30
FDIC_3034_20260630,Corporate_Large,Large_D-SIB,US,419771000.0,0.0,419771000.0,1.0,1,12,0,False,False,False,1,BBB,0.65,0.02,0.4,0.24,FIRST NATIONAL BANK COLORADO,2026-06-30,2026-06-30
FDIC_30722_20260630,Corporate_Large,Large_D-SIB,US,261579000.0,0.0,261579000.0,1.0,1,12,0,False,False,False,1,BBB,0.65,0.02,0.4,0.24,UNIVERSAL BANK,2026-06-30,2026-06-30
FDIC_304_20260630,Corporate_Large,Large_D-SIB,US,52094000.0,0.0,52094000.0,1.0,1,12,0,False,False,False,1,BBB,0.65,0.02,0.4,0.24,CLINTON BANK,2026-06-30,2026-06-30
FDIC_30530_20260630,Corporate_Large,Large_D-SIB,US,563077000.0,0.0,563077000.0,1.0,1,12,0,False,False,False,1,BBB,0.65,0.02,0.4,0.24,LAKE SHORE BANK,2026-06-30,2026-06-30
FDIC_30544_20260630,Corporate_Large,Large_D-SIB,US,999381000.0,0.0,999381000.0,1.0,1,12,0,False,False,False,1,BBB,0.65,0.02,0.4,0.24,MARQUETTE SAVINGS BANK,2026-06-30,2026-06-30
FDIC_30551_20260630,Corporate_Large,Large_D-SIB,US,69635000.0,0.0,69635000.0,1.0,1,12,0,False,False,False,1,BBB,0.65,0.02,0.4,0.24,WESTMORELAND FS&LA,2026-06-30,2026-06-30
FDIC_30585_20260630,Corporate_Large,Large_D-SIB,US,46863000.0,0.0,46863000.0,1.0,1,12,0,False,False,False,1,BBB,0.65,0.02,0.4,0.24,MAYVILLE SAVINGS BANK,2026-06-30,2026-06-30
FDIC_30595_20260630,Corporate_Large,Large_D-SIB,US,124497000.0,0.0,124497000.0,1.0,1,12,0,False,False,False,1,BBB,0.65,0.02,0.4,0.24,F&M BANK&TRUST CO,2026-06-30,2026-06-30
FDIC_30619_20260630,Corporate_Large,Large_D-SIB,US,91186000.0,0.0,91186000.0,1.0,1,12,0,False,False,False,1,BBB,0.65,0.02,0.4,0.24,ABBEVILLE FIRST BANK SSB,2026-06-30,2026-06-30
FDIC_30637_20260630,Corporate_Large,Large_D-SIB,US,276435000.0,0.0,276435000.0,1.0,1,12,0,False,False,False,1,BBB,0.65,0.02,0.4,0.24,GREENVILLE SAVINGS BANK,2026-06-30,2026-06-30
FDIC_3063_20260630,Corporate_Large,Large_D-SIB,US,130466000.0,0.0,130466000.0,1.0,1,12,0,False,False,False,1,BBB,0.65,0.02,0.4,0.24,FIRST PIONEER NATIONAL BANK,2026-06-30,2026-06-30
FDIC_30656_20260630,Corporate_Large,Large_D-SIB,US,28457000.0,0.0,28457000.0,1.0,1,12,0,False,False,False,1,BBB,0.65,0.02,0.4,0.24,NORTH COUNTY SAVINGS BANK,2026-06-30,2026-06-30
FDIC_3066_20260630,Corporate_Large,Large_D-SIB,US,8370547000.0,0.0,8370547000.0,1.0,1,12,0,False,False,False,1,BBB,0.65,0.02,0.4,0.24,FIRST FINANCIAL BANK,2026-06-30,2026-06-30
FDIC_3067_20260630,Corporate_Large,Large_D-SIB,US,808832000.0,0.0,808832000.0,1.0,1,12,0,False,False,False,1,BBB,0.65,0.02,0.4,0.24,CLEAR FORK BANK NA,2026-06-30,2026-06-30
FDIC_30680_20260630,Corporate_Large,Large_D-SIB,US,287086000.0,0.0,287086000.0,1.0,1,12,0,False,False,False,1,BBB,0.65,0.02,0.4,0.24,FIRST SHORE FS&LA,2026-06-30,2026-06-30
FDIC_30688_20260630,Corporate_Large,Large_D-SIB,US,88851000.0,0.0,88851000.0,1.0,1,12,0,False,False,False,1,BBB,0.65,0.02,0.4,0.24,PEOPLES FIRST SAVINGS BANK,2026-06-30,2026-06-30
FDIC_30692_20260630,Corporate_Large,Large_D-SIB,US,94548000.0,0.0,94548000.0,1.0,1,12,0,False,False,False,1,BBB,0.65,0.02,0.4,0.24,BANKPACIFIC LTD,2026-06-30,2026-06-30
FDIC_306_20260630,Corporate_Large,Large_D-SIB,US,307945000.0,0.0,307945000.0,1.0,1,12,0,False,False,False,1,BBB,0.65,0.02,0.4,0.24,BANK OF ZACHARY,2026-06-30,2026-06-30
FDIC_30704_20260630,Corporate_Large,Large_D-SIB,US,888244000.0,0.0,888244000.0,1.0,1,12,0,False,False,False,1,BBB,0.65,0.02,0.4,0.24,MAGYAR BANK,2026-06-30,2026-06-30
FDIC_30707_20260630,Corporate_Large,Large_D-SIB,US,140612000.0,0.0,140612000.0,1.0,1,12,0,False,False,False,1,BBB,0.65,0.02,0.4,0.24,EQUITABLE SAVINGS&LOAN ASSN,2026-06-30,2026-06-30
FDIC_30516_20260630,Corporate_Large,Large_D-SIB,US,182336000.0,0.0,182336000.0,1.0,1,12,0,False,False,False,1,BBB,0.65,0.02,0.4,0.24,CROSSBRIDGE COMMUNITY BANK,2026-06-30,2026-06-30
FDIC_30470_20260630,Corporate_Large,Large_D-SIB,US,2994575000.0,0.0,2994575000.0,1.0,1,12,0,False,False,False,1,BBB,0.65,0.02,0.4,0.24,MANASQUAN BANK,2026-06-30,2026-06-30
FDIC_30350_20260630,Corporate_Large,Large_D-SIB,US,513013000.0,0.0,513013000.0,1.0,1,12,0,False,False,False,1,BBB,0.65,0.02,0.4,0.24,BANK OF BENNINGTON,2026-06-30,2026-06-30
FDIC_30447_20260630,Corporate_Large,Large_D-SIB,US,25872000.0,0.0,25872000.0,1.0,1,12,0,False,False,False,1,BBB,0.65,0.02,0.4,0.24,RAYNE BUILDING&LOAN ASSN,2026-06-30,2026-06-30
FDIC_30357_20260630,Corporate_Large,Large_D-SIB,US,40019000.0,0.0,40019000.0,1.0,1,12,0,False,False,False,1,BBB,0.65,0.02,0.4,0.24,STREATOR HOME SAVINGS BANK,2026-06-30,2026-06-30
FDIC_30358_20260630,Corporate_Large,Large_D-SIB,US,35017000.0,0.0,35017000.0,1.0,1,12,0,False,False,False,1,BBB,0.65,0.02,0.4,0.24,FIRST SAVINGS&LOAN ASSN,2026-06-30,2026-06-30
FDIC_30367_20260630,Corporate_Large,Large_D-SIB,US,239404000.0,0.0,239404000.0,1.0,1,12,0,False,False,False,1,BBB,0.65,0.02,0.4,0.24,1ST BANK OF SEA ISLE CITY,2026-06-30,2026-06-30
FDIC_30387_20260630,Corporate_Large,Large_D-SIB,US,13272697000.0,0.0,13272697000.0,1.0,1,12,0,False,False,False,1,BBB,0.65,0.02,0.4,0.24,FIRSTBANK PUERTO RICO,2026-06-30,2026-06-30
FDIC_30388_20260630,Corporate_Large,Large_D-SIB,US,60301000.0,0.0,60301000.0,1.0,1,12,0,False,False,False,1,BBB,0.65,0.02,0.4,0.24,GUNNISON SAVINGS&LOAN ASSN,2026-06-30,2026-06-30
FDIC_30394_20260630,Corporate_Large,Large_D-SIB,US,551303000.0,0.0,551303000.0,1.0,1,12,0,False,False,False,1,BBB,0.65,0.02,0.4,0.24,CARVER FEDERAL SAVINGS BANK,2026-06-30,2026-06-30
FDIC_30395_20260630,Corporate_Large,Large_D-SIB,US,26237000.0,0.0,26237000.0,1.0,1,12,0,False,False,False,1,BBB,0.65,0.02,0.4,0.24,TECUMSEH FEDERAL BANK,2026-06-30,2026-06-30
FDIC_30397_20260630,Corporate_Large,Large_D-SIB,US,580752000.0,0.0,580752000.0,1.0,1,12,0,False,False,False,1,BBB,0.65,0.02,0.4,0.24,GEDDES FS&LA,2026-06-30,2026-06-30
FDIC_303_20260630,Corporate_Large,Large_D-SIB,US,338683000.0,0.0,338683000.0,1.0,1,12,0,False,False,False,1,BBB,0.65,0.02,0.4,0.24,UNITED CUMBERLAND BANK,2026-06-30,2026-06-30
FDIC_30401_20260630,Corporate_Large,Large_D-SIB,US,2226065000.0,0.0,2226065000.0,1.0,1,12,0,False,False,False,1,BBB,0.65,0.02,0.4,0.24,PENN COMMUNITY BANK,2026-06-30,2026-06-30
FDIC_30402_20260630,Corporate_Large,Large_D-SIB,US,214776000.0,0.0,214776000.0,1.0,1,12,0,False,False,False,1,BBB,0.65,0.02,0.4,0.24,FRANKLIN BANK,2026-06-30,2026-06-30
FDIC_30422_20260630,Corporate_Large,Large_D-SIB,US,226202000.0,0.0,226202000.0,1.0,1,12,0,False,False,False,1,BBB,0.65,0.02,0.4,0.24,FIRST FEDERAL BANK OF WI,2026-06-30,2026-06-30
FDIC_30428_20260630,Corporate_Large,Large_D-SIB,US,337126000.0,0.0,337126000.0,1.0,1,12,0,False,False,False,1,BBB,0.65,0.02,0.4,0.24,CENTURY SAVINGS BANK,2026-06-30,2026-06-30
FDIC_30429_20260630,Corporate_Large,Large_D-SIB,US,181543000.0,0.0,181543000.0,1.0,1,12,0,False,False,False,1,BBB,0.65,0.02,0.4,0.24,MASSENA SAVINGS&LOAN,2026-06-30,2026-06-30
FDIC_30431_20260630,Corporate_Large,Large_D-SIB,US,290840000.0,0.0,290840000.0,1.0,1,12,0,False,False,False,1,BBB,0.65,0.02,0.4,0.24,SSB BANK,2026-06-30,2026-06-30
FDIC_30434_20260630,Corporate_Large,Large_D-SIB,US,68164000.0,0.0,68164000.0,1.0,1,12,0,False,False,False,1,BBB,0.65,0.02,0.4,0.24,MORGANTON SAVINGS BANK SSB,2026-06-30,2026-06-30
FDIC_30441_20260630,Corporate_Large,Large_D-SIB,US,640696000.0,0.0,640696000.0,1.0,1,12,0,False,False,False,1,BBB,0.65,0.02,0.4,0.24,FIRST FEDERAL BANK OF LA,2026-06-30,2026-06-30
FDIC_31840_20260630,Corporate_Large,Large_D-SIB,US,1081093000.0,0.0,1081093000.0,1.0,1,12,0,False,False,False,1,BBB,0.65,0.02,0.4,0.24,FINANCIAL FEDERAL BANK,2026-06-30,2026-06-30
FDIC_3184_20260630,Corporate_Large,Large_D-SIB,US,88245000.0,0.0,88245000.0,1.0,1,12,0,False,False,False,1,BBB,0.65,0.02,0.4,0.24,LONE OAK BANK NATIONAL ASSN,2026-06-30,2026-06-30
FDIC_31864_20260630,Corporate_Large,Large_D-SIB,US,204605000.0,0.0,204605000.0,1.0,1,12,0,False,False,False,1,BBB,0.65,0.02,0.4,0.24,GRAND BANK FOR SAVINGS FSB,2026-06-30,2026-06-30
FDIC_3336_20260630,Corporate_Large,Large_D-SIB,US,14446000.0,0.0,14446000.0,1.0,1,12,0,False,False,False,1,BBB,0.65,0.02,0.4,0.24,MENARD BANK,2026-06-30,2026-06-30
FDIC_33380_20260630,Corporate_Large,Large_D-SIB,US,479033000.0,0.0,479033000.0,1.0,1,12,0,False,False,False,1,BBB,0.65,0.02,0.4,0.24,ENTERPRISE BANK,2026-06-30,2026-06-30
FDIC_3339_20260630,Corporate_Large,Large_D-SIB,US,91094000.0,0.0,91094000.0,1.0,1,12,0,False,False,False,1,BBB,0.65,0.02,0.4,0.24,FIRST NB OF MERTZON,2026-06-30,2026-06-30
FDIC_33418_20260630,Corporate_Large,Large_D-SIB,US,736476000.0,0.0,736476000.0,1.0,1,12,0,False,False,False,1,BBB,0.65,0.02,0.4,0.24,LEDYARD NATIONAL BANK,2026-06-30,2026-06-30
FDIC_3342_20260630,Corporate_Large,Large_D-SIB,US,196912000.0,0.0,196912000.0,1.0,1,12,0,False,False,False,1,BBB,0.65,0.02,0.4,0.24,INCOMMONS BANK N A,2026-06-30,2026-06-30
FDIC_33450_20260630,Corporate_Large,Large_D-SIB,US,597226000.0,0.0,597226000.0,1.0,1,12,0,False,False,False,1,BBB,0.65,0.02,0.4,0.24,ARBOR BANK,2026-06-30,2026-06-30
FDIC_33457_20260630,Corporate_Large,Large_D-SIB,US,1165715000.0,0.0,1165715000.0,1.0,1,12,0,False,False,False,1,BBB,0.65,0.02,0.4,0.24,OAK VALLEY COMMUNITY BANK,2026-06-30,2026-06-30
FDIC_33470_20260630,Corporate_Large,Large_D-SIB,US,246911000.0,0.0,246911000.0,1.0,1,12,0,False,False,False,1,BBB,0.65,0.02,0.4,0.24,TODAYS BANK,2026-06-30,2026-06-30
FDIC_33492_20260630,Corporate_Large,Large_D-SIB,US,389387000.0,0.0,389387000.0,1.0,1,12,0,False,False,False,1,BBB,0.65,0.02,0.4,0.24,CRESCENT BANK,2026-06-30,2026-06-30
FDIC_33497_20260630,Corporate_Large,Large_D-SIB,US,1000000.0,0.0,1000000.0,1.0,1,12,0,False,False,False,1,BBB,0.65,0.02,0.4,0.24,CHARLES SCHWAB PREMIER BK SS,2026-06-30,2026-06-30
FDIC_33503_20260630,Corporate_Large,Large_D-SIB,US,2684016000.0,0.0,2684016000.0,1.0,1,12,0,False,False,False,1,BBB,0.65,0.02,0.4,0.24,UNITY BANK,2026-06-30,2026-06-30
FDIC_33506_20260630,Corporate_Large,Large_D-SIB,US,282772000.0,0.0,282772000.0,1.0,1,12,0,False,False,False,1,BBB,0.65,0.02,0.4,0.24,FIRST NB OF COFFEE COUNTY,2026-06-30,2026-06-30
FDIC_3351_20260630,Corporate_Large,Large_D-SIB,US,16851000.0,0.0,16851000.0,1.0,1,12,0,False,False,False,1,BBB,0.65,0.02,0.4,0.24,FIRST NATIONAL BANK OF MOODY,2026-06-30,2026-06-30
FDIC_33539_20260630,Corporate_Large,Large_D-SIB,US,6279342000.0,0.0,6279342000.0,1.0,1,12,0,False,False,False,1,BBB,0.65,0.02,0.4,0.24,PREFERRED BANK,2026-06-30,2026-06-30
FDIC_33552_20260630,Corporate_Large,Large_D-SIB,US,79473000.0,0.0,79473000.0,1.0,1,12,0,False,False,False,1,BBB,0.65,0.02,0.4,0.24,BOONE BANK&TRUST CO,2026-06-30,2026-06-30
FDIC_33555_20260630,Corporate_Large,Large_D-SIB,US,51252313000.0,0.0,51252313000.0,1.0,1,12,0,False,False,False,1,BBB,0.65,0.02,0.4,0.24,SOUTHSTATE BANK NA,2026-06-30,2026-06-30
FDIC_33565_20260630,Corporate_Large,Large_D-SIB,US,270394000.0,0.0,270394000.0,1.0,1,12,0,False,False,False,1,BBB,0.65,0.02,0.4,0.24,DESJARDINS BANK NA,2026-06-30,2026-06-30
FDIC_33568_20260630,Corporate_Large,Large_D-SIB,US,27290000.0,0.0,27290000.0,1.0,1,12,0,False,False,False,1,BBB,0.65,0.02,0.4,0.24,UNITED BANK OF PHILADELPHIA,2026-06-30,2026-06-30
FDIC_3337_20260630,Corporate_Large,Large_D-SIB,US,757628000.0,0.0,757628000.0,1.0,1,12,0,False,False,False,1,BBB,0.65,0.02,0.4,0.24,TEXAS NATIONAL BANK,2026-06-30,2026-06-30
FDIC_3335_20260630,Corporate_Large,Large_D-SIB,US,76534000.0,0.0,76534000.0,1.0,1,12,0,False,False,False,1,BBB,0.65,0.02,0.4,0.24,BANK19,2026-06-30,2026-06-30
FDIC_33646_20260630,Corporate_Large,Large_D-SIB,US,2293345000.0,0.0,2293345000.0,1.0,1,12,0,False,False,False,1,BBB,0.65,0.02,0.4,0.24,BANK OF EAST ASIA LTD,2026-06-30,2026-06-30
FDIC_3330_20260630,Corporate_Large,Large_D-SIB,US,809676000.0,0.0,809676000.0,1.0,1,12,0,False,False,False,1,BBB,0.65,0.02,0.4,0.24,FIRST NB OF MCGREGOR,2026-06-30,2026-06-30
FDIC_3302_20260630,Corporate_Large,Large_D-SIB,US,303738000.0,0.0,303738000.0,1.0,1,12,0,False,False,False,1,BBB,0.65,0.02,0.4,0.24,TEXANA BANK NATIONAL ASSN,2026-06-30,2026-06-30
FDIC_3303_20260630,Corporate_Large,Large_D-SIB,US,7502000.0,0.0,7502000.0,1.0,1,12,0,False,False,False,1,BBB,0.65,0.02,0.4,0.24,FIRST NATIONAL BANK OF LIPAN,2026-06-30,2026-06-30
FDIC_3305_20260630,Corporate_Large,Large_D-SIB,US,227104000.0,0.0,227104000.0,1.0,1,12,0,False,False,False,1,BBB,0.65,0.02,0.4,0.24,FIRST NB OF LIVINGSTON,2026-06-30,2026-06-30
FDIC_33103_20260630,Corporate_Large,Large_D-SIB,US,246558000.0,0.0,246558000.0,1.0,1,12,0,False,False,False,1,BBB,0.65,0.02,0.4,0.24,GATEWAY BANK FSB,2026-06-30,2026-06-30
FDIC_33111_20260630,Corporate_Large,Large_D-SIB,US,1650737000.0,0.0,1650737000.0,1.0,1,12,0,False,False,False,1,BBB,0.65,0.02,0.4,0.24,COLORADO FSB,2026-06-30,2026-06-30
FDIC_33119_20260630,Corporate_Large,Large_D-SIB,US,1238781000.0,0.0,1238781000.0,1.0,1,12,0,False,False,False,1,BBB,0.65,0.02,0.4,0.24,HERITAGE BANK INC,2026-06-30,2026-06-30
FDIC_33124_20260630,Corporate_Large,Large_D-SIB,US,248990000000.0,0.0,248990000000.0,1.0,1,12,0,False,False,False,1,BBB,0.65,0.02,0.4,0.24,GOLDMAN SACHS BANK USA,2026-06-30,2026-06-30
FDIC_33131_20260630,Corporate_Large,Large_D-SIB,US,116526000.0,0.0,116526000.0,1.0,1,12,0,False,False,False,1,BBB,0.65,0.02,0.4,0.24,FIRST FARMERS&MERCHANTS NB,2026-06-30,2026-06-30
FDIC_33136_20260630,Corporate_Large,Large_D-SIB,US,455960000.0,0.0,455960000.0,1.0,1,12,0,False,False,False,1,BBB,0.65,0.02,0.4,0.24,WOODLANDS BANK,2026-06-30,2026-06-30
FDIC_33183_20260630,Corporate_Large,Large_D-SIB,US,38847000.0,0.0,38847000.0,1.0,1,12,0,False,False,False,1,BBB,0.65,0.02,0.4,0.24,SOUND BANKING CO,2026-06-30,2026-06-30
FDIC_33188_20260630,Corporate_Large,Large_D-SIB,US,1808660000.0,0.0,1808660000.0,1.0,1,12,0,False,False,False,1,BBB,0.65,0.02,0.4,0.24,SHINHAN BANK AMERICA,2026-06-30,2026-06-30
FDIC_33204_20260630,Corporate_Large,Large_D-SIB,US,546098000.0,0.0,546098000.0,1.0,1,12,0,False,False,False,1,BBB,0.65,0.02,0.4,0.24,PREMIER BANK MINNESOTA,2026-06-30,2026-06-30
FDIC_3320_20260630,Corporate_Large,Large_D-SIB,US,21674000.0,0.0,21674000.0,1.0,1,12,0,False,False,False,1,BBB,0.65,0.02,0.4,0.24,BIG BEND BANKS N A,2026-06-30,2026-06-30
FDIC_33216_20260630,Corporate_Large,Large_D-SIB,US,2602914000.0,0.0,2602914000.0,1.0,1,12,0,False,False,False,1,BBB,0.65,0.02,0.4,0.24,NORTHRIM BANK,2026-06-30,2026-06-30
FDIC_3325_20260630,Corporate_Large,Large_D-SIB,US,1378380000.0,0.0,1378380000.0,1.0,1,12,0,False,False,False,1,BBB,0.65,0.02,0.4,0.24,FIRST NB OF CENTRAL TEXAS,2026-06-30,2026-06-30
FDIC_3327_20260630,Corporate_Large,Large_D-SIB,US,69572000.0,0.0,69572000.0,1.0,1,12,0,False,False,False,1,BBB,0.65,0.02,0.4,0.24,MASON BANK,2026-06-30,2026-06-30
FDIC_33306_20260630,Corporate_Large,Large_D-SIB,US,43493074000.0,0.0,43493074000.0,1.0,1,12,0,False,False,False,1,BBB,0.65,0.02,0.4,0.24,CIBC BANK USA,2026-06-30,2026-06-30
FDIC_33645_20260630,Corporate_Large,Large_D-SIB,US,441396000.0,0.0,441396000.0,1.0,1,12,0,False,False,False,1,BBB,0.65,0.02,0.4,0.24,LEE BANK,2026-06-30,2026-06-30
FDIC_33648_20260630,Corporate_Large,Large_D-SIB,US,3894047000.0,0.0,3894047000.0,1.0,1,12,0,False,False,False,1,BBB,0.65,0.02,0.4,0.24,BANK OF INDIA,2026-06-30,2026-06-30
FDIC_31900_20260630,Corporate_Large,Large_D-SIB,US,118075000.0,0.0,118075000.0,1.0,1,12,0,False,False,False,1,BBB,0.65,0.02,0.4,0.24,CBL STATE SAVINGS BANK,2026-06-30,2026-06-30
FDIC_33803_20260630,Corporate_Large,Large_D-SIB,US,3226593000.0,0.0,3226593000.0,1.0,1,12,0,False,False,False,1,BBB,0.65,0.02,0.4,0.24,WHEATON B&T NA,2026-06-30,2026-06-30
FDIC_33812_20260630,Corporate_Large,Large_D-SIB,US,334087000.0,0.0,334087000.0,1.0,1,12,0,False,False,False,1,BBB,0.65,0.02,0.4,0.24,AMERICAN NB FOX CITIES,2026-06-30,2026-06-30
FDIC_33818_20260630,Corporate_Large,Large_D-SIB,US,116664000.0,0.0,116664000.0,1.0,1,12,0,False,False,False,1,BBB,0.65,0.02,0.4,0.24,PRIORITY BANK,2026-06-30,2026-06-30
FDIC_33823_20260630,Corporate_Large,Large_D-SIB,US,1269372000.0,0.0,1269372000.0,1.0,1,12,0,False,False,False,1,BBB,0.65,0.02,0.4,0.24,QUILL BANK,2026-06-30,2026-06-30
FDIC_33849_20260630,Corporate_Large,Large_D-SIB,US,5016638000.0,0.0,5016638000.0,1.0,1,12,0,False,False,False,1,BBB,0.65,0.02,0.4,0.24,HINSDALE B&T CO NA,2026-06-30,2026-06-30
FDIC_3384_20260630,Corporate_Large,Large_D-SIB,US,330221000.0,0.0,330221000.0,1.0,1,12,0,False,False,False,1,BBB,0.65,0.02,0.4,0.24,LIBERTY NB IN PARIS,2026-06-30,2026-06-30
FDIC_33851_20260630,Corporate_Large,Large_D-SIB,US,61586000.0,0.0,61586000.0,1.0,1,12,0,False,False,False,1,BBB,0.65,0.02,0.4,0.24,BANK OF MILAN,2026-06-30,2026-06-30
FDIC_33860_20260630,Corporate_Large,Large_D-SIB,US,2147375000.0,0.0,2147375000.0,1.0,1,12,0,False,False,False,1,BBB,0.65,0.02,0.4,0.24,NATIONAL BANK OF INPOLIS,2026-06-30,2026-06-30
FDIC_33867_20260630,Corporate_Large,Large_D-SIB,US,1895840000.0,0.0,1895840000.0,1.0,1,12,0,False,False,False,1,BBB,0.65,0.02,0.4,0.24,QUAD CITY BANK&TRUST CO,2026-06-30,2026-06-30
FDIC_3387_20260630,Corporate_Large,Large_D-SIB,US,1319517000.0,0.0,1319517000.0,1.0,1,12,0,False,False,False,1,BBB,0.65,0.02,0.4,0.24,FIRSTBANK SOUTHWEST,2026-06-30,2026-06-30
FDIC_3388_20260630,Corporate_Large,Large_D-SIB,US,99379000.0,0.0,99379000.0,1.0,1,12,0,False,False,False,1,BBB,0.65,0.02,0.4,0.24,PERRYTON NATIONAL BANK,2026-06-30,2026-06-30
FDIC_33893_20260630,Corporate_Large,Large_D-SIB,US,37167321000.0,0.0,37167321000.0,1.0,1,12,0,False,False,False,1,BBB,0.65,0.02,0.4,0.24,RAYMOND JAMES BANK,2026-06-30,2026-06-30
FDIC_3389_20260630,Corporate_Large,Large_D-SIB,US,592072000.0,0.0,592072000.0,1.0,1,12,0,False,False,False,1,BBB,0.65,0.02,0.4,0.24,POINTBANK,2026-06-30,2026-06-30
FDIC_33922_20260630,Corporate_Large,Large_D-SIB,US,241472000.0,0.0,241472000.0,1.0,1,12,0,False,False,False,1,BBB,0.65,0.02,0.4,0.24,FRONTIER BANK,2026-06-30,2026-06-30
FDIC_33926_20260630,Corporate_Large,Large_D-SIB,US,131938000.0,0.0,131938000.0,1.0,1,12,0,False,False,False,1,BBB,0.65,0.02,0.4,0.24,CHARLEVOIX STATE BANK,2026-06-30,2026-06-30
FDIC_33928_20260630,Corporate_Large,Large_D-SIB,US,909606000.0,0.0,909606000.0,1.0,1,12,0,False,False,False,1,BBB,0.65,0.02,0.4,0.24,PATRIOT BANK NATIONAL ASSN,2026-06-30,2026-06-30
FDIC_33935_20260630,Corporate_Large,Large_D-SIB,US,7956138000.0,0.0,7956138000.0,1.0,1,12,0,False,False,False,1,BBB,0.65,0.02,0.4,0.24,WINTRUST BANK NATIONAL ASSN,2026-06-30,2026-06-30
FDIC_33947_20260630,Corporate_Large,Large_D-SIB,US,8712511000.0,0.0,8712511000.0,1.0,1,12,0,False,False,False,1,BBB,0.65,0.02,0.4,0.24,TD BANK USA NATIONAL ASSN,2026-06-30,2026-06-30
FDIC_33805_20260630,Corporate_Large,Large_D-SIB,US,127474000.0,0.0,127474000.0,1.0,1,12,0,False,False,False,1,BBB,0.65,0.02,0.4,0.24,COMMUNITY BANK OF ELMHURST,2026-06-30,2026-06-30
