account_id,segment,institution_size,province,principal_outstanding,undrawn_limit,collateral_value,loan_to_value,tenure_years,months_on_book,dpd,debt_review_flag,judgement_flag,administration_order,loadshedding_vulnerability_score,internal_rating,base_segment_ccf,base_segment_ttc_pd,base_segment_lgd,base_segment_corr,source_bank,source_date
FDIC_10004_20260331,Corporate_Large,Large_D-SIB,US,213204000.0,0.0,213204000.0,1.0,1,12,0,False,False,False,1,BBB,0.65,0.02,0.4,0.24,ERGO BANK,2026-03-31
FDIC_2327_20260331,Corporate_Large,Large_D-SIB,US,336165000.0,0.0,336165000.0,1.0,1,12,0,False,False,False,1,BBB,0.65,0.02,0.4,0.24,LOCAL BANK,2026-03-31
FDIC_23287_20260331,Corporate_Large,Large_D-SIB,US,4416770000.0,0.0,4416770000.0,1.0,1,12,0,False,False,False,1,BBB,0.65,0.02,0.4,0.24,CAPE COD FIVE CENTS SB,2026-03-31
FDIC_2328_20260331,Corporate_Large,Large_D-SIB,US,30561000.0,0.0,30561000.0,1.0,1,12,0,False,False,False,1,BBB,0.65,0.02,0.4,0.24,AMERICAN EXC BK LINDSAY OK,2026-03-31
FDIC_23293_20260331,Corporate_Large,Large_D-SIB,US,1252773000.0,0.0,1252773000.0,1.0,1,12,0,False,False,False,1,BBB,0.65,0.02,0.4,0.24,FLORENCE BANK,2026-03-31
FDIC_23296_20260331,Corporate_Large,Large_D-SIB,US,6625661000.0,0.0,6625661000.0,1.0,1,12,0,False,False,False,1,BBB,0.65,0.02,0.4,0.24,SALEM FIVE CENTS SB,2026-03-31
FDIC_23298_20260331,Corporate_Large,Large_D-SIB,US,633514000.0,0.0,633514000.0,1.0,1,12,0,False,False,False,1,BBB,0.65,0.02,0.4,0.24,WATERTOWN SAVINGS BANK,2026-03-31
FDIC_232_20260331,Corporate_Large,Large_D-SIB,US,86042000.0,0.0,86042000.0,1.0,1,12,0,False,False,False,1,BBB,0.65,0.02,0.4,0.24,SOLON STATE BANK,2026-03-31
FDIC_2331_20260331,Corporate_Large,Large_D-SIB,US,32656000.0,0.0,32656000.0,1.0,1,12,0,False,False,False,1,BBB,0.65,0.02,0.4,0.24,PEOPLES BANK&TRUST CO,2026-03-31
FDIC_23373_20260331,Corporate_Large,Large_D-SIB,US,83331000.0,0.0,83331000.0,1.0,1,12,0,False,False,False,1,BBB,0.65,0.02,0.4,0.24,UNITED ORIENT BANK,2026-03-31
FDIC_23376_20260331,Corporate_Large,Large_D-SIB,US,318095000.0,0.0,318095000.0,1.0,1,12,0,False,False,False,1,BBB,0.65,0.02,0.4,0.24,FIRST JACKSON BANK INC,2026-03-31
FDIC_23404_20260331,Corporate_Large,Large_D-SIB,US,97867000.0,0.0,97867000.0,1.0,1,12,0,False,False,False,1,BBB,0.65,0.02,0.4,0.24,EVERGREEN NATIONAL BANK,2026-03-31
FDIC_23430_20260331,Corporate_Large,Large_D-SIB,US,103974000.0,0.0,103974000.0,1.0,1,12,0,False,False,False,1,BBB,0.65,0.02,0.4,0.24,FIRST NB OF BURLESON,2026-03-31
FDIC_23473_20260331,Corporate_Large,Large_D-SIB,US,2095352000.0,0.0,2095352000.0,1.0,1,12,0,False,False,False,1,BBB,0.65,0.02,0.4,0.24,FIRST FIDELITY BANK,2026-03-31
FDIC_23474_20260331,Corporate_Large,Large_D-SIB,US,3411482000.0,0.0,3411482000.0,1.0,1,12,0,False,False,False,1,BBB,0.65,0.02,0.4,0.24,AMERICAN NB OF TEXAS,2026-03-31
FDIC_23498_20260331,Corporate_Large,Large_D-SIB,US,5191634000.0,0.0,5191634000.0,1.0,1,12,0,False,False,False,1,BBB,0.65,0.02,0.4,0.24,TBK BANK SSB,2026-03-31
FDIC_234_20260331,Corporate_Large,Large_D-SIB,US,42889000.0,0.0,42889000.0,1.0,1,12,0,False,False,False,1,BBB,0.65,0.02,0.4,0.24,POCAHONTAS STATE BANK,2026-03-31
FDIC_23523_20260331,Corporate_Large,Large_D-SIB,US,83984000.0,0.0,83984000.0,1.0,1,12,0,False,False,False,1,BBB,0.65,0.02,0.4,0.24,CITIZENS BANK INC,2026-03-31
FDIC_23537_20260331,Corporate_Large,Large_D-SIB,US,1124161000.0,0.0,1124161000.0,1.0,1,12,0,False,False,False,1,BBB,0.65,0.02,0.4,0.24,BANKERS BANK,2026-03-31
FDIC_23286_20260331,Corporate_Large,Large_D-SIB,US,1430036000.0,0.0,1430036000.0,1.0,1,12,0,False,False,False,1,BBB,0.65,0.02,0.4,0.24,FALL RIVER FIVE CENTS SB,2026-03-31
FDIC_23275_20260331,Corporate_Large,Large_D-SIB,US,1505733000.0,0.0,1505733000.0,1.0,1,12,0,False,False,False,1,BBB,0.65,0.02,0.4,0.24,PLUMAS BANK,2026-03-31
FDIC_23551_20260331,Corporate_Large,Large_D-SIB,US,85821000.0,0.0,85821000.0,1.0,1,12,0,False,False,False,1,BBB,0.65,0.02,0.4,0.24,COMMUNITY BK EL DORADO SPRIN,2026-03-31
FDIC_23270_20260331,Corporate_Large,Large_D-SIB,US,29320000.0,0.0,29320000.0,1.0,1,12,0,False,False,False,1,BBB,0.65,0.02,0.4,0.24,SIOUXLAND BANK,2026-03-31
FDIC_23091_20260331,Corporate_Large,Large_D-SIB,US,4362058000.0,0.0,4362058000.0,1.0,1,12,0,False,False,False,1,BBB,0.65,0.02,0.4,0.24,ALPINE BANK,2026-03-31
FDIC_23099_20260331,Corporate_Large,Large_D-SIB,US,102755000.0,0.0,102755000.0,1.0,1,12,0,False,False,False,1,BBB,0.65,0.02,0.4,0.24,BANK OF PROTECTION,2026-03-31
FDIC_230_20260331,Corporate_Large,Large_D-SIB,US,158188000.0,0.0,158188000.0,1.0,1,12,0,False,False,False,1,BBB,0.65,0.02,0.4,0.24,COMMUNITY STATE BANK,2026-03-31
FDIC_23123_20260331,Corporate_Large,Large_D-SIB,US,385354000.0,0.0,385354000.0,1.0,1,12,0,False,False,False,1,BBB,0.65,0.02,0.4,0.24,BANK OF BARTLETT,2026-03-31
FDIC_23126_20260331,Corporate_Large,Large_D-SIB,US,61533000.0,0.0,61533000.0,1.0,1,12,0,False,False,False,1,BBB,0.65,0.02,0.4,0.24,HURON STATE BANK,2026-03-31
FDIC_23144_20260331,Corporate_Large,Large_D-SIB,US,369298000.0,0.0,369298000.0,1.0,1,12,0,False,False,False,1,BBB,0.65,0.02,0.4,0.24,SOUTH LOUISIANA BANK,2026-03-31
FDIC_23152_20260331,Corporate_Large,Large_D-SIB,US,233738000.0,0.0,233738000.0,1.0,1,12,0,False,False,False,1,BBB,0.65,0.02,0.4,0.24,FIRST CITIZENS BANK,2026-03-31
FDIC_2315_20260331,Corporate_Large,Large_D-SIB,US,2017638000.0,0.0,2017638000.0,1.0,1,12,0,False,False,False,1,BBB,0.65,0.02,0.4,0.24,ARMSTRONG BANK,2026-03-31
FDIC_2317_20260331,Corporate_Large,Large_D-SIB,US,196220000.0,0.0,196220000.0,1.0,1,12,0,False,False,False,1,BBB,0.65,0.02,0.4,0.24,METHOD BANK,2026-03-31
FDIC_23189_20260331,Corporate_Large,Large_D-SIB,US,196490000.0,0.0,196490000.0,1.0,1,12,0,False,False,False,1,BBB,0.65,0.02,0.4,0.24,COMMUNITY BANK&TRUST CO,2026-03-31
FDIC_231_20260331,Corporate_Large,Large_D-SIB,US,275798000.0,0.0,275798000.0,1.0,1,12,0,False,False,False,1,BBB,0.65,0.02,0.4,0.24,COMMERCIAL SAVINGS BANK,2026-03-31
FDIC_2320_20260331,Corporate_Large,Large_D-SIB,US,102020000.0,0.0,102020000.0,1.0,1,12,0,False,False,False,1,BBB,0.65,0.02,0.4,0.24,CARSON COMMUNITY BANK,2026-03-31
FDIC_23210_20260331,Corporate_Large,Large_D-SIB,US,331849000.0,0.0,331849000.0,1.0,1,12,0,False,False,False,1,BBB,0.65,0.02,0.4,0.24,BANKERS BANK OF THE WEST,2026-03-31
FDIC_23220_20260331,Corporate_Large,Large_D-SIB,US,6044272000.0,0.0,6044272000.0,1.0,1,12,0,False,False,False,1,BBB,0.65,0.02,0.4,0.24,WOODFOREST NATIONAL BANK,2026-03-31
FDIC_23242_20260331,Corporate_Large,Large_D-SIB,US,82666000.0,0.0,82666000.0,1.0,1,12,0,False,False,False,1,BBB,0.65,0.02,0.4,0.24,CALIFORNIA PACIFIC BANK,2026-03-31
FDIC_23257_20260331,Corporate_Large,Large_D-SIB,US,298079000.0,0.0,298079000.0,1.0,1,12,0,False,False,False,1,BBB,0.65,0.02,0.4,0.24,COMMUNITY STATE BANK,2026-03-31
FDIC_2326_20260331,Corporate_Large,Large_D-SIB,US,437198000.0,0.0,437198000.0,1.0,1,12,0,False,False,False,1,BBB,0.65,0.02,0.4,0.24,AVB BANK,2026-03-31
FDIC_23546_20260331,Corporate_Large,Large_D-SIB,US,256624000.0,0.0,256624000.0,1.0,1,12,0,False,False,False,1,BBB,0.65,0.02,0.4,0.24,MUNICIPAL TRUST&SAVINGS BANK,2026-03-31
FDIC_23597_20260331,Corporate_Large,Large_D-SIB,US,230185000.0,0.0,230185000.0,1.0,1,12,0,False,False,False,1,BBB,0.65,0.02,0.4,0.24,LAMAR NATIONAL BANK,2026-03-31
FDIC_23086_20260331,Corporate_Large,Large_D-SIB,US,382496000.0,0.0,382496000.0,1.0,1,12,0,False,False,False,1,BBB,0.65,0.02,0.4,0.24,NEW OMNI BANK NATIONAL ASSN,2026-03-31
FDIC_23886_20260331,Corporate_Large,Large_D-SIB,US,483299000.0,0.0,483299000.0,1.0,1,12,0,False,False,False,1,BBB,0.65,0.02,0.4,0.24,AMERICAN BANK NATIONAL ASSN,2026-03-31
FDIC_23966_20260331,Corporate_Large,Large_D-SIB,US,405288000.0,0.0,405288000.0,1.0,1,12,0,False,False,False,1,BBB,0.65,0.02,0.4,0.24,ONEUNITED BANK,2026-03-31
FDIC_23986_20260331,Corporate_Large,Large_D-SIB,US,79062000.0,0.0,79062000.0,1.0,1,12,0,False,False,False,1,BBB,0.65,0.02,0.4,0.24,MINNESOTA LAKES BANK,2026-03-31
FDIC_23989_20260331,Corporate_Large,Large_D-SIB,US,56395000.0,0.0,56395000.0,1.0,1,12,0,False,False,False,1,BBB,0.65,0.02,0.4,0.24,MINERS EXCHANGE BANK,2026-03-31
FDIC_23992_20260331,Corporate_Large,Large_D-SIB,US,1748188000.0,0.0,1748188000.0,1.0,1,12,0,False,False,False,1,BBB,0.65,0.02,0.4,0.24,COUNTRY BANK FOR SAVINGS,2026-03-31
FDIC_23998_20260331,Corporate_Large,Large_D-SIB,US,1208595000.0,0.0,1208595000.0,1.0,1,12,0,False,False,False,1,BBB,0.65,0.02,0.4,0.24,STATE BANK OF INDIA CA,2026-03-31
FDIC_24015_20260331,Corporate_Large,Large_D-SIB,US,218053000.0,0.0,218053000.0,1.0,1,12,0,False,False,False,1,BBB,0.65,0.02,0.4,0.24,HARBOR BANK OF MARYLAND,2026-03-31
FDIC_24038_20260331,Corporate_Large,Large_D-SIB,US,23297000.0,0.0,23297000.0,1.0,1,12,0,False,False,False,1,BBB,0.65,0.02,0.4,0.24,BRAZOS NATIONAL BANK,2026-03-31
FDIC_24045_20260331,Corporate_Large,Large_D-SIB,US,25039396000.0,0.0,25039396000.0,1.0,1,12,0,False,False,False,1,BBB,0.65,0.02,0.4,0.24,BANC OF CALIFORNIA,2026-03-31
FDIC_24064_20260331,Corporate_Large,Large_D-SIB,US,21184000.0,0.0,21184000.0,1.0,1,12,0,False,False,False,1,BBB,0.65,0.02,0.4,0.24,ATASCOSA BANK,2026-03-31
FDIC_24085_20260331,Corporate_Large,Large_D-SIB,US,36753000.0,0.0,36753000.0,1.0,1,12,0,False,False,False,1,BBB,0.65,0.02,0.4,0.24,CITIZENS NATIONAL BANK,2026-03-31
FDIC_24156_20260331,Corporate_Large,Large_D-SIB,US,5976347000.0,0.0,5976347000.0,1.0,1,12,0,False,False,False,1,BBB,0.65,0.02,0.4,0.24,OCEAN BANK,2026-03-31
FDIC_24170_20260331,Corporate_Large,Large_D-SIB,US,6550399000.0,0.0,6550399000.0,1.0,1,12,0,False,False,False,1,BBB,0.65,0.02,0.4,0.24,HANMI BANK,2026-03-31
FDIC_24199_20260331,Corporate_Large,Large_D-SIB,US,166125000.0,0.0,166125000.0,1.0,1,12,0,False,False,False,1,BBB,0.65,0.02,0.4,0.24,CAPITOL NATIONAL BANK,2026-03-31
FDIC_24211_20260331,Corporate_Large,Large_D-SIB,US,86236000.0,0.0,86236000.0,1.0,1,12,0,False,False,False,1,BBB,0.65,0.02,0.4,0.24,BANK OF WHITTIER NA,2026-03-31
FDIC_24303_20260331,Corporate_Large,Large_D-SIB,US,60307000.0,0.0,60307000.0,1.0,1,12,0,False,False,False,1,BBB,0.65,0.02,0.4,0.24,PAVILLION BANK,2026-03-31
FDIC_24305_20260331,Corporate_Large,Large_D-SIB,US,175673000.0,0.0,175673000.0,1.0,1,12,0,False,False,False,1,BBB,0.65,0.02,0.4,0.24,LLANO NATIONAL BANK,2026-03-31
FDIC_24332_20260331,Corporate_Large,Large_D-SIB,US,395150000.0,0.0,395150000.0,1.0,1,12,0,False,False,False,1,BBB,0.65,0.02,0.4,0.24,FIRST CREDIT BANK,2026-03-31
FDIC_2391_20260331,Corporate_Large,Large_D-SIB,US,97239000.0,0.0,97239000.0,1.0,1,12,0,False,False,False,1,BBB,0.65,0.02,0.4,0.24,SECURITY BANK,2026-03-31
FDIC_23864_20260331,Corporate_Large,Large_D-SIB,US,198308000.0,0.0,198308000.0,1.0,1,12,0,False,False,False,1,BBB,0.65,0.02,0.4,0.24,SUMMIT BANK,2026-03-31
FDIC_2359_20260331,Corporate_Large,Large_D-SIB,US,292326000.0,0.0,292326000.0,1.0,1,12,0,False,False,False,1,BBB,0.65,0.02,0.4,0.24,MAUCH CHUNK TRUST CO,2026-03-31
FDIC_23826_20260331,Corporate_Large,Large_D-SIB,US,2368000.0,0.0,2368000.0,1.0,1,12,0,False,False,False,1,BBB,0.65,0.02,0.4,0.24,BANK OF JACKSON HOLE TRUST,2026-03-31
FDIC_235_20260331,Corporate_Large,Large_D-SIB,US,444260000.0,0.0,444260000.0,1.0,1,12,0,False,False,False,1,BBB,0.65,0.02,0.4,0.24,SECURITY STATE BANK,2026-03-31
FDIC_23620_20260331,Corporate_Large,Large_D-SIB,US,1998263000.0,0.0,1998263000.0,1.0,1,12,0,False,False,False,1,BBB,0.65,0.02,0.4,0.24,DEDHAM INST FOR SVG,2026-03-31
FDIC_23622_20260331,Corporate_Large,Large_D-SIB,US,2653492000.0,0.0,2653492000.0,1.0,1,12,0,False,False,False,1,BBB,0.65,0.02,0.4,0.24,BRISTOL COUNTY SAVINGS BANK,2026-03-31
FDIC_23623_20260331,Corporate_Large,Large_D-SIB,US,5047204000.0,0.0,5047204000.0,1.0,1,12,0,False,False,False,1,BBB,0.65,0.02,0.4,0.24,WASHINGTON TR CO OF WESTERLY,2026-03-31
FDIC_23627_20260331,Corporate_Large,Large_D-SIB,US,5408903000.0,0.0,5408903000.0,1.0,1,12,0,False,False,False,1,BBB,0.65,0.02,0.4,0.24,REPUBLIC BANK&TRUST CO,2026-03-31
FDIC_23647_20260331,Corporate_Large,Large_D-SIB,US,1763046000.0,0.0,1763046000.0,1.0,1,12,0,False,False,False,1,BBB,0.65,0.02,0.4,0.24,TIB NATIONAL ASSN,2026-03-31
FDIC_23737_20260331,Corporate_Large,Large_D-SIB,US,380348000.0,0.0,380348000.0,1.0,1,12,0,False,False,False,1,BBB,0.65,0.02,0.4,0.24,VAST BANK NATIONAL ASSN,2026-03-31
FDIC_23749_20260331,Corporate_Large,Large_D-SIB,US,202843000.0,0.0,202843000.0,1.0,1,12,0,False,False,False,1,BBB,0.65,0.02,0.4,0.24,MISSION NATIONAL BANK,2026-03-31
FDIC_23764_20260331,Corporate_Large,Large_D-SIB,US,256562000.0,0.0,256562000.0,1.0,1,12,0,False,False,False,1,BBB,0.65,0.02,0.4,0.24,FMS BANK,2026-03-31
FDIC_23772_20260331,Corporate_Large,Large_D-SIB,US,174330000.0,0.0,174330000.0,1.0,1,12,0,False,False,False,1,BBB,0.65,0.02,0.4,0.24,COMMERCE BANK,2026-03-31
FDIC_23798_20260331,Corporate_Large,Large_D-SIB,US,148846000.0,0.0,148846000.0,1.0,1,12,0,False,False,False,1,BBB,0.65,0.02,0.4,0.24,MCCURTAIN COUNTY NB,2026-03-31
FDIC_23799_20260331,Corporate_Large,Large_D-SIB,US,1338101000.0,0.0,1338101000.0,1.0,1,12,0,False,False,False,1,BBB,0.65,0.02,0.4,0.24,TEXAS FIRST BANK,2026-03-31
FDIC_2379_20260331,Corporate_Large,Large_D-SIB,US,77166000.0,0.0,77166000.0,1.0,1,12,0,False,False,False,1,BBB,0.65,0.02,0.4,0.24,BANK OF GLEASON,2026-03-31
FDIC_23805_20260331,Corporate_Large,Large_D-SIB,US,139334000.0,0.0,139334000.0,1.0,1,12,0,False,False,False,1,BBB,0.65,0.02,0.4,0.24,UNITED PACIFIC BANK,2026-03-31
FDIC_23806_20260331,Corporate_Large,Large_D-SIB,US,899472000.0,0.0,899472000.0,1.0,1,12,0,False,False,False,1,BBB,0.65,0.02,0.4,0.24,TRAILWEST BANK,2026-03-31
FDIC_2380_20260331,Corporate_Large,Large_D-SIB,US,471257000.0,0.0,471257000.0,1.0,1,12,0,False,False,False,1,BBB,0.65,0.02,0.4,0.24,CARROLL BANK&TRUST,2026-03-31
FDIC_23815_20260331,Corporate_Large,Large_D-SIB,US,197802000.0,0.0,197802000.0,1.0,1,12,0,False,False,False,1,BBB,0.65,0.02,0.4,0.24,FIRST STB OF DEKALB COUNTY,2026-03-31
FDIC_2308_20260331,Corporate_Large,Large_D-SIB,US,29549000.0,0.0,29549000.0,1.0,1,12,0,False,False,False,1,BBB,0.65,0.02,0.4,0.24,WASHITA VALLEY BANK,2026-03-31
FDIC_23041_20260331,Corporate_Large,Large_D-SIB,US,770605000.0,0.0,770605000.0,1.0,1,12,0,False,False,False,1,BBB,0.65,0.02,0.4,0.24,BANK OF THE PACIFIC,2026-03-31
FDIC_24353_20260331,Corporate_Large,Large_D-SIB,US,464388000.0,0.0,464388000.0,1.0,1,12,0,False,False,False,1,BBB,0.65,0.02,0.4,0.24,FIRST COMMUNITY BANK,2026-03-31
FDIC_22398_20260331,Corporate_Large,Large_D-SIB,US,504290000.0,0.0,504290000.0,1.0,1,12,0,False,False,False,1,BBB,0.65,0.02,0.4,0.24,MODERN BANK NATIONAL ASSN,2026-03-31
FDIC_2241_20260331,Corporate_Large,Large_D-SIB,US,749341000.0,0.0,749341000.0,1.0,1,12,0,False,False,False,1,BBB,0.65,0.02,0.4,0.24,CNB BANK,2026-03-31
FDIC_22430_20260331,Corporate_Large,Large_D-SIB,US,28081000.0,0.0,28081000.0,1.0,1,12,0,False,False,False,1,BBB,0.65,0.02,0.4,0.24,WASHITA STATE BANK,2026-03-31
FDIC_22434_20260331,Corporate_Large,Large_D-SIB,US,202517000.0,0.0,202517000.0,1.0,1,12,0,False,False,False,1,BBB,0.65,0.02,0.4,0.24,BANKCHAMPAIGN NATIONAL ASSN,2026-03-31
FDIC_22447_20260331,Corporate_Large,Large_D-SIB,US,217027000.0,0.0,217027000.0,1.0,1,12,0,False,False,False,1,BBB,0.65,0.02,0.4,0.24,WRAY STATE BANK,2026-03-31
FDIC_22448_20260331,Corporate_Large,Large_D-SIB,US,52285000.0,0.0,52285000.0,1.0,1,12,0,False,False,False,1,BBB,0.65,0.02,0.4,0.24,FIRST STATE BANK,2026-03-31
FDIC_2244_20260331,Corporate_Large,Large_D-SIB,US,199473000.0,0.0,199473000.0,1.0,1,12,0,False,False,False,1,BBB,0.65,0.02,0.4,0.24,JAMES POLK STONE CMTY BANK,2026-03-31
FDIC_22451_20260331,Corporate_Large,Large_D-SIB,US,2291860000.0,0.0,2291860000.0,1.0,1,12,0,False,False,False,1,BBB,0.65,0.02,0.4,0.24,LAWRENCE BANK,2026-03-31
FDIC_22460_20260331,Corporate_Large,Large_D-SIB,US,151520000.0,0.0,151520000.0,1.0,1,12,0,False,False,False,1,BBB,0.65,0.02,0.4,0.24,MONTEREY COUNTY BANK,2026-03-31
FDIC_2247_20260331,Corporate_Large,Large_D-SIB,US,121835000.0,0.0,121835000.0,1.0,1,12,0,False,False,False,1,BBB,0.65,0.02,0.4,0.24,BANK OF THE SOUTHWEST,2026-03-31
FDIC_2249_20260331,Corporate_Large,Large_D-SIB,US,73292000.0,0.0,73292000.0,1.0,1,12,0,False,False,False,1,BBB,0.65,0.02,0.4,0.24,WESTERN BANK,2026-03-31
FDIC_22514_20260331,Corporate_Large,Large_D-SIB,US,110659000.0,0.0,110659000.0,1.0,1,12,0,False,False,False,1,BBB,0.65,0.02,0.4,0.24,UTAH INDEPENDENT BANK,2026-03-31
FDIC_22526_20260331,Corporate_Large,Large_D-SIB,US,184304000.0,0.0,184304000.0,1.0,1,12,0,False,False,False,1,BBB,0.65,0.02,0.4,0.24,SPRING HILL STATE BANK,2026-03-31
FDIC_22536_20260331,Corporate_Large,Large_D-SIB,US,287081000.0,0.0,287081000.0,1.0,1,12,0,False,False,False,1,BBB,0.65,0.02,0.4,0.24,FIRST SECURE BANK&TRUST CO,2026-03-31
FDIC_22537_20260331,Corporate_Large,Large_D-SIB,US,923852000.0,0.0,923852000.0,1.0,1,12,0,False,False,False,1,BBB,0.65,0.02,0.4,0.24,PEOPLES BANK OF ALABAMA,2026-03-31
FDIC_22549_20260331,Corporate_Large,Large_D-SIB,US,10556000.0,0.0,10556000.0,1.0,1,12,0,False,False,False,1,BBB,0.65,0.02,0.4,0.24,FIRST PROGRESSIVE BANK,2026-03-31
FDIC_22559_20260331,Corporate_Large,Large_D-SIB,US,2679216000.0,0.0,2679216000.0,1.0,1,12,0,False,False,False,1,BBB,0.65,0.02,0.4,0.24,BRAVERA BANK,2026-03-31
FDIC_22567_20260331,Corporate_Large,Large_D-SIB,US,89078000.0,0.0,89078000.0,1.0,1,12,0,False,False,False,1,BBB,0.65,0.02,0.4,0.24,COMMUNITY STATE BANK,2026-03-31
FDIC_2240_20260331,Corporate_Large,Large_D-SIB,US,1140525000.0,0.0,1140525000.0,1.0,1,12,0,False,False,False,1,BBB,0.65,0.02,0.4,0.24,FIRST AMERICAN BANK,2026-03-31
FDIC_22396_20260331,Corporate_Large,Large_D-SIB,US,1166426000.0,0.0,1166426000.0,1.0,1,12,0,False,False,False,1,BBB,0.65,0.02,0.4,0.24,CENTRAL NATIONAL BANK,2026-03-31
FDIC_22597_20260331,Corporate_Large,Large_D-SIB,US,2466794000.0,0.0,2466794000.0,1.0,1,12,0,False,False,False,1,BBB,0.65,0.02,0.4,0.24,BANK OF THE SIERRA,2026-03-31
FDIC_22394_20260331,Corporate_Large,Large_D-SIB,US,492707000.0,0.0,492707000.0,1.0,1,12,0,False,False,False,1,BBB,0.65,0.02,0.4,0.24,PEOPLES COMMUNITY BANK,2026-03-31
FDIC_22263_20260331,Corporate_Large,Large_D-SIB,US,41356000.0,0.0,41356000.0,1.0,1,12,0,False,False,False,1,BBB,0.65,0.02,0.4,0.24,AMERICAN STB OF GRYGLA,2026-03-31
FDIC_22271_20260331,Corporate_Large,Large_D-SIB,US,148932000.0,0.0,148932000.0,1.0,1,12,0,False,False,False,1,BBB,0.65,0.02,0.4,0.24,FIRST NATIONAL BANK,2026-03-31
FDIC_22273_20260331,Corporate_Large,Large_D-SIB,US,118692000.0,0.0,118692000.0,1.0,1,12,0,False,False,False,1,BBB,0.65,0.02,0.4,0.24,GUARANTY BANK INC,2026-03-31
FDIC_22282_20260331,Corporate_Large,Large_D-SIB,US,418665000.0,0.0,418665000.0,1.0,1,12,0,False,False,False,1,BBB,0.65,0.02,0.4,0.24,FIRST NATIONS BANK,2026-03-31
FDIC_2228_20260331,Corporate_Large,Large_D-SIB,US,148891000.0,0.0,148891000.0,1.0,1,12,0,False,False,False,1,BBB,0.65,0.02,0.4,0.24,RNB STATE BANK,2026-03-31
FDIC_2229_20260331,Corporate_Large,Large_D-SIB,US,146788000.0,0.0,146788000.0,1.0,1,12,0,False,False,False,1,BBB,0.65,0.02,0.4,0.24,RSNB BANK,2026-03-31
FDIC_22308_20260331,Corporate_Large,Large_D-SIB,US,1044585000.0,0.0,1044585000.0,1.0,1,12,0,False,False,False,1,BBB,0.65,0.02,0.4,0.24,WEST MICHIGAN COMMUNITY BANK,2026-03-31
FDIC_22319_20260331,Corporate_Large,Large_D-SIB,US,1526345000.0,0.0,1526345000.0,1.0,1,12,0,False,False,False,1,BBB,0.65,0.02,0.4,0.24,LEGACY BANK&TRUST CO,2026-03-31
FDIC_2232_20260331,Corporate_Large,Large_D-SIB,US,934506000.0,0.0,934506000.0,1.0,1,12,0,False,False,False,1,BBB,0.65,0.02,0.4,0.24,PINNACLE BANK WYOMING,2026-03-31
FDIC_22334_20260331,Corporate_Large,Large_D-SIB,US,2178359000.0,0.0,2178359000.0,1.0,1,12,0,False,False,False,1,BBB,0.65,0.02,0.4,0.24,ONE COMMUNITY BANK,2026-03-31
FDIC_22340_20260331,Corporate_Large,Large_D-SIB,US,361222000.0,0.0,361222000.0,1.0,1,12,0,False,False,False,1,BBB,0.65,0.02,0.4,0.24,PANHANDLE FIRST BANK,2026-03-31
FDIC_22354_20260331,Corporate_Large,Large_D-SIB,US,1879938000.0,0.0,1879938000.0,1.0,1,12,0,False,False,False,1,BBB,0.65,0.02,0.4,0.24,COMMERCIAL BANK,2026-03-31
FDIC_22355_20260331,Corporate_Large,Large_D-SIB,US,37493000.0,0.0,37493000.0,1.0,1,12,0,False,False,False,1,BBB,0.65,0.02,0.4,0.24,PINNACLE BANK INC,2026-03-31
FDIC_22358_20260331,Corporate_Large,Large_D-SIB,US,39078000.0,0.0,39078000.0,1.0,1,12,0,False,False,False,1,BBB,0.65,0.02,0.4,0.24,CITIZENS BANK,2026-03-31
FDIC_22366_20260331,Corporate_Large,Large_D-SIB,US,463786000.0,0.0,463786000.0,1.0,1,12,0,False,False,False,1,BBB,0.65,0.02,0.4,0.24,GBC INTERNATIONAL BANK,2026-03-31
FDIC_22373_20260331,Corporate_Large,Large_D-SIB,US,1887700000.0,0.0,1887700000.0,1.0,1,12,0,False,False,False,1,BBB,0.65,0.02,0.4,0.24,AMERICAN NATIONAL BANK&TRUST,2026-03-31
FDIC_22381_20260331,Corporate_Large,Large_D-SIB,US,88300000.0,0.0,88300000.0,1.0,1,12,0,False,False,False,1,BBB,0.65,0.02,0.4,0.24,ANAHUAC NATIONAL BANK,2026-03-31
FDIC_22578_20260331,Corporate_Large,Large_D-SIB,US,215327000.0,0.0,215327000.0,1.0,1,12,0,False,False,False,1,BBB,0.65,0.02,0.4,0.24,BRIGHTON BANK,2026-03-31
FDIC_22598_20260331,Corporate_Large,Large_D-SIB,US,64345000.0,0.0,64345000.0,1.0,1,12,0,False,False,False,1,BBB,0.65,0.02,0.4,0.24,FLORA BANK&TRUST,2026-03-31
FDIC_23030_20260331,Corporate_Large,Large_D-SIB,US,2551058000.0,0.0,2551058000.0,1.0,1,12,0,False,False,False,1,BBB,0.65,0.02,0.4,0.24,COMMUNITY WEST BANK,2026-03-31
FDIC_22867_20260331,Corporate_Large,Large_D-SIB,US,120406000.0,0.0,120406000.0,1.0,1,12,0,False,False,False,1,BBB,0.65,0.02,0.4,0.24,COMMUNITY BANK OF RAYMORE,2026-03-31
FDIC_22874_20260331,Corporate_Large,Large_D-SIB,US,434449000.0,0.0,434449000.0,1.0,1,12,0,False,False,False,1,BBB,0.65,0.02,0.4,0.24,HICKORY POINT BANK&TRUST,2026-03-31
FDIC_22876_20260331,Corporate_Large,Large_D-SIB,US,631229000.0,0.0,631229000.0,1.0,1,12,0,False,False,False,1,BBB,0.65,0.02,0.4,0.24,SOUTHWEST MISSOURI BANK,2026-03-31
FDIC_22888_20260331,Corporate_Large,Large_D-SIB,US,97805000.0,0.0,97805000.0,1.0,1,12,0,False,False,False,1,BBB,0.65,0.02,0.4,0.24,FARMERS&MINERS BANK,2026-03-31
FDIC_22895_20260331,Corporate_Large,Large_D-SIB,US,230070000.0,0.0,230070000.0,1.0,1,12,0,False,False,False,1,BBB,0.65,0.02,0.4,0.24,PUTNAM COUNTY STATE BANK,2026-03-31
FDIC_228_20260331,Corporate_Large,Large_D-SIB,US,1361623000.0,0.0,1361623000.0,1.0,1,12,0,False,False,False,1,BBB,0.65,0.02,0.4,0.24,AMERICAN STATE BANK,2026-03-31
FDIC_22918_20260331,Corporate_Large,Large_D-SIB,US,3560881000.0,0.0,3560881000.0,1.0,1,12,0,False,False,False,1,BBB,0.65,0.02,0.4,0.24,FIRST BANK&TRUST CO,2026-03-31
FDIC_22925_20260331,Corporate_Large,Large_D-SIB,US,104552000.0,0.0,104552000.0,1.0,1,12,0,False,False,False,1,BBB,0.65,0.02,0.4,0.24,INDEPENDENCE BANK,2026-03-31
FDIC_22942_20260331,Corporate_Large,Large_D-SIB,US,90145000.0,0.0,90145000.0,1.0,1,12,0,False,False,False,1,BBB,0.65,0.02,0.4,0.24,AMERICAN NB OF MT PLEASANT,2026-03-31
FDIC_22953_20260331,Corporate_Large,Large_D-SIB,US,6753781000.0,0.0,6753781000.0,1.0,1,12,0,False,False,False,1,BBB,0.65,0.02,0.4,0.24,AMERANT BANK NATIONAL ASSN,2026-03-31
FDIC_22954_20260331,Corporate_Large,Large_D-SIB,US,38110000.0,0.0,38110000.0,1.0,1,12,0,False,False,False,1,BBB,0.65,0.02,0.4,0.24,CITIZENS BK MORGANTOWN INC,2026-03-31
FDIC_22957_20260331,Corporate_Large,Large_D-SIB,US,1543464000.0,0.0,1543464000.0,1.0,1,12,0,False,False,False,1,BBB,0.65,0.02,0.4,0.24,WEST TEXAS NATIONAL BANK,2026-03-31
FDIC_22964_20260331,Corporate_Large,Large_D-SIB,US,467413000.0,0.0,467413000.0,1.0,1,12,0,False,False,False,1,BBB,0.65,0.02,0.4,0.24,FIRST COMMUNITY BANK,2026-03-31
FDIC_22971_20260331,Corporate_Large,Large_D-SIB,US,192926000.0,0.0,192926000.0,1.0,1,12,0,False,False,False,1,BBB,0.65,0.02,0.4,0.24,FIRST SECURE STATE BANK,2026-03-31
FDIC_22993_20260331,Corporate_Large,Large_D-SIB,US,116604000.0,0.0,116604000.0,1.0,1,12,0,False,False,False,1,BBB,0.65,0.02,0.4,0.24,TWIN RIVER BANK,2026-03-31
FDIC_23007_20260331,Corporate_Large,Large_D-SIB,US,598656000.0,0.0,598656000.0,1.0,1,12,0,False,False,False,1,BBB,0.65,0.02,0.4,0.24,OREGON PACIFIC BK DBA OR PAC,2026-03-31
FDIC_2300_20260331,Corporate_Large,Large_D-SIB,US,68318000.0,0.0,68318000.0,1.0,1,12,0,False,False,False,1,BBB,0.65,0.02,0.4,0.24,BANK OF MAGNOLIA CO,2026-03-31
FDIC_2301_20260331,Corporate_Large,Large_D-SIB,US,124419000.0,0.0,124419000.0,1.0,1,12,0,False,False,False,1,BBB,0.65,0.02,0.4,0.24,FIRST STATE BANK,2026-03-31
FDIC_2286_20260331,Corporate_Large,Large_D-SIB,US,330874000.0,0.0,330874000.0,1.0,1,12,0,False,False,False,1,BBB,0.65,0.02,0.4,0.24,BUCKEYE STATE BANK,2026-03-31
FDIC_2285_20260331,Corporate_Large,Large_D-SIB,US,554645000.0,0.0,554645000.0,1.0,1,12,0,False,False,False,1,BBB,0.65,0.02,0.4,0.24,GENOA BANKING CO,2026-03-31
FDIC_22600_20260331,Corporate_Large,Large_D-SIB,US,160947000.0,0.0,160947000.0,1.0,1,12,0,False,False,False,1,BBB,0.65,0.02,0.4,0.24,VALLEY BANK OF COMMERCE,2026-03-31
FDIC_22858_20260331,Corporate_Large,Large_D-SIB,US,24892373000.0,0.0,24892373000.0,1.0,1,12,0,False,False,False,1,BBB,0.65,0.02,0.4,0.24,UNITED BANK,2026-03-31
FDIC_22601_20260331,Corporate_Large,Large_D-SIB,US,167802000.0,0.0,167802000.0,1.0,1,12,0,False,False,False,1,BBB,0.65,0.02,0.4,0.24,CITIZENS BANK,2026-03-31
FDIC_22636_20260331,Corporate_Large,Large_D-SIB,US,109716000.0,0.0,109716000.0,1.0,1,12,0,False,False,False,1,BBB,0.65,0.02,0.4,0.24,COMMUNITY BANK OF MARSHALL,2026-03-31
FDIC_22639_20260331,Corporate_Large,Large_D-SIB,US,112665000.0,0.0,112665000.0,1.0,1,12,0,False,False,False,1,BBB,0.65,0.02,0.4,0.24,BANK OF COMMERCE,2026-03-31
FDIC_22653_20260331,Corporate_Large,Large_D-SIB,US,66661000.0,0.0,66661000.0,1.0,1,12,0,False,False,False,1,BBB,0.65,0.02,0.4,0.24,GREEN DOT BK DBA BONNEVILLE,2026-03-31
FDIC_22669_20260331,Corporate_Large,Large_D-SIB,US,72071000.0,0.0,72071000.0,1.0,1,12,0,False,False,False,1,BBB,0.65,0.02,0.4,0.24,NEVADA BANK&TRUST CO,2026-03-31
FDIC_226_20260331,Corporate_Large,Large_D-SIB,US,153287000.0,0.0,153287000.0,1.0,1,12,0,False,False,False,1,BBB,0.65,0.02,0.4,0.24,GUTHRIE COUNTY STATE BANK,2026-03-31
FDIC_2270_20260331,Corporate_Large,Large_D-SIB,US,61373409000.0,0.0,61373409000.0,1.0,1,12,0,False,False,False,1,BBB,0.65,0.02,0.4,0.24,ZIONS BCORP N A,2026-03-31
FDIC_22717_20260331,Corporate_Large,Large_D-SIB,US,207834000.0,0.0,207834000.0,1.0,1,12,0,False,False,False,1,BBB,0.65,0.02,0.4,0.24,CITIZENS B&T CO OF ARDMORE,2026-03-31
FDIC_22738_20260331,Corporate_Large,Large_D-SIB,US,660577000.0,0.0,660577000.0,1.0,1,12,0,False,False,False,1,BBB,0.65,0.02,0.4,0.24,FIRST UTAH BANK,2026-03-31
FDIC_22739_20260331,Corporate_Large,Large_D-SIB,US,296244000.0,0.0,296244000.0,1.0,1,12,0,False,False,False,1,BBB,0.65,0.02,0.4,0.24,BANK OF ST FRANCISVILLE,2026-03-31
FDIC_2273_20260331,Corporate_Large,Large_D-SIB,US,16921000.0,0.0,16921000.0,1.0,1,12,0,False,False,False,1,BBB,0.65,0.02,0.4,0.24,FIRST NATIONAL BANK OF ELY,2026-03-31
FDIC_22756_20260331,Corporate_Large,Large_D-SIB,US,235866000.0,0.0,235866000.0,1.0,1,12,0,False,False,False,1,BBB,0.65,0.02,0.4,0.24,PEOPLES B&T CO PICKETT CNTY,2026-03-31
FDIC_22811_20260331,Corporate_Large,Large_D-SIB,US,123924000.0,0.0,123924000.0,1.0,1,12,0,False,False,False,1,BBB,0.65,0.02,0.4,0.24,BRICKYARD BANK,2026-03-31
FDIC_22835_20260331,Corporate_Large,Large_D-SIB,US,29676000.0,0.0,29676000.0,1.0,1,12,0,False,False,False,1,BBB,0.65,0.02,0.4,0.24,LAUDERDALE COUNTY BANK,2026-03-31
FDIC_22839_20260331,Corporate_Large,Large_D-SIB,US,12814000.0,0.0,12814000.0,1.0,1,12,0,False,False,False,1,BBB,0.65,0.02,0.4,0.24,LATIMER STATE BANK,2026-03-31
FDIC_2284_20260331,Corporate_Large,Large_D-SIB,US,319732000.0,0.0,319732000.0,1.0,1,12,0,False,False,False,1,BBB,0.65,0.02,0.4,0.24,NORTH VALLEY BANK,2026-03-31
FDIC_22855_20260331,Corporate_Large,Large_D-SIB,US,63045000.0,0.0,63045000.0,1.0,1,12,0,False,False,False,1,BBB,0.65,0.02,0.4,0.24,OKLAHOMA HERITAGE BANK,2026-03-31
FDIC_24347_20260331,Corporate_Large,Large_D-SIB,US,1733195000.0,0.0,1733195000.0,1.0,1,12,0,False,False,False,1,BBB,0.65,0.02,0.4,0.24,LONE STAR NATIONAL BANK,2026-03-31
FDIC_24367_20260331,Corporate_Large,Large_D-SIB,US,40933000.0,0.0,40933000.0,1.0,1,12,0,False,False,False,1,BBB,0.65,0.02,0.4,0.24,CITY NATIONAL BANK,2026-03-31
FDIC_26941_20260331,Corporate_Large,Large_D-SIB,US,37090000.0,0.0,37090000.0,1.0,1,12,0,False,False,False,1,BBB,0.65,0.02,0.4,0.24,PEOPLES BANK OF DEER LODGE,2026-03-31
FDIC_26444_20260331,Corporate_Large,Large_D-SIB,US,1401899000.0,0.0,1401899000.0,1.0,1,12,0,False,False,False,1,BBB,0.65,0.02,0.4,0.24,EVERETT COOP BANK,2026-03-31
FDIC_26451_20260331,Corporate_Large,Large_D-SIB,US,1004167000.0,0.0,1004167000.0,1.0,1,12,0,False,False,False,1,BBB,0.65,0.02,0.4,0.24,FIDELITY COOP BANK,2026-03-31
FDIC_26455_20260331,Corporate_Large,Large_D-SIB,US,622824000.0,0.0,622824000.0,1.0,1,12,0,False,False,False,1,BBB,0.65,0.02,0.4,0.24,SAVERS COOP BANK,2026-03-31
FDIC_26483_20260331,Corporate_Large,Large_D-SIB,US,6273207000.0,0.0,6273207000.0,1.0,1,12,0,False,False,False,1,BBB,0.65,0.02,0.4,0.24,NEEDHAM BANK,2026-03-31
FDIC_26484_20260331,Corporate_Large,Large_D-SIB,US,2441848000.0,0.0,2441848000.0,1.0,1,12,0,False,False,False,1,BBB,0.65,0.02,0.4,0.24,TRUNORTH BANK,2026-03-31
FDIC_26487_20260331,Corporate_Large,Large_D-SIB,US,547714000.0,0.0,547714000.0,1.0,1,12,0,False,False,False,1,BBB,0.65,0.02,0.4,0.24,WALPOLE COOP BANK,2026-03-31
FDIC_26499_20260331,Corporate_Large,Large_D-SIB,US,406762000.0,0.0,406762000.0,1.0,1,12,0,False,False,False,1,BBB,0.65,0.02,0.4,0.24,AMERICAN NB OF MINNESOTA,2026-03-31
FDIC_26512_20260331,Corporate_Large,Large_D-SIB,US,104747000.0,0.0,104747000.0,1.0,1,12,0,False,False,False,1,BBB,0.65,0.02,0.4,0.24,METHUEN COOP BANK,2026-03-31
FDIC_26513_20260331,Corporate_Large,Large_D-SIB,US,109661000.0,0.0,109661000.0,1.0,1,12,0,False,False,False,1,BBB,0.65,0.02,0.4,0.24,STOUGHTON COOP BANK,2026-03-31
FDIC_26517_20260331,Corporate_Large,Large_D-SIB,US,1461007000.0,0.0,1461007000.0,1.0,1,12,0,False,False,False,1,BBB,0.65,0.02,0.4,0.24,CAPE&COAST BANK,2026-03-31
FDIC_26520_20260331,Corporate_Large,Large_D-SIB,US,117769000.0,0.0,117769000.0,1.0,1,12,0,False,False,False,1,BBB,0.65,0.02,0.4,0.24,SECURITY BANK OF SW MO,2026-03-31
FDIC_26522_20260331,Corporate_Large,Large_D-SIB,US,363733000.0,0.0,363733000.0,1.0,1,12,0,False,False,False,1,BBB,0.65,0.02,0.4,0.24,THE BANK,2026-03-31
FDIC_26523_20260331,Corporate_Large,Large_D-SIB,US,1252365000.0,0.0,1252365000.0,1.0,1,12,0,False,False,False,1,BBB,0.65,0.02,0.4,0.24,BANKHOMETOWN,2026-03-31
FDIC_26530_20260331,Corporate_Large,Large_D-SIB,US,371806000.0,0.0,371806000.0,1.0,1,12,0,False,False,False,1,BBB,0.65,0.02,0.4,0.24,DENALI STATE BANK,2026-03-31
FDIC_26536_20260331,Corporate_Large,Large_D-SIB,US,336628000.0,0.0,336628000.0,1.0,1,12,0,False,False,False,1,BBB,0.65,0.02,0.4,0.24,BANKGLOUCESTER,2026-03-31
FDIC_26539_20260331,Corporate_Large,Large_D-SIB,US,63563000.0,0.0,63563000.0,1.0,1,12,0,False,False,False,1,BBB,0.65,0.02,0.4,0.24,MICRONESIA,2026-03-31
FDIC_26542_20260331,Corporate_Large,Large_D-SIB,US,152178000.0,0.0,152178000.0,1.0,1,12,0,False,False,False,1,BBB,0.65,0.02,0.4,0.24,BANK OF DESOTO NATIONAL ASSN,2026-03-31
FDIC_26554_20260331,Corporate_Large,Large_D-SIB,US,120943000.0,0.0,120943000.0,1.0,1,12,0,False,False,False,1,BBB,0.65,0.02,0.4,0.24,BANK OF EASTON,2026-03-31
FDIC_26450_20260331,Corporate_Large,Large_D-SIB,US,104322000.0,0.0,104322000.0,1.0,1,12,0,False,False,False,1,BBB,0.65,0.02,0.4,0.24,CANTON COOP BANK,2026-03-31
FDIC_26442_20260331,Corporate_Large,Large_D-SIB,US,571843000.0,0.0,571843000.0,1.0,1,12,0,False,False,False,1,BBB,0.65,0.02,0.4,0.24,TERRABANK NATIONAL ASSN,2026-03-31
FDIC_26559_20260331,Corporate_Large,Large_D-SIB,US,723257000.0,0.0,723257000.0,1.0,1,12,0,False,False,False,1,BBB,0.65,0.02,0.4,0.24,STONEHAMBANK A COOP BANK,2026-03-31
FDIC_26416_20260331,Corporate_Large,Large_D-SIB,US,53231000.0,0.0,53231000.0,1.0,1,12,0,False,False,False,1,BBB,0.65,0.02,0.4,0.24,COMMUNITY STB OF CANTON,2026-03-31
FDIC_26271_20260331,Corporate_Large,Large_D-SIB,US,236735000.0,0.0,236735000.0,1.0,1,12,0,False,False,False,1,BBB,0.65,0.02,0.4,0.24,HOME BANK OF CALIFORNIA,2026-03-31
FDIC_26299_20260331,Corporate_Large,Large_D-SIB,US,948456000.0,0.0,948456000.0,1.0,1,12,0,False,False,False,1,BBB,0.65,0.02,0.4,0.24,PACIFIC NATIONAL BANK,2026-03-31
FDIC_262_20260331,Corporate_Large,Large_D-SIB,US,217736000.0,0.0,217736000.0,1.0,1,12,0,False,False,False,1,BBB,0.65,0.02,0.4,0.24,CITIZENS BANK,2026-03-31
FDIC_26323_20260331,Corporate_Large,Large_D-SIB,US,517154000.0,0.0,517154000.0,1.0,1,12,0,False,False,False,1,BBB,0.65,0.02,0.4,0.24,FLORIDA CAPITAL BANK NA,2026-03-31
FDIC_26333_20260331,Corporate_Large,Large_D-SIB,US,912511000.0,0.0,912511000.0,1.0,1,12,0,False,False,False,1,BBB,0.65,0.02,0.4,0.24,GENESEE REGIONAL BANK,2026-03-31
FDIC_26336_20260331,Corporate_Large,Large_D-SIB,US,1674674000.0,0.0,1674674000.0,1.0,1,12,0,False,False,False,1,BBB,0.65,0.02,0.4,0.24,VILLAGE BANK,2026-03-31
FDIC_26340_20260331,Corporate_Large,Large_D-SIB,US,79224000.0,0.0,79224000.0,1.0,1,12,0,False,False,False,1,BBB,0.65,0.02,0.4,0.24,FLINT HILLS BANK,2026-03-31
FDIC_26342_20260331,Corporate_Large,Large_D-SIB,US,3452042000.0,0.0,3452042000.0,1.0,1,12,0,False,False,False,1,BBB,0.65,0.02,0.4,0.24,RBC BANK GEORGIA NA,2026-03-31
FDIC_26351_20260331,Corporate_Large,Large_D-SIB,US,142836000.0,0.0,142836000.0,1.0,1,12,0,False,False,False,1,BBB,0.65,0.02,0.4,0.24,UNITY NB OF HOUSTON,2026-03-31
FDIC_26358_20260331,Corporate_Large,Large_D-SIB,US,139524000.0,0.0,139524000.0,1.0,1,12,0,False,False,False,1,BBB,0.65,0.02,0.4,0.24,STATE BANK OF SOUTHWEST MO,2026-03-31
FDIC_26363_20260331,Corporate_Large,Large_D-SIB,US,308954000.0,0.0,308954000.0,1.0,1,12,0,False,False,False,1,BBB,0.65,0.02,0.4,0.24,COMMUNITY COMMERCE BANK,2026-03-31
FDIC_26379_20260331,Corporate_Large,Large_D-SIB,US,205966000.0,0.0,205966000.0,1.0,1,12,0,False,False,False,1,BBB,0.65,0.02,0.4,0.24,PIKE NATIONAL BANK,2026-03-31
FDIC_26381_20260331,Corporate_Large,Large_D-SIB,US,1086265000.0,0.0,1086265000.0,1.0,1,12,0,False,False,False,1,BBB,0.65,0.02,0.4,0.24,BONVENU BANK NATIONAL ASSN,2026-03-31
FDIC_26393_20260331,Corporate_Large,Large_D-SIB,US,333072000.0,0.0,333072000.0,1.0,1,12,0,False,False,False,1,BBB,0.65,0.02,0.4,0.24,PITTSFIELD COOP BANK,2026-03-31
FDIC_26395_20260331,Corporate_Large,Large_D-SIB,US,926999000.0,0.0,926999000.0,1.0,1,12,0,False,False,False,1,BBB,0.65,0.02,0.4,0.24,MUTUALONE BANK,2026-03-31
FDIC_26397_20260331,Corporate_Large,Large_D-SIB,US,532233000.0,0.0,532233000.0,1.0,1,12,0,False,False,False,1,BBB,0.65,0.02,0.4,0.24,GREENFIELD COOP BANK,2026-03-31
FDIC_26411_20260331,Corporate_Large,Large_D-SIB,US,477354000.0,0.0,477354000.0,1.0,1,12,0,False,False,False,1,BBB,0.65,0.02,0.4,0.24,HAVERHILL BANK,2026-03-31
FDIC_26555_20260331,Corporate_Large,Large_D-SIB,US,912362000.0,0.0,912362000.0,1.0,1,12,0,False,False,False,1,BBB,0.65,0.02,0.4,0.24,ONELOCAL BANK,2026-03-31
FDIC_26564_20260331,Corporate_Large,Large_D-SIB,US,444706000.0,0.0,444706000.0,1.0,1,12,0,False,False,False,1,BBB,0.65,0.02,0.4,0.24,DELTA BANK,2026-03-31
FDIC_26228_20260331,Corporate_Large,Large_D-SIB,US,95677000.0,0.0,95677000.0,1.0,1,12,0,False,False,False,1,BBB,0.65,0.02,0.4,0.24,FIRST NB OF DUBLIN,2026-03-31
FDIC_26727_20260331,Corporate_Large,Large_D-SIB,US,117713000.0,0.0,117713000.0,1.0,1,12,0,False,False,False,1,BBB,0.65,0.02,0.4,0.24,BANK OF SOUTH TEXAS,2026-03-31
FDIC_26755_20260331,Corporate_Large,Large_D-SIB,US,26042000.0,0.0,26042000.0,1.0,1,12,0,False,False,False,1,BBB,0.65,0.02,0.4,0.24,MINNESOTA 1ST CREDIT&SVG INC,2026-03-31
FDIC_26760_20260331,Corporate_Large,Large_D-SIB,US,636918000.0,0.0,636918000.0,1.0,1,12,0,False,False,False,1,BBB,0.65,0.02,0.4,0.24,GREEN BELT BANK&TRUST,2026-03-31
FDIC_26790_20260331,Corporate_Large,Large_D-SIB,US,510174000.0,0.0,510174000.0,1.0,1,12,0,False,False,False,1,BBB,0.65,0.02,0.4,0.24,HANA BANK USA NATIONAL ASSN,2026-03-31
FDIC_26798_20260331,Corporate_Large,Large_D-SIB,US,89586000.0,0.0,89586000.0,1.0,1,12,0,False,False,False,1,BBB,0.65,0.02,0.4,0.24,HOME SAVINGS BANK,2026-03-31
FDIC_26799_20260331,Corporate_Large,Large_D-SIB,US,389473000.0,0.0,389473000.0,1.0,1,12,0,False,False,False,1,BBB,0.65,0.02,0.4,0.24,EVABANK,2026-03-31
FDIC_267_20260331,Corporate_Large,Large_D-SIB,US,166068000.0,0.0,166068000.0,1.0,1,12,0,False,False,False,1,BBB,0.65,0.02,0.4,0.24,KENTUCKY FARMERS BANK CORP,2026-03-31
FDIC_26829_20260331,Corporate_Large,Large_D-SIB,US,181195000.0,0.0,181195000.0,1.0,1,12,0,False,False,False,1,BBB,0.65,0.02,0.4,0.24,FIRST NATIONAL BANK OF PASCO,2026-03-31
FDIC_2682_20260331,Corporate_Large,Large_D-SIB,US,40926000.0,0.0,40926000.0,1.0,1,12,0,False,False,False,1,BBB,0.65,0.02,0.4,0.24,FIRST NB OF BROOKSVILLE,2026-03-31
FDIC_26847_20260331,Corporate_Large,Large_D-SIB,US,106164000.0,0.0,106164000.0,1.0,1,12,0,False,False,False,1,BBB,0.65,0.02,0.4,0.24,CHESAPEAKE BANK&TRUST CO,2026-03-31
FDIC_26856_20260331,Corporate_Large,Large_D-SIB,US,1452060000.0,0.0,1452060000.0,1.0,1,12,0,False,False,False,1,BBB,0.65,0.02,0.4,0.24,FALCON INTERNATIONAL BANK,2026-03-31
FDIC_26871_20260331,Corporate_Large,Large_D-SIB,US,89303000.0,0.0,89303000.0,1.0,1,12,0,False,False,False,1,BBB,0.65,0.02,0.4,0.24,COMMUNITY BANKERS BANK,2026-03-31
FDIC_26876_20260331,Corporate_Large,Large_D-SIB,US,3625061000.0,0.0,3625061000.0,1.0,1,12,0,False,False,False,1,BBB,0.65,0.02,0.4,0.24,SAFRA NB OF NEW YORK,2026-03-31
FDIC_26881_20260331,Corporate_Large,Large_D-SIB,US,40905149000.0,0.0,40905149000.0,1.0,1,12,0,False,False,False,1,BBB,0.65,0.02,0.4,0.24,SOFI BANK NATIONAL ASSN,2026-03-31
FDIC_26891_20260331,Corporate_Large,Large_D-SIB,US,134800000.0,0.0,134800000.0,1.0,1,12,0,False,False,False,1,BBB,0.65,0.02,0.4,0.24,LIBERTY BANK MINNESOTA,2026-03-31
FDIC_26906_20260331,Corporate_Large,Large_D-SIB,US,1736047000.0,0.0,1736047000.0,1.0,1,12,0,False,False,False,1,BBB,0.65,0.02,0.4,0.24,TEXAS REGIONAL BANK,2026-03-31
FDIC_26912_20260331,Corporate_Large,Large_D-SIB,US,362231000.0,0.0,362231000.0,1.0,1,12,0,False,False,False,1,BBB,0.65,0.02,0.4,0.24,BANK OF SOUTH CAROLINA,2026-03-31
FDIC_2691_20260331,Corporate_Large,Large_D-SIB,US,562447000.0,0.0,562447000.0,1.0,1,12,0,False,False,False,1,BBB,0.65,0.02,0.4,0.24,CUMBERLAND VALLEY NB&T CO,2026-03-31
FDIC_26738_20260331,Corporate_Large,Large_D-SIB,US,134396000.0,0.0,134396000.0,1.0,1,12,0,False,False,False,1,BBB,0.65,0.02,0.4,0.24,TEXAS FINANCIAL BANK,2026-03-31
FDIC_26725_20260331,Corporate_Large,Large_D-SIB,US,2096417000.0,0.0,2096417000.0,1.0,1,12,0,False,False,False,1,BBB,0.65,0.02,0.4,0.24,BANCO DO BRASIL AMERICAS,2026-03-31
FDIC_26567_20260331,Corporate_Large,Large_D-SIB,US,46963000.0,0.0,46963000.0,1.0,1,12,0,False,False,False,1,BBB,0.65,0.02,0.4,0.24,NORTH CAMBRIDGE COOP BANK,2026-03-31
FDIC_26708_20260331,Corporate_Large,Large_D-SIB,US,76388000.0,0.0,76388000.0,1.0,1,12,0,False,False,False,1,BBB,0.65,0.02,0.4,0.24,SPECTRA BANK,2026-03-31
FDIC_26576_20260331,Corporate_Large,Large_D-SIB,US,112960000.0,0.0,112960000.0,1.0,1,12,0,False,False,False,1,BBB,0.65,0.02,0.4,0.24,WRENTHAM COOP BANK,2026-03-31
FDIC_26588_20260331,Corporate_Large,Large_D-SIB,US,74560000.0,0.0,74560000.0,1.0,1,12,0,False,False,False,1,BBB,0.65,0.02,0.4,0.24,DEDICATED COMMUNITY BANK,2026-03-31
FDIC_26591_20260331,Corporate_Large,Large_D-SIB,US,768405000.0,0.0,768405000.0,1.0,1,12,0,False,False,False,1,BBB,0.65,0.02,0.4,0.24,COASTAL HERITAGE BANK,2026-03-31
FDIC_26602_20260331,Corporate_Large,Large_D-SIB,US,234583000.0,0.0,234583000.0,1.0,1,12,0,False,False,False,1,BBB,0.65,0.02,0.4,0.24,CHARLES RIVER BANK,2026-03-31
FDIC_26610_20260331,Corporate_Large,Large_D-SIB,US,14737144000.0,0.0,14737144000.0,1.0,1,12,0,False,False,False,1,BBB,0.65,0.02,0.4,0.24,BANK OF HOPE,2026-03-31
FDIC_26620_20260331,Corporate_Large,Large_D-SIB,US,947241000.0,0.0,947241000.0,1.0,1,12,0,False,False,False,1,BBB,0.65,0.02,0.4,0.24,READING COOP BANK,2026-03-31
FDIC_26626_20260331,Corporate_Large,Large_D-SIB,US,640730000.0,0.0,640730000.0,1.0,1,12,0,False,False,False,1,BBB,0.65,0.02,0.4,0.24,UNITED TEXAS BANK,2026-03-31
FDIC_26627_20260331,Corporate_Large,Large_D-SIB,US,497939000.0,0.0,497939000.0,1.0,1,12,0,False,False,False,1,BBB,0.65,0.02,0.4,0.24,BANK OF THE WEST,2026-03-31
FDIC_26634_20260331,Corporate_Large,Large_D-SIB,US,728743000.0,0.0,728743000.0,1.0,1,12,0,False,False,False,1,BBB,0.65,0.02,0.4,0.24,MECHANICS COOP BANK,2026-03-31
FDIC_26647_20260331,Corporate_Large,Large_D-SIB,US,4460778000.0,0.0,4460778000.0,1.0,1,12,0,False,False,False,1,BBB,0.65,0.02,0.4,0.24,FIRSTRUST SAVINGS BANK,2026-03-31
FDIC_26653_20260331,Corporate_Large,Large_D-SIB,US,47369000.0,0.0,47369000.0,1.0,1,12,0,False,False,False,1,BBB,0.65,0.02,0.4,0.24,BANDERA BANK,2026-03-31
FDIC_26658_20260331,Corporate_Large,Large_D-SIB,US,32709000.0,0.0,32709000.0,1.0,1,12,0,False,False,False,1,BBB,0.65,0.02,0.4,0.24,AMISTAD BANK,2026-03-31
FDIC_26677_20260331,Corporate_Large,Large_D-SIB,US,249951000.0,0.0,249951000.0,1.0,1,12,0,False,False,False,1,BBB,0.65,0.02,0.4,0.24,BANKERS BANK,2026-03-31
FDIC_26687_20260331,Corporate_Large,Large_D-SIB,US,108149000.0,0.0,108149000.0,1.0,1,12,0,False,False,False,1,BBB,0.65,0.02,0.4,0.24,PNB COMMUNITY BANK,2026-03-31
FDIC_26689_20260331,Corporate_Large,Large_D-SIB,US,200355000.0,0.0,200355000.0,1.0,1,12,0,False,False,False,1,BBB,0.65,0.02,0.4,0.24,BANK OF ALMA,2026-03-31
FDIC_26703_20260331,Corporate_Large,Large_D-SIB,US,369758000.0,0.0,369758000.0,1.0,1,12,0,False,False,False,1,BBB,0.65,0.02,0.4,0.24,RIVER CITY BANK INC,2026-03-31
FDIC_26704_20260331,Corporate_Large,Large_D-SIB,US,368735000.0,0.0,368735000.0,1.0,1,12,0,False,False,False,1,BBB,0.65,0.02,0.4,0.24,BALBOA THRIFT&LOAN ASSN,2026-03-31
FDIC_26260_20260331,Corporate_Large,Large_D-SIB,US,50743000.0,0.0,50743000.0,1.0,1,12,0,False,False,False,1,BBB,0.65,0.02,0.4,0.24,FIRST NB IN MARLOW,2026-03-31
FDIC_26223_20260331,Corporate_Large,Large_D-SIB,US,1914043000.0,0.0,1914043000.0,1.0,1,12,0,False,False,False,1,BBB,0.65,0.02,0.4,0.24,GOLDEN BANK NATIONAL ASSN,2026-03-31
FDIC_24387_20260331,Corporate_Large,Large_D-SIB,US,2716622000.0,0.0,2716622000.0,1.0,1,12,0,False,False,False,1,BBB,0.65,0.02,0.4,0.24,INDUSTRIAL&COMMERCIAL BK CHI,2026-03-31
FDIC_24823_20260331,Corporate_Large,Large_D-SIB,US,1280691000.0,0.0,1280691000.0,1.0,1,12,0,False,False,False,1,BBB,0.65,0.02,0.4,0.24,INTERNATIONAL FINANCE BANK,2026-03-31
FDIC_2482_20260331,Corporate_Large,Large_D-SIB,US,179906000.0,0.0,179906000.0,1.0,1,12,0,False,False,False,1,BBB,0.65,0.02,0.4,0.24,NEKOOSA PORT EDWARDS STB,2026-03-31
FDIC_24865_20260331,Corporate_Large,Large_D-SIB,US,77197000.0,0.0,77197000.0,1.0,1,12,0,False,False,False,1,BBB,0.65,0.02,0.4,0.24,FIRST NM BANK OF SILVER CITY,2026-03-31
FDIC_24867_20260331,Corporate_Large,Large_D-SIB,US,6830000.0,0.0,6830000.0,1.0,1,12,0,False,False,False,1,BBB,0.65,0.02,0.4,0.24,BNY MELLON TRUST OF DELAWARE,2026-03-31
FDIC_24897_20260331,Corporate_Large,Large_D-SIB,US,1598961000.0,0.0,1598961000.0,1.0,1,12,0,False,False,False,1,BBB,0.65,0.02,0.4,0.24,COMMUNITY NATIONAL BANK,2026-03-31
FDIC_248_20260331,Corporate_Large,Large_D-SIB,US,233497000.0,0.0,233497000.0,1.0,1,12,0,False,False,False,1,BBB,0.65,0.02,0.4,0.24,STATE SAVINGS BANK,2026-03-31
FDIC_24902_20260331,Corporate_Large,Large_D-SIB,US,39802000.0,0.0,39802000.0,1.0,1,12,0,False,False,False,1,BBB,0.65,0.02,0.4,0.24,FIRST NB OF S PADRE ISL,2026-03-31
FDIC_24919_20260331,Corporate_Large,Large_D-SIB,US,697281000.0,0.0,697281000.0,1.0,1,12,0,False,False,False,1,BBB,0.65,0.02,0.4,0.24,UWHARRIE BANK,2026-03-31
FDIC_24920_20260331,Corporate_Large,Large_D-SIB,US,3040031000.0,0.0,3040031000.0,1.0,1,12,0,False,False,False,1,BBB,0.65,0.02,0.4,0.24,WOORI AMERICA BANK,2026-03-31
FDIC_24922_20260331,Corporate_Large,Large_D-SIB,US,283584000.0,0.0,283584000.0,1.0,1,12,0,False,False,False,1,BBB,0.65,0.02,0.4,0.24,GRAND VALLEY BANK,2026-03-31
FDIC_24961_20260331,Corporate_Large,Large_D-SIB,US,141263000.0,0.0,141263000.0,1.0,1,12,0,False,False,False,1,BBB,0.65,0.02,0.4,0.24,INTERNATIONAL BK OF COM,2026-03-31
FDIC_24966_20260331,Corporate_Large,Large_D-SIB,US,144329000.0,0.0,144329000.0,1.0,1,12,0,False,False,False,1,BBB,0.65,0.02,0.4,0.24,VALLEY BANK OF RONAN,2026-03-31
FDIC_2496_20260331,Corporate_Large,Large_D-SIB,US,257144000.0,0.0,257144000.0,1.0,1,12,0,False,False,False,1,BBB,0.65,0.02,0.4,0.24,NATIONAL IRON BANK,2026-03-31
FDIC_24998_20260331,Corporate_Large,Large_D-SIB,US,20463145000.0,0.0,20463145000.0,1.0,1,12,0,False,False,False,1,BBB,0.65,0.02,0.4,0.24,COMMERCE BANK,2026-03-31
FDIC_25054_20260331,Corporate_Large,Large_D-SIB,US,36195000.0,0.0,36195000.0,1.0,1,12,0,False,False,False,1,BBB,0.65,0.02,0.4,0.24,SUMMIT NATIONAL BANK,2026-03-31
FDIC_25093_20260331,Corporate_Large,Large_D-SIB,US,1884311000.0,0.0,1884311000.0,1.0,1,12,0,False,False,False,1,BBB,0.65,0.02,0.4,0.24,HABIB AMERICAN BANK,2026-03-31
FDIC_25103_20260331,Corporate_Large,Large_D-SIB,US,3120732000.0,0.0,3120732000.0,1.0,1,12,0,False,False,False,1,BBB,0.65,0.02,0.4,0.24,CITY BANK,2026-03-31
FDIC_25158_20260331,Corporate_Large,Large_D-SIB,US,460018000.0,0.0,460018000.0,1.0,1,12,0,False,False,False,1,BBB,0.65,0.02,0.4,0.24,FINANCE FACTORS LTD,2026-03-31
FDIC_24829_20260331,Corporate_Large,Large_D-SIB,US,580825000.0,0.0,580825000.0,1.0,1,12,0,False,False,False,1,BBB,0.65,0.02,0.4,0.24,ATLANTIC CMTY BANKERS BANK,2026-03-31
FDIC_2477_20260331,Corporate_Large,Large_D-SIB,US,235257000.0,0.0,235257000.0,1.0,1,12,0,False,False,False,1,BBB,0.65,0.02,0.4,0.24,BANK OF DEERFIELD,2026-03-31
FDIC_25178_20260331,Corporate_Large,Large_D-SIB,US,9745000000.0,0.0,9745000000.0,1.0,1,12,0,False,False,False,1,BBB,0.65,0.02,0.4,0.24,BANK OF AMERICA CA NA,2026-03-31
FDIC_2469_20260331,Corporate_Large,Large_D-SIB,US,142006000.0,0.0,142006000.0,1.0,1,12,0,False,False,False,1,BBB,0.65,0.02,0.4,0.24,BADGER BANK,2026-03-31
FDIC_2443_20260331,Corporate_Large,Large_D-SIB,US,755383000.0,0.0,755383000.0,1.0,1,12,0,False,False,False,1,BBB,0.65,0.02,0.4,0.24,CLEAR MOUNTAIN BANK,2026-03-31
FDIC_24443_20260331,Corporate_Large,Large_D-SIB,US,84222000.0,0.0,84222000.0,1.0,1,12,0,False,False,False,1,BBB,0.65,0.02,0.4,0.24,PROGRESSIVE NATIONAL BANK,2026-03-31
FDIC_2444_20260331,Corporate_Large,Large_D-SIB,US,64374000.0,0.0,64374000.0,1.0,1,12,0,False,False,False,1,BBB,0.65,0.02,0.4,0.24,CLAY COUNTY BANK INC,2026-03-31
FDIC_24472_20260331,Corporate_Large,Large_D-SIB,US,483063000.0,0.0,483063000.0,1.0,1,12,0,False,False,False,1,BBB,0.65,0.02,0.4,0.24,AMERICAN NATION BANK,2026-03-31
FDIC_2448_20260331,Corporate_Large,Large_D-SIB,US,138095000.0,0.0,138095000.0,1.0,1,12,0,False,False,False,1,BBB,0.65,0.02,0.4,0.24,PIONEER COMMUNITY BANK INC,2026-03-31
FDIC_24498_20260331,Corporate_Large,Large_D-SIB,US,171251000.0,0.0,171251000.0,1.0,1,12,0,False,False,False,1,BBB,0.65,0.02,0.4,0.24,FIRST STATE BANK,2026-03-31
FDIC_24516_20260331,Corporate_Large,Large_D-SIB,US,1598321000.0,0.0,1598321000.0,1.0,1,12,0,False,False,False,1,BBB,0.65,0.02,0.4,0.24,INTERAUDI BANK,2026-03-31
FDIC_2452_20260331,Corporate_Large,Large_D-SIB,US,147635000.0,0.0,147635000.0,1.0,1,12,0,False,False,False,1,BBB,0.65,0.02,0.4,0.24,WEST UNION BANK,2026-03-31
FDIC_2453_20260331,Corporate_Large,Large_D-SIB,US,222029000.0,0.0,222029000.0,1.0,1,12,0,False,False,False,1,BBB,0.65,0.02,0.4,0.24,DAVIS TRUST CO,2026-03-31
FDIC_24540_20260331,Corporate_Large,Large_D-SIB,US,1577304000.0,0.0,1577304000.0,1.0,1,12,0,False,False,False,1,BBB,0.65,0.02,0.4,0.24,BANK OF NEW ENGLAND,2026-03-31
FDIC_2455_20260331,Corporate_Large,Large_D-SIB,US,289119000.0,0.0,289119000.0,1.0,1,12,0,False,False,False,1,BBB,0.65,0.02,0.4,0.24,BANK OF BRODHEAD,2026-03-31
FDIC_24563_20260331,Corporate_Large,Large_D-SIB,US,1110628000.0,0.0,1110628000.0,1.0,1,12,0,False,False,False,1,BBB,0.65,0.02,0.4,0.24,TEXAS COMMUNITY BANK,2026-03-31
FDIC_245_20260331,Corporate_Large,Large_D-SIB,US,377090000.0,0.0,377090000.0,1.0,1,12,0,False,False,False,1,BBB,0.65,0.02,0.4,0.24,RACCOON VALLEY BANK,2026-03-31
FDIC_24603_20260331,Corporate_Large,Large_D-SIB,US,314549000.0,0.0,314549000.0,1.0,1,12,0,False,False,False,1,BBB,0.65,0.02,0.4,0.24,FIRST COMMERCIAL BANK NA,2026-03-31
FDIC_24677_20260331,Corporate_Large,Large_D-SIB,US,171194000.0,0.0,171194000.0,1.0,1,12,0,False,False,False,1,BBB,0.65,0.02,0.4,0.24,TRIAD BANK NATIONAL ASSN,2026-03-31
FDIC_2467_20260331,Corporate_Large,Large_D-SIB,US,196392000.0,0.0,196392000.0,1.0,1,12,0,False,False,False,1,BBB,0.65,0.02,0.4,0.24,CITIZENS STATE BANK,2026-03-31
FDIC_2468_20260331,Corporate_Large,Large_D-SIB,US,576116000.0,0.0,576116000.0,1.0,1,12,0,False,False,False,1,BBB,0.65,0.02,0.4,0.24,NORTHWESTERN BANK,2026-03-31
FDIC_25173_20260331,Corporate_Large,Large_D-SIB,US,385859000.0,0.0,385859000.0,1.0,1,12,0,False,False,False,1,BBB,0.65,0.02,0.4,0.24,MEADE COUNTY BANK,2026-03-31
FDIC_251_20260331,Corporate_Large,Large_D-SIB,US,35844000.0,0.0,35844000.0,1.0,1,12,0,False,False,False,1,BBB,0.65,0.02,0.4,0.24,FIRST SECURITY BANK,2026-03-31
FDIC_26217_20260331,Corporate_Large,Large_D-SIB,US,328628000.0,0.0,328628000.0,1.0,1,12,0,False,False,False,1,BBB,0.65,0.02,0.4,0.24,BANK OF COMMERCE,2026-03-31
FDIC_25750_20260331,Corporate_Large,Large_D-SIB,US,90942000.0,0.0,90942000.0,1.0,1,12,0,False,False,False,1,BBB,0.65,0.02,0.4,0.24,COMMUNITY BANK,2026-03-31
FDIC_25795_20260331,Corporate_Large,Large_D-SIB,US,274313000.0,0.0,274313000.0,1.0,1,12,0,False,False,False,1,BBB,0.65,0.02,0.4,0.24,PEOPLES BANK&TRUST,2026-03-31
FDIC_25803_20260331,Corporate_Large,Large_D-SIB,US,120249000.0,0.0,120249000.0,1.0,1,12,0,False,False,False,1,BBB,0.65,0.02,0.4,0.24,HATCH BANK,2026-03-31
FDIC_25849_20260331,Corporate_Large,Large_D-SIB,US,258291000.0,0.0,258291000.0,1.0,1,12,0,False,False,False,1,BBB,0.65,0.02,0.4,0.24,MIDWEST IND BANKERSBANK,2026-03-31
FDIC_25858_20260331,Corporate_Large,Large_D-SIB,US,5435906000.0,0.0,5435906000.0,1.0,1,12,0,False,False,False,1,BBB,0.65,0.02,0.4,0.24,EQUITY BANK,2026-03-31
FDIC_25869_20260331,Corporate_Large,Large_D-SIB,US,184115000.0,0.0,184115000.0,1.0,1,12,0,False,False,False,1,BBB,0.65,0.02,0.4,0.24,METROPOLITAN BANK,2026-03-31
FDIC_25883_20260331,Corporate_Large,Large_D-SIB,US,446085000.0,0.0,446085000.0,1.0,1,12,0,False,False,False,1,BBB,0.65,0.02,0.4,0.24,FIRST EAGLE BANK,2026-03-31
FDIC_25886_20260331,Corporate_Large,Large_D-SIB,US,796012000.0,0.0,796012000.0,1.0,1,12,0,False,False,False,1,BBB,0.65,0.02,0.4,0.24,RIO BANK,2026-03-31
FDIC_25894_20260331,Corporate_Large,Large_D-SIB,US,362271000.0,0.0,362271000.0,1.0,1,12,0,False,False,False,1,BBB,0.65,0.02,0.4,0.24,FIRST NATIONAL BANK,2026-03-31
FDIC_258_20260331,Corporate_Large,Large_D-SIB,US,7232187000.0,0.0,7232187000.0,1.0,1,12,0,False,False,False,1,BBB,0.65,0.02,0.4,0.24,STOCK YARDS BANK&TRUST CO,2026-03-31
FDIC_25927_20260331,Corporate_Large,Large_D-SIB,US,69613000.0,0.0,69613000.0,1.0,1,12,0,False,False,False,1,BBB,0.65,0.02,0.4,0.24,BANCO DE LA NACION ARGENTINA,2026-03-31
FDIC_26021_20260331,Corporate_Large,Large_D-SIB,US,87730000.0,0.0,87730000.0,1.0,1,12,0,False,False,False,1,BBB,0.65,0.02,0.4,0.24,VALLEY STATE BANK,2026-03-31
FDIC_26028_20260331,Corporate_Large,Large_D-SIB,US,434757000.0,0.0,434757000.0,1.0,1,12,0,False,False,False,1,BBB,0.65,0.02,0.4,0.24,BANK OF EAST ASIA LTD,2026-03-31
FDIC_2608_20260331,Corporate_Large,Large_D-SIB,US,323809000.0,0.0,323809000.0,1.0,1,12,0,False,False,False,1,BBB,0.65,0.02,0.4,0.24,NATIONAL GRAND BK MARBLEHEAD,2026-03-31
FDIC_2616_20260331,Corporate_Large,Large_D-SIB,US,109790000.0,0.0,109790000.0,1.0,1,12,0,False,False,False,1,BBB,0.65,0.02,0.4,0.24,MILLBURY NATIONAL BANK,2026-03-31
FDIC_26181_20260331,Corporate_Large,Large_D-SIB,US,675056000.0,0.0,675056000.0,1.0,1,12,0,False,False,False,1,BBB,0.65,0.02,0.4,0.24,TEXAS NB OF JACKSONVILLE,2026-03-31
FDIC_26185_20260331,Corporate_Large,Large_D-SIB,US,418852000.0,0.0,418852000.0,1.0,1,12,0,False,False,False,1,BBB,0.65,0.02,0.4,0.24,CHARTER WEST BANK,2026-03-31
FDIC_26189_20260331,Corporate_Large,Large_D-SIB,US,106295000.0,0.0,106295000.0,1.0,1,12,0,False,False,False,1,BBB,0.65,0.02,0.4,0.24,HAVERFORD TRUST CO,2026-03-31
FDIC_25752_20260331,Corporate_Large,Large_D-SIB,US,243495000.0,0.0,243495000.0,1.0,1,12,0,False,False,False,1,BBB,0.65,0.02,0.4,0.24,COMMUNITY BANK,2026-03-31
FDIC_25749_20260331,Corporate_Large,Large_D-SIB,US,95563000.0,0.0,95563000.0,1.0,1,12,0,False,False,False,1,BBB,0.65,0.02,0.4,0.24,EASTBANK NATIONAL ASSN,2026-03-31
FDIC_25247_20260331,Corporate_Large,Large_D-SIB,US,547278000.0,0.0,547278000.0,1.0,1,12,0,False,False,False,1,BBB,0.65,0.02,0.4,0.24,FIRST NATIONAL BANKERS BANK,2026-03-31
FDIC_25744_20260331,Corporate_Large,Large_D-SIB,US,61857000.0,0.0,61857000.0,1.0,1,12,0,False,False,False,1,BBB,0.65,0.02,0.4,0.24,SMALL BUSINESS BANK,2026-03-31
FDIC_25249_20260331,Corporate_Large,Large_D-SIB,US,605492000.0,0.0,605492000.0,1.0,1,12,0,False,False,False,1,BBB,0.65,0.02,0.4,0.24,C3BANK NATIONAL ASSN,2026-03-31
FDIC_25258_20260331,Corporate_Large,Large_D-SIB,US,932907000.0,0.0,932907000.0,1.0,1,12,0,False,False,False,1,BBB,0.65,0.02,0.4,0.24,INTERCREDIT BANK NA,2026-03-31
FDIC_25267_20260331,Corporate_Large,Large_D-SIB,US,288421000.0,0.0,288421000.0,1.0,1,12,0,False,False,False,1,BBB,0.65,0.02,0.4,0.24,TRUBANK,2026-03-31
FDIC_25291_20260331,Corporate_Large,Large_D-SIB,US,445901000.0,0.0,445901000.0,1.0,1,12,0,False,False,False,1,BBB,0.65,0.02,0.4,0.24,BANK OF THE VALLEY,2026-03-31
FDIC_252_20260331,Corporate_Large,Large_D-SIB,US,211679000.0,0.0,211679000.0,1.0,1,12,0,False,False,False,1,BBB,0.65,0.02,0.4,0.24,PINNACLE BANK,2026-03-31
FDIC_25328_20260331,Corporate_Large,Large_D-SIB,US,148797000.0,0.0,148797000.0,1.0,1,12,0,False,False,False,1,BBB,0.65,0.02,0.4,0.24,BOC BANK,2026-03-31
FDIC_253_20260331,Corporate_Large,Large_D-SIB,US,1801082000.0,0.0,1801082000.0,1.0,1,12,0,False,False,False,1,BBB,0.65,0.02,0.4,0.24,LUANA SAVINGS BANK,2026-03-31
FDIC_254_20260331,Corporate_Large,Large_D-SIB,US,166099000.0,0.0,166099000.0,1.0,1,12,0,False,False,False,1,BBB,0.65,0.02,0.4,0.24,FIRST WHITNEY BANK&TRUST,2026-03-31
FDIC_25591_20260331,Corporate_Large,Large_D-SIB,US,33672000.0,0.0,33672000.0,1.0,1,12,0,False,False,False,1,BBB,0.65,0.02,0.4,0.24,CEDAR SECURITY BANK,2026-03-31
FDIC_25620_20260331,Corporate_Large,Large_D-SIB,US,1791062000.0,0.0,1791062000.0,1.0,1,12,0,False,False,False,1,BBB,0.65,0.02,0.4,0.24,CREDIT ONE BANK NA,2026-03-31
FDIC_25621_20260331,Corporate_Large,Large_D-SIB,US,494124000.0,0.0,494124000.0,1.0,1,12,0,False,False,False,1,BBB,0.65,0.02,0.4,0.24,SAGE CAPITAL BANK,2026-03-31
FDIC_25644_20260331,Corporate_Large,Large_D-SIB,US,115491000.0,0.0,115491000.0,1.0,1,12,0,False,False,False,1,BBB,0.65,0.02,0.4,0.24,BEACON BUSINESS BANK NA,2026-03-31
FDIC_25665_20260331,Corporate_Large,Large_D-SIB,US,398461000.0,0.0,398461000.0,1.0,1,12,0,False,False,False,1,BBB,0.65,0.02,0.4,0.24,COMMUNITY NATIONAL BANK,2026-03-31
FDIC_25679_20260331,Corporate_Large,Large_D-SIB,US,1559788000.0,0.0,1559788000.0,1.0,1,12,0,False,False,False,1,BBB,0.65,0.02,0.4,0.24,INTERNATIONAL BK OF COM,2026-03-31
FDIC_25703_20260331,Corporate_Large,Large_D-SIB,US,145910000.0,0.0,145910000.0,1.0,1,12,0,False,False,False,1,BBB,0.65,0.02,0.4,0.24,BANK OF WEST,2026-03-31
FDIC_25726_20260331,Corporate_Large,Large_D-SIB,US,300770000.0,0.0,300770000.0,1.0,1,12,0,False,False,False,1,BBB,0.65,0.02,0.4,0.24,MURPHY BANK,2026-03-31
FDIC_25738_20260331,Corporate_Large,Large_D-SIB,US,1106658000.0,0.0,1106658000.0,1.0,1,12,0,False,False,False,1,BBB,0.65,0.02,0.4,0.24,SOVEREIGN BANK,2026-03-31
FDIC_22257_20260331,Corporate_Large,Large_D-SIB,US,2436901000.0,0.0,2436901000.0,1.0,1,12,0,False,False,False,1,BBB,0.65,0.02,0.4,0.24,COLONY BANK,2026-03-31
FDIC_2224_20260331,Corporate_Large,Large_D-SIB,US,371074000.0,0.0,371074000.0,1.0,1,12,0,False,False,False,1,BBB,0.65,0.02,0.4,0.24,BANK OF BRIDGER NA,2026-03-31
FDIC_22242_20260331,Corporate_Large,Large_D-SIB,US,108445000.0,0.0,108445000.0,1.0,1,12,0,False,False,False,1,BBB,0.65,0.02,0.4,0.24,UNION BANK&TRUST CO,2026-03-31
FDIC_19080_20260331,Corporate_Large,Large_D-SIB,US,2487906000.0,0.0,2487906000.0,1.0,1,12,0,False,False,False,1,BBB,0.65,0.02,0.4,0.24,INWOOD NATIONAL BANK,2026-03-31
FDIC_1908_20260331,Corporate_Large,Large_D-SIB,US,138270000.0,0.0,138270000.0,1.0,1,12,0,False,False,False,1,BBB,0.65,0.02,0.4,0.24,WANDA STATE BANK,2026-03-31
FDIC_19101_20260331,Corporate_Large,Large_D-SIB,US,559900000.0,0.0,559900000.0,1.0,1,12,0,False,False,False,1,BBB,0.65,0.02,0.4,0.24,HARFORD BANK,2026-03-31
FDIC_19105_20260331,Corporate_Large,Large_D-SIB,US,6011000.0,0.0,6011000.0,1.0,1,12,0,False,False,False,1,BBB,0.65,0.02,0.4,0.24,PEOPLES BANK OF MACON,2026-03-31
FDIC_19123_20260331,Corporate_Large,Large_D-SIB,US,1874357000.0,0.0,1874357000.0,1.0,1,12,0,False,False,False,1,BBB,0.65,0.02,0.4,0.24,FIRST WESTERN BANK&TRUST,2026-03-31
FDIC_1913_20260331,Corporate_Large,Large_D-SIB,US,131303000.0,0.0,131303000.0,1.0,1,12,0,False,False,False,1,BBB,0.65,0.02,0.4,0.24,CASTLE ROCK BANK,2026-03-31
FDIC_19143_20260331,Corporate_Large,Large_D-SIB,US,511192000.0,0.0,511192000.0,1.0,1,12,0,False,False,False,1,BBB,0.65,0.02,0.4,0.24,UNITED COMMUNITY BANK,2026-03-31
FDIC_19163_20260331,Corporate_Large,Large_D-SIB,US,424685000.0,0.0,424685000.0,1.0,1,12,0,False,False,False,1,BBB,0.65,0.02,0.4,0.24,FIRST STATE BANK,2026-03-31
FDIC_19184_20260331,Corporate_Large,Large_D-SIB,US,634203000.0,0.0,634203000.0,1.0,1,12,0,False,False,False,1,BBB,0.65,0.02,0.4,0.24,HILLTOP NATIONAL BANK,2026-03-31
FDIC_19212_20260331,Corporate_Large,Large_D-SIB,US,613769000.0,0.0,613769000.0,1.0,1,12,0,False,False,False,1,BBB,0.65,0.02,0.4,0.24,FIRST MW BANK OF THE OZARKS,2026-03-31
FDIC_19213_20260331,Corporate_Large,Large_D-SIB,US,1339421000.0,0.0,1339421000.0,1.0,1,12,0,False,False,False,1,BBB,0.65,0.02,0.4,0.24,SECURITY NB OF OMAHA,2026-03-31
FDIC_19215_20260331,Corporate_Large,Large_D-SIB,US,1037313000.0,0.0,1037313000.0,1.0,1,12,0,False,False,False,1,BBB,0.65,0.02,0.4,0.24,BENCHMARK BANK,2026-03-31
FDIC_19220_20260331,Corporate_Large,Large_D-SIB,US,1767083000.0,0.0,1767083000.0,1.0,1,12,0,False,False,False,1,BBB,0.65,0.02,0.4,0.24,ANB BANK,2026-03-31
FDIC_19222_20260331,Corporate_Large,Large_D-SIB,US,4709070000.0,0.0,4709070000.0,1.0,1,12,0,False,False,False,1,BBB,0.65,0.02,0.4,0.24,FREMONT BANK,2026-03-31
FDIC_19230_20260331,Corporate_Large,Large_D-SIB,US,35656000.0,0.0,35656000.0,1.0,1,12,0,False,False,False,1,BBB,0.65,0.02,0.4,0.24,COMMUNITY NB IN MONMOUTH,2026-03-31
FDIC_19234_20260331,Corporate_Large,Large_D-SIB,US,240204000.0,0.0,240204000.0,1.0,1,12,0,False,False,False,1,BBB,0.65,0.02,0.4,0.24,AMERICAN BANK,2026-03-31
FDIC_19254_20260331,Corporate_Large,Large_D-SIB,US,305590000.0,0.0,305590000.0,1.0,1,12,0,False,False,False,1,BBB,0.65,0.02,0.4,0.24,HERITAGE BANK NATIONAL ASSN,2026-03-31
FDIC_19274_20260331,Corporate_Large,Large_D-SIB,US,297451000.0,0.0,297451000.0,1.0,1,12,0,False,False,False,1,BBB,0.65,0.02,0.4,0.24,BANNER CAPITAL BANK,2026-03-31
FDIC_19087_20260331,Corporate_Large,Large_D-SIB,US,79192000.0,0.0,79192000.0,1.0,1,12,0,False,False,False,1,BBB,0.65,0.02,0.4,0.24,BANK OF LINDSAY,2026-03-31
FDIC_19070_20260331,Corporate_Large,Large_D-SIB,US,244146000.0,0.0,244146000.0,1.0,1,12,0,False,False,False,1,BBB,0.65,0.02,0.4,0.24,FIRST NB OF CLARKSDALE,2026-03-31
FDIC_19285_20260331,Corporate_Large,Large_D-SIB,US,179518000.0,0.0,179518000.0,1.0,1,12,0,False,False,False,1,BBB,0.65,0.02,0.4,0.24,LOGAN BANK&TRUST CO,2026-03-31
FDIC_1906_20260331,Corporate_Large,Large_D-SIB,US,64539000.0,0.0,64539000.0,1.0,1,12,0,False,False,False,1,BBB,0.65,0.02,0.4,0.24,TRIUMPH STATE BANK,2026-03-31
FDIC_18885_20260331,Corporate_Large,Large_D-SIB,US,194478000.0,0.0,194478000.0,1.0,1,12,0,False,False,False,1,BBB,0.65,0.02,0.4,0.24,NEIGHBORHOOD NATIONAL BANK,2026-03-31
FDIC_18892_20260331,Corporate_Large,Large_D-SIB,US,15144000.0,0.0,15144000.0,1.0,1,12,0,False,False,False,1,BBB,0.65,0.02,0.4,0.24,KRESS NATIONAL BANK,2026-03-31
FDIC_18895_20260331,Corporate_Large,Large_D-SIB,US,50861000.0,0.0,50861000.0,1.0,1,12,0,False,False,False,1,BBB,0.65,0.02,0.4,0.24,FIRST NB OF LAKE JACKSON,2026-03-31
FDIC_18922_20260331,Corporate_Large,Large_D-SIB,US,1176721000.0,0.0,1176721000.0,1.0,1,12,0,False,False,False,1,BBB,0.65,0.02,0.4,0.24,TRI CITY NATIONAL BANK,2026-03-31
FDIC_18924_20260331,Corporate_Large,Large_D-SIB,US,25956000.0,0.0,25956000.0,1.0,1,12,0,False,False,False,1,BBB,0.65,0.02,0.4,0.24,OLD GLORY BANK,2026-03-31
FDIC_18930_20260331,Corporate_Large,Large_D-SIB,US,68371000.0,0.0,68371000.0,1.0,1,12,0,False,False,False,1,BBB,0.65,0.02,0.4,0.24,BANK OF BELLE GLADE,2026-03-31
FDIC_18937_20260331,Corporate_Large,Large_D-SIB,US,12718000.0,0.0,12718000.0,1.0,1,12,0,False,False,False,1,BBB,0.65,0.02,0.4,0.24,ST MARTIN NATIONAL BANK,2026-03-31
FDIC_18942_20260331,Corporate_Large,Large_D-SIB,US,12780000.0,0.0,12780000.0,1.0,1,12,0,False,False,False,1,BBB,0.65,0.02,0.4,0.24,BK SAN JACINTO CNTY COLDSPRI,2026-03-31
FDIC_1895_20260331,Corporate_Large,Large_D-SIB,US,633911000.0,0.0,633911000.0,1.0,1,12,0,False,False,False,1,BBB,0.65,0.02,0.4,0.24,FARMERS&MERCHANTS BANK,2026-03-31
FDIC_18983_20260331,Corporate_Large,Large_D-SIB,US,4557479000.0,0.0,4557479000.0,1.0,1,12,0,False,False,False,1,BBB,0.65,0.02,0.4,0.24,RIVER CITY BANK,2026-03-31
FDIC_19001_20260331,Corporate_Large,Large_D-SIB,US,568173000.0,0.0,568173000.0,1.0,1,12,0,False,False,False,1,BBB,0.65,0.02,0.4,0.24,FIRST MIDWEST BANK OF DEXTER,2026-03-31
FDIC_19008_20260331,Corporate_Large,Large_D-SIB,US,2937986000.0,0.0,2937986000.0,1.0,1,12,0,False,False,False,1,BBB,0.65,0.02,0.4,0.24,PARKWAY BANK&TRUST CO,2026-03-31
FDIC_1900_20260331,Corporate_Large,Large_D-SIB,US,426579000.0,0.0,426579000.0,1.0,1,12,0,False,False,False,1,BBB,0.65,0.02,0.4,0.24,FIRST INDEPENDENT BANK,2026-03-31
FDIC_19011_20260331,Corporate_Large,Large_D-SIB,US,229568000.0,0.0,229568000.0,1.0,1,12,0,False,False,False,1,BBB,0.65,0.02,0.4,0.24,LEGACY BANK,2026-03-31
FDIC_19024_20260331,Corporate_Large,Large_D-SIB,US,243344000.0,0.0,243344000.0,1.0,1,12,0,False,False,False,1,BBB,0.65,0.02,0.4,0.24,COMMERCIAL NB OF TEXARKANA,2026-03-31
FDIC_1903_20260331,Corporate_Large,Large_D-SIB,US,97295000.0,0.0,97295000.0,1.0,1,12,0,False,False,False,1,BBB,0.65,0.02,0.4,0.24,ST CLAIR STATE BANK INC,2026-03-31
FDIC_1905_20260331,Corporate_Large,Large_D-SIB,US,390692000.0,0.0,390692000.0,1.0,1,12,0,False,False,False,1,BBB,0.65,0.02,0.4,0.24,PROFINIUM INC,2026-03-31
FDIC_19278_20260331,Corporate_Large,Large_D-SIB,US,38965000.0,0.0,38965000.0,1.0,1,12,0,False,False,False,1,BBB,0.65,0.02,0.4,0.24,CARMINE STATE BANK,2026-03-31
FDIC_19288_20260331,Corporate_Large,Large_D-SIB,US,878343000.0,0.0,878343000.0,1.0,1,12,0,False,False,False,1,BBB,0.65,0.02,0.4,0.24,FIRSTAR BANK,2026-03-31
FDIC_18879_20260331,Corporate_Large,Large_D-SIB,US,78671000.0,0.0,78671000.0,1.0,1,12,0,False,False,False,1,BBB,0.65,0.02,0.4,0.24,KENNETT TRUST BANK,2026-03-31
FDIC_19459_20260331,Corporate_Large,Large_D-SIB,US,2577496000.0,0.0,2577496000.0,1.0,1,12,0,False,False,False,1,BBB,0.65,0.02,0.4,0.24,UNITED COMMUNITY BANK,2026-03-31
FDIC_1946_20260331,Corporate_Large,Large_D-SIB,US,203366000.0,0.0,203366000.0,1.0,1,12,0,False,False,False,1,BBB,0.65,0.02,0.4,0.24,ALLIANT BANK,2026-03-31
FDIC_19482_20260331,Corporate_Large,Large_D-SIB,US,905302000.0,0.0,905302000.0,1.0,1,12,0,False,False,False,1,BBB,0.65,0.02,0.4,0.24,CONSUMERS NATIONAL BANK,2026-03-31
FDIC_19502_20260331,Corporate_Large,Large_D-SIB,US,699811000.0,0.0,699811000.0,1.0,1,12,0,False,False,False,1,BBB,0.65,0.02,0.4,0.24,FIRST NB OF TENNESSEE,2026-03-31
FDIC_19506_20260331,Corporate_Large,Large_D-SIB,US,1638500000.0,0.0,1638500000.0,1.0,1,12,0,False,False,False,1,BBB,0.65,0.02,0.4,0.24,BANK OF SPRINGFIELD,2026-03-31
FDIC_19512_20260331,Corporate_Large,Large_D-SIB,US,779644000.0,0.0,779644000.0,1.0,1,12,0,False,False,False,1,BBB,0.65,0.02,0.4,0.24,ROYAL BANKS OF MISSOURI,2026-03-31
FDIC_19525_20260331,Corporate_Large,Large_D-SIB,US,280400000.0,0.0,280400000.0,1.0,1,12,0,False,False,False,1,BBB,0.65,0.02,0.4,0.24,MT MCKINLEY BANK,2026-03-31
FDIC_19531_20260331,Corporate_Large,Large_D-SIB,US,2179526000.0,0.0,2179526000.0,1.0,1,12,0,False,False,False,1,BBB,0.65,0.02,0.4,0.24,MACHIAS SAVINGS BANK,2026-03-31
FDIC_19532_20260331,Corporate_Large,Large_D-SIB,US,615806000.0,0.0,615806000.0,1.0,1,12,0,False,False,False,1,BBB,0.65,0.02,0.4,0.24,SKOWHEGAN SAVINGS BANK,2026-03-31
FDIC_19540_20260331,Corporate_Large,Large_D-SIB,US,203979000.0,0.0,203979000.0,1.0,1,12,0,False,False,False,1,BBB,0.65,0.02,0.4,0.24,PIONEER BANK,2026-03-31
FDIC_19544_20260331,Corporate_Large,Large_D-SIB,US,126806000.0,0.0,126806000.0,1.0,1,12,0,False,False,False,1,BBB,0.65,0.02,0.4,0.24,MADISON VALLEY BANK,2026-03-31
FDIC_19559_20260331,Corporate_Large,Large_D-SIB,US,2069673000.0,0.0,2069673000.0,1.0,1,12,0,False,False,False,1,BBB,0.65,0.02,0.4,0.24,TEXASBANK,2026-03-31
FDIC_1956_20260331,Corporate_Large,Large_D-SIB,US,198734000.0,0.0,198734000.0,1.0,1,12,0,False,False,False,1,BBB,0.65,0.02,0.4,0.24,CITIZENS BANK OF ELDON,2026-03-31
FDIC_19573_20260331,Corporate_Large,Large_D-SIB,US,2291192000.0,0.0,2291192000.0,1.0,1,12,0,False,False,False,1,BBB,0.65,0.02,0.4,0.24,LAKESIDE BANK,2026-03-31
FDIC_19581_20260331,Corporate_Large,Large_D-SIB,US,12797733000.0,0.0,12797733000.0,1.0,1,12,0,False,False,False,1,BBB,0.65,0.02,0.4,0.24,BELL BANK,2026-03-31
FDIC_19589_20260331,Corporate_Large,Large_D-SIB,US,71414000.0,0.0,71414000.0,1.0,1,12,0,False,False,False,1,BBB,0.65,0.02,0.4,0.24,NORTHERN STB OF VIRGINIA,2026-03-31
FDIC_19590_20260331,Corporate_Large,Large_D-SIB,US,251807000.0,0.0,251807000.0,1.0,1,12,0,False,False,False,1,BBB,0.65,0.02,0.4,0.24,ALTAMAHA BANK&TRUST CO,2026-03-31
FDIC_19595_20260331,Corporate_Large,Large_D-SIB,US,44614000.0,0.0,44614000.0,1.0,1,12,0,False,False,False,1,BBB,0.65,0.02,0.4,0.24,COMMERCIAL BANK,2026-03-31
FDIC_1945_20260331,Corporate_Large,Large_D-SIB,US,74453000.0,0.0,74453000.0,1.0,1,12,0,False,False,False,1,BBB,0.65,0.02,0.4,0.24,METZ BANKING CO,2026-03-31
FDIC_19448_20260331,Corporate_Large,Large_D-SIB,US,545240000.0,0.0,545240000.0,1.0,1,12,0,False,False,False,1,BBB,0.65,0.02,0.4,0.24,BNA BANK,2026-03-31
FDIC_1929_20260331,Corporate_Large,Large_D-SIB,US,43808000.0,0.0,43808000.0,1.0,1,12,0,False,False,False,1,BBB,0.65,0.02,0.4,0.24,FARMERS STB OF TRIMONT,2026-03-31
FDIC_19440_20260331,Corporate_Large,Large_D-SIB,US,131444000.0,0.0,131444000.0,1.0,1,12,0,False,False,False,1,BBB,0.65,0.02,0.4,0.24,FIRST FINANCIAL BANK,2026-03-31
FDIC_19300_20260331,Corporate_Large,Large_D-SIB,US,3845013000.0,0.0,3845013000.0,1.0,1,12,0,False,False,False,1,BBB,0.65,0.02,0.4,0.24,AMERICAN NATIONAL BANK,2026-03-31
FDIC_1931_20260331,Corporate_Large,Large_D-SIB,US,114413000.0,0.0,114413000.0,1.0,1,12,0,False,False,False,1,BBB,0.65,0.02,0.4,0.24,NEW MARKET BANK,2026-03-31
FDIC_19333_20260331,Corporate_Large,Large_D-SIB,US,1629386000.0,0.0,1629386000.0,1.0,1,12,0,False,False,False,1,BBB,0.65,0.02,0.4,0.24,REPUBLIC BANK OF CHICAGO,2026-03-31
FDIC_1933_20260331,Corporate_Large,Large_D-SIB,US,71881000.0,0.0,71881000.0,1.0,1,12,0,False,False,False,1,BBB,0.65,0.02,0.4,0.24,CITIZENS STB NORWOOD YOUNG A,2026-03-31
FDIC_19351_20260331,Corporate_Large,Large_D-SIB,US,95067000.0,0.0,95067000.0,1.0,1,12,0,False,False,False,1,BBB,0.65,0.02,0.4,0.24,BANK OF ESTES PARK,2026-03-31
FDIC_19354_20260331,Corporate_Large,Large_D-SIB,US,84092000.0,0.0,84092000.0,1.0,1,12,0,False,False,False,1,BBB,0.65,0.02,0.4,0.24,HODGE BANK&TRUST CO,2026-03-31
FDIC_19358_20260331,Corporate_Large,Large_D-SIB,US,602040000.0,0.0,602040000.0,1.0,1,12,0,False,False,False,1,BBB,0.65,0.02,0.4,0.24,ROUND TOP STATE BANK,2026-03-31
FDIC_1936_20260331,Corporate_Large,Large_D-SIB,US,234150000.0,0.0,234150000.0,1.0,1,12,0,False,False,False,1,BBB,0.65,0.02,0.4,0.24,COMMUNITY STB OF MISSOURI,2026-03-31
FDIC_19371_20260331,Corporate_Large,Large_D-SIB,US,1110420000.0,0.0,1110420000.0,1.0,1,12,0,False,False,False,1,BBB,0.65,0.02,0.4,0.24,RELYANCE BANK,2026-03-31
FDIC_1937_20260331,Corporate_Large,Large_D-SIB,US,48824000.0,0.0,48824000.0,1.0,1,12,0,False,False,False,1,BBB,0.65,0.02,0.4,0.24,BANK OF CROCKER,2026-03-31
FDIC_19381_20260331,Corporate_Large,Large_D-SIB,US,108658000.0,0.0,108658000.0,1.0,1,12,0,False,False,False,1,BBB,0.65,0.02,0.4,0.24,PARK STATE BANK&TRUST,2026-03-31
FDIC_19396_20260331,Corporate_Large,Large_D-SIB,US,428930000.0,0.0,428930000.0,1.0,1,12,0,False,False,False,1,BBB,0.65,0.02,0.4,0.24,UNISON BANK,2026-03-31
FDIC_19401_20260331,Corporate_Large,Large_D-SIB,US,585205000.0,0.0,585205000.0,1.0,1,12,0,False,False,False,1,BBB,0.65,0.02,0.4,0.24,CAPITAL BANK,2026-03-31
FDIC_19416_20260331,Corporate_Large,Large_D-SIB,US,4403234000.0,0.0,4403234000.0,1.0,1,12,0,False,False,False,1,BBB,0.65,0.02,0.4,0.24,CTBC BANK CORP USA,2026-03-31
FDIC_1941_20260331,Corporate_Large,Large_D-SIB,US,142193000.0,0.0,142193000.0,1.0,1,12,0,False,False,False,1,BBB,0.65,0.02,0.4,0.24,TIPTON LATHAM BANK NA,2026-03-31
FDIC_19420_20260331,Corporate_Large,Large_D-SIB,US,295439000.0,0.0,295439000.0,1.0,1,12,0,False,False,False,1,BBB,0.65,0.02,0.4,0.24,CITIZENS BANK OF THE SOUTH,2026-03-31
FDIC_19434_20260331,Corporate_Large,Large_D-SIB,US,476759000.0,0.0,476759000.0,1.0,1,12,0,False,False,False,1,BBB,0.65,0.02,0.4,0.24,BAC COMMUNITY BANK,2026-03-31
FDIC_18880_20260331,Corporate_Large,Large_D-SIB,US,156466000.0,0.0,156466000.0,1.0,1,12,0,False,False,False,1,BBB,0.65,0.02,0.4,0.24,FIRST NB OF GILLETTE,2026-03-31
FDIC_18858_20260331,Corporate_Large,Large_D-SIB,US,204771000.0,0.0,204771000.0,1.0,1,12,0,False,False,False,1,BBB,0.65,0.02,0.4,0.24,HOCKING VALLEY BANK,2026-03-31
FDIC_22229_20260331,Corporate_Large,Large_D-SIB,US,26676000.0,0.0,26676000.0,1.0,1,12,0,False,False,False,1,BBB,0.65,0.02,0.4,0.24,COMMONWEALTH NATIONAL BANK,2026-03-31
FDIC_18385_20260331,Corporate_Large,Large_D-SIB,US,467907000.0,0.0,467907000.0,1.0,1,12,0,False,False,False,1,BBB,0.65,0.02,0.4,0.24,REGIONAL MISSOURI BANK,2026-03-31
FDIC_18394_20260331,Corporate_Large,Large_D-SIB,US,96122000.0,0.0,96122000.0,1.0,1,12,0,False,False,False,1,BBB,0.65,0.02,0.4,0.24,FARMERS SAVINGS BANK,2026-03-31
FDIC_1839_20260331,Corporate_Large,Large_D-SIB,US,88222000.0,0.0,88222000.0,1.0,1,12,0,False,False,False,1,BBB,0.65,0.02,0.4,0.24,COMMUNITY STATE BANK,2026-03-31
FDIC_183_20260331,Corporate_Large,Large_D-SIB,US,53315000.0,0.0,53315000.0,1.0,1,12,0,False,False,False,1,BBB,0.65,0.02,0.4,0.24,MERCHANTS&CITIZENS BANK,2026-03-31
FDIC_18400_20260331,Corporate_Large,Large_D-SIB,US,369622000.0,0.0,369622000.0,1.0,1,12,0,False,False,False,1,BBB,0.65,0.02,0.4,0.24,IOWA TRUST&SAVINGS BANK,2026-03-31
FDIC_18402_20260331,Corporate_Large,Large_D-SIB,US,1235255000.0,0.0,1235255000.0,1.0,1,12,0,False,False,False,1,BBB,0.65,0.02,0.4,0.24,BLACKHAWK BANK&TRUST,2026-03-31
FDIC_18408_20260331,Corporate_Large,Large_D-SIB,US,5122907000.0,0.0,5122907000.0,1.0,1,12,0,False,False,False,1,BBB,0.65,0.02,0.4,0.24,BANGOR SAVINGS BANK,2026-03-31
FDIC_18409_20260331,Corporate_Large,Large_D-SIB,US,165828377000.0,0.0,165828377000.0,1.0,1,12,0,False,False,False,1,BBB,0.65,0.02,0.4,0.24,TD BANK NATIONAL ASSN,2026-03-31
FDIC_18429_20260331,Corporate_Large,Large_D-SIB,US,3490095000.0,0.0,3490095000.0,1.0,1,12,0,False,False,False,1,BBB,0.65,0.02,0.4,0.24,MORTON COMMUNITY BANK,2026-03-31
FDIC_18431_20260331,Corporate_Large,Large_D-SIB,US,411911000.0,0.0,411911000.0,1.0,1,12,0,False,False,False,1,BBB,0.65,0.02,0.4,0.24,FIRST BANK KANSAS,2026-03-31
FDIC_1843_20260331,Corporate_Large,Large_D-SIB,US,141130000.0,0.0,141130000.0,1.0,1,12,0,False,False,False,1,BBB,0.65,0.02,0.4,0.24,FARMERS&MERCHANTS BANK,2026-03-31
FDIC_18443_20260331,Corporate_Large,Large_D-SIB,US,641679000.0,0.0,641679000.0,1.0,1,12,0,False,False,False,1,BBB,0.65,0.02,0.4,0.24,CUSB BANK,2026-03-31
FDIC_18448_20260331,Corporate_Large,Large_D-SIB,US,55915000.0,0.0,55915000.0,1.0,1,12,0,False,False,False,1,BBB,0.65,0.02,0.4,0.24,SECURITY STATE BANK,2026-03-31
FDIC_18454_20260331,Corporate_Large,Large_D-SIB,US,36491000.0,0.0,36491000.0,1.0,1,12,0,False,False,False,1,BBB,0.65,0.02,0.4,0.24,ZAPATA NATIONAL BANK,2026-03-31
FDIC_18463_20260331,Corporate_Large,Large_D-SIB,US,19496000.0,0.0,19496000.0,1.0,1,12,0,False,False,False,1,BBB,0.65,0.02,0.4,0.24,HERITAGE BANK,2026-03-31
FDIC_18474_20260331,Corporate_Large,Large_D-SIB,US,133414000.0,0.0,133414000.0,1.0,1,12,0,False,False,False,1,BBB,0.65,0.02,0.4,0.24,FIRST KANSAS BANK,2026-03-31
FDIC_1847_20260331,Corporate_Large,Large_D-SIB,US,342712000.0,0.0,342712000.0,1.0,1,12,0,False,False,False,1,BBB,0.65,0.02,0.4,0.24,BIPPUS STATE BANK,2026-03-31
FDIC_18483_20260331,Corporate_Large,Large_D-SIB,US,10310000.0,0.0,10310000.0,1.0,1,12,0,False,False,False,1,BBB,0.65,0.02,0.4,0.24,ANDES STATE BANK,2026-03-31
FDIC_18389_20260331,Corporate_Large,Large_D-SIB,US,491094000.0,0.0,491094000.0,1.0,1,12,0,False,False,False,1,BBB,0.65,0.02,0.4,0.24,WESTERN COMMERCE BANK,2026-03-31
FDIC_18384_20260331,Corporate_Large,Large_D-SIB,US,272786000.0,0.0,272786000.0,1.0,1,12,0,False,False,False,1,BBB,0.65,0.02,0.4,0.24,NORTHEAST SECURITY BANK,2026-03-31
FDIC_1849_20260331,Corporate_Large,Large_D-SIB,US,204811000.0,0.0,204811000.0,1.0,1,12,0,False,False,False,1,BBB,0.65,0.02,0.4,0.24,WAYNE BANK&TRUST CO,2026-03-31
FDIC_18380_20260331,Corporate_Large,Large_D-SIB,US,74279000.0,0.0,74279000.0,1.0,1,12,0,False,False,False,1,BBB,0.65,0.02,0.4,0.24,FIRST INDEPENDENT BANK,2026-03-31
FDIC_18238_20260331,Corporate_Large,Large_D-SIB,US,1305411000.0,0.0,1305411000.0,1.0,1,12,0,False,False,False,1,BBB,0.65,0.02,0.4,0.24,CHELSEA GROTON BANK,2026-03-31
FDIC_18258_20260331,Corporate_Large,Large_D-SIB,US,1427304000.0,0.0,1427304000.0,1.0,1,12,0,False,False,False,1,BBB,0.65,0.02,0.4,0.24,THOMASTON SAVINGS BANK,2026-03-31
FDIC_18266_20260331,Corporate_Large,Large_D-SIB,US,2906311000.0,0.0,2906311000.0,1.0,1,12,0,False,False,False,1,BBB,0.65,0.02,0.4,0.24,NORTHERN BANK&TRUST CO,2026-03-31
FDIC_18272_20260331,Corporate_Large,Large_D-SIB,US,1317469000.0,0.0,1317469000.0,1.0,1,12,0,False,False,False,1,BBB,0.65,0.02,0.4,0.24,COMMUNITY STATE BANK,2026-03-31
FDIC_18284_20260331,Corporate_Large,Large_D-SIB,US,171270000.0,0.0,171270000.0,1.0,1,12,0,False,False,False,1,BBB,0.65,0.02,0.4,0.24,FARMERS SAVINGS BANK,2026-03-31
FDIC_18296_20260331,Corporate_Large,Large_D-SIB,US,526621000.0,0.0,526621000.0,1.0,1,12,0,False,False,False,1,BBB,0.65,0.02,0.4,0.24,HAWAII NATIONAL BANK,2026-03-31
FDIC_18297_20260331,Corporate_Large,Large_D-SIB,US,4947639000.0,0.0,4947639000.0,1.0,1,12,0,False,False,False,1,BBB,0.65,0.02,0.4,0.24,SOUTHSIDE BANK,2026-03-31
FDIC_1829_20260331,Corporate_Large,Large_D-SIB,US,44937000.0,0.0,44937000.0,1.0,1,12,0,False,False,False,1,BBB,0.65,0.02,0.4,0.24,FAIRMOUNT STATE BANK,2026-03-31
FDIC_18301_20260331,Corporate_Large,Large_D-SIB,US,96415000.0,0.0,96415000.0,1.0,1,12,0,False,False,False,1,BBB,0.65,0.02,0.4,0.24,FIRST STATE BANK,2026-03-31
FDIC_18302_20260331,Corporate_Large,Large_D-SIB,US,23858000.0,0.0,23858000.0,1.0,1,12,0,False,False,False,1,BBB,0.65,0.02,0.4,0.24,PRODUCER BANK OF TEXAS,2026-03-31
FDIC_1833_20260331,Corporate_Large,Large_D-SIB,US,685569000.0,0.0,685569000.0,1.0,1,12,0,False,False,False,1,BBB,0.65,0.02,0.4,0.24,STATE BANK,2026-03-31
FDIC_18344_20260331,Corporate_Large,Large_D-SIB,US,736442000.0,0.0,736442000.0,1.0,1,12,0,False,False,False,1,BBB,0.65,0.02,0.4,0.24,UBANK,2026-03-31
FDIC_18355_20260331,Corporate_Large,Large_D-SIB,US,1305736000.0,0.0,1305736000.0,1.0,1,12,0,False,False,False,1,BBB,0.65,0.02,0.4,0.24,NORTH DALLAS BANK&TRUST CO,2026-03-31
FDIC_18356_20260331,Corporate_Large,Large_D-SIB,US,129410000.0,0.0,129410000.0,1.0,1,12,0,False,False,False,1,BBB,0.65,0.02,0.4,0.24,CITIZENS STATE BANK,2026-03-31
FDIC_18361_20260331,Corporate_Large,Large_D-SIB,US,405142000.0,0.0,405142000.0,1.0,1,12,0,False,False,False,1,BBB,0.65,0.02,0.4,0.24,COULEE BANK,2026-03-31
FDIC_18374_20260331,Corporate_Large,Large_D-SIB,US,759149000.0,0.0,759149000.0,1.0,1,12,0,False,False,False,1,BBB,0.65,0.02,0.4,0.24,SECURITY STATE BANK,2026-03-31
FDIC_18378_20260331,Corporate_Large,Large_D-SIB,US,97768000.0,0.0,97768000.0,1.0,1,12,0,False,False,False,1,BBB,0.65,0.02,0.4,0.24,SECURITY STB OF WANAMINGO,2026-03-31
FDIC_18489_20260331,Corporate_Large,Large_D-SIB,US,897857000.0,0.0,897857000.0,1.0,1,12,0,False,False,False,1,BBB,0.65,0.02,0.4,0.24,ADAMS BANK&TRUST,2026-03-31
FDIC_18503_20260331,Corporate_Large,Large_D-SIB,US,20174646000.0,0.0,20174646000.0,1.0,1,12,0,False,False,False,1,BBB,0.65,0.02,0.4,0.24,CATHAY BANK,2026-03-31
FDIC_18856_20260331,Corporate_Large,Large_D-SIB,US,151005000.0,0.0,151005000.0,1.0,1,12,0,False,False,False,1,BBB,0.65,0.02,0.4,0.24,OKLAHOMA CAPITAL BANK,2026-03-31
FDIC_1865_20260331,Corporate_Large,Large_D-SIB,US,57163000.0,0.0,57163000.0,1.0,1,12,0,False,False,False,1,BBB,0.65,0.02,0.4,0.24,KANSAS STB OVERBROOK KANSAS,2026-03-31
FDIC_18677_20260331,Corporate_Large,Large_D-SIB,US,137766000.0,0.0,137766000.0,1.0,1,12,0,False,False,False,1,BBB,0.65,0.02,0.4,0.24,VICTORY BANK,2026-03-31
FDIC_1867_20260331,Corporate_Large,Large_D-SIB,US,265761000.0,0.0,265761000.0,1.0,1,12,0,False,False,False,1,BBB,0.65,0.02,0.4,0.24,FARMERS STB OF OAKLEY KANSAS,2026-03-31
FDIC_1868_20260331,Corporate_Large,Large_D-SIB,US,468634000.0,0.0,468634000.0,1.0,1,12,0,False,False,False,1,BBB,0.65,0.02,0.4,0.24,BANK OF TESCOTT,2026-03-31
FDIC_18698_20260331,Corporate_Large,Large_D-SIB,US,274178000.0,0.0,274178000.0,1.0,1,12,0,False,False,False,1,BBB,0.65,0.02,0.4,0.24,TEXAS STATE BANK,2026-03-31
FDIC_1869_20260331,Corporate_Large,Large_D-SIB,US,427257000.0,0.0,427257000.0,1.0,1,12,0,False,False,False,1,BBB,0.65,0.02,0.4,0.24,UNION STATE BANK,2026-03-31
FDIC_18710_20260331,Corporate_Large,Large_D-SIB,US,228867000.0,0.0,228867000.0,1.0,1,12,0,False,False,False,1,BBB,0.65,0.02,0.4,0.24,NORTH VALLEY BANK,2026-03-31
FDIC_18714_20260331,Corporate_Large,Large_D-SIB,US,15483932000.0,0.0,15483932000.0,1.0,1,12,0,False,False,False,1,BBB,0.65,0.02,0.4,0.24,FIRSTBANK,2026-03-31
FDIC_18719_20260331,Corporate_Large,Large_D-SIB,US,55018000.0,0.0,55018000.0,1.0,1,12,0,False,False,False,1,BBB,0.65,0.02,0.4,0.24,GRAND TIMBER BANK,2026-03-31
FDIC_18724_20260331,Corporate_Large,Large_D-SIB,US,29667000.0,0.0,29667000.0,1.0,1,12,0,False,False,False,1,BBB,0.65,0.02,0.4,0.24,CITIZENS STATE BANK,2026-03-31
FDIC_18734_20260331,Corporate_Large,Large_D-SIB,US,1688938000.0,0.0,1688938000.0,1.0,1,12,0,False,False,False,1,BBB,0.65,0.02,0.4,0.24,NEWTEK BANK NATIONAL ASSN,2026-03-31
FDIC_18740_20260331,Corporate_Large,Large_D-SIB,US,641801000.0,0.0,641801000.0,1.0,1,12,0,False,False,False,1,BBB,0.65,0.02,0.4,0.24,HEARTLAND BANK,2026-03-31
FDIC_18748_20260331,Corporate_Large,Large_D-SIB,US,485760000.0,0.0,485760000.0,1.0,1,12,0,False,False,False,1,BBB,0.65,0.02,0.4,0.24,BRUNING BANK,2026-03-31
FDIC_1874_20260331,Corporate_Large,Large_D-SIB,US,365017000.0,0.0,365017000.0,1.0,1,12,0,False,False,False,1,BBB,0.65,0.02,0.4,0.24,BANK OF LABOR,2026-03-31
FDIC_18761_20260331,Corporate_Large,Large_D-SIB,US,140172000.0,0.0,140172000.0,1.0,1,12,0,False,False,False,1,BBB,0.65,0.02,0.4,0.24,FOUNDATION ONE BANK,2026-03-31
FDIC_18780_20260331,Corporate_Large,Large_D-SIB,US,195085000.0,0.0,195085000.0,1.0,1,12,0,False,False,False,1,BBB,0.65,0.02,0.4,0.24,SUNDOWN STATE BANK,2026-03-31
FDIC_18820_20260331,Corporate_Large,Large_D-SIB,US,141371000.0,0.0,141371000.0,1.0,1,12,0,False,False,False,1,BBB,0.65,0.02,0.4,0.24,CEDAR RAPIDS STATE BANK,2026-03-31
FDIC_18841_20260331,Corporate_Large,Large_D-SIB,US,448681000.0,0.0,448681000.0,1.0,1,12,0,False,False,False,1,BBB,0.65,0.02,0.4,0.24,PHELPS COUNTY BANK,2026-03-31
FDIC_18660_20260331,Corporate_Large,Large_D-SIB,US,176566000.0,0.0,176566000.0,1.0,1,12,0,False,False,False,1,BBB,0.65,0.02,0.4,0.24,CHARTER BANK,2026-03-31
FDIC_18641_20260331,Corporate_Large,Large_D-SIB,US,126042000.0,0.0,126042000.0,1.0,1,12,0,False,False,False,1,BBB,0.65,0.02,0.4,0.24,FIRST B&T CO OF ILLINOIS,2026-03-31
FDIC_18508_20260331,Corporate_Large,Large_D-SIB,US,59809000.0,0.0,59809000.0,1.0,1,12,0,False,False,False,1,BBB,0.65,0.02,0.4,0.24,FIRST SECURITY STATE BANK,2026-03-31
FDIC_18620_20260331,Corporate_Large,Large_D-SIB,US,162887000.0,0.0,162887000.0,1.0,1,12,0,False,False,False,1,BBB,0.65,0.02,0.4,0.24,CITIZENS B&T CO OF JACKSON,2026-03-31
FDIC_18514_20260331,Corporate_Large,Large_D-SIB,US,125812000.0,0.0,125812000.0,1.0,1,12,0,False,False,False,1,BBB,0.65,0.02,0.4,0.24,FIRST NEW MEXICO BANK,2026-03-31
FDIC_18518_20260331,Corporate_Large,Large_D-SIB,US,232589000.0,0.0,232589000.0,1.0,1,12,0,False,False,False,1,BBB,0.65,0.02,0.4,0.24,WESTSIDE STATE BANK,2026-03-31
FDIC_18519_20260331,Corporate_Large,Large_D-SIB,US,847901000.0,0.0,847901000.0,1.0,1,12,0,False,False,False,1,BBB,0.65,0.02,0.4,0.24,FIRST SERVICE BANK,2026-03-31
FDIC_1852_20260331,Corporate_Large,Large_D-SIB,US,353269000.0,0.0,353269000.0,1.0,1,12,0,False,False,False,1,BBB,0.65,0.02,0.4,0.24,FIRST SECURITY BANK&TRUST CO,2026-03-31
FDIC_18561_20260331,Corporate_Large,Large_D-SIB,US,1804135000.0,0.0,1804135000.0,1.0,1,12,0,False,False,False,1,BBB,0.65,0.02,0.4,0.24,SUNRISE BANKS NATIONAL ASSN,2026-03-31
FDIC_18564_20260331,Corporate_Large,Large_D-SIB,US,387871000.0,0.0,387871000.0,1.0,1,12,0,False,False,False,1,BBB,0.65,0.02,0.4,0.24,FIRST NB OF BROOKFIELD,2026-03-31
FDIC_18566_20260331,Corporate_Large,Large_D-SIB,US,160084000.0,0.0,160084000.0,1.0,1,12,0,False,False,False,1,BBB,0.65,0.02,0.4,0.24,PEOPLES BK OF KANKAKEE CNTY,2026-03-31
FDIC_18568_20260331,Corporate_Large,Large_D-SIB,US,14848000.0,0.0,14848000.0,1.0,1,12,0,False,False,False,1,BBB,0.65,0.02,0.4,0.24,COMMUNITY BANK OF EASTON,2026-03-31
FDIC_18569_20260331,Corporate_Large,Large_D-SIB,US,1129872000.0,0.0,1129872000.0,1.0,1,12,0,False,False,False,1,BBB,0.65,0.02,0.4,0.24,PEOPLES STATE BANK,2026-03-31
FDIC_18576_20260331,Corporate_Large,Large_D-SIB,US,403281000.0,0.0,403281000.0,1.0,1,12,0,False,False,False,1,BBB,0.65,0.02,0.4,0.24,BANK OF TEXAS,2026-03-31
FDIC_1857_20260331,Corporate_Large,Large_D-SIB,US,349511000.0,0.0,349511000.0,1.0,1,12,0,False,False,False,1,BBB,0.65,0.02,0.4,0.24,WAUKON STATE BANK,2026-03-31
FDIC_18584_20260331,Corporate_Large,Large_D-SIB,US,364324000.0,0.0,364324000.0,1.0,1,12,0,False,False,False,1,BBB,0.65,0.02,0.4,0.24,COMMERCIAL BANK,2026-03-31
FDIC_18592_20260331,Corporate_Large,Large_D-SIB,US,482276000.0,0.0,482276000.0,1.0,1,12,0,False,False,False,1,BBB,0.65,0.02,0.4,0.24,FIRST BANK OF OWASSO,2026-03-31
FDIC_18609_20260331,Corporate_Large,Large_D-SIB,US,1220305000.0,0.0,1220305000.0,1.0,1,12,0,False,False,False,1,BBB,0.65,0.02,0.4,0.24,AMERICAN BANK OF COMMERCE,2026-03-31
FDIC_1860_20260331,Corporate_Large,Large_D-SIB,US,22673000.0,0.0,22673000.0,1.0,1,12,0,False,False,False,1,BBB,0.65,0.02,0.4,0.24,MONTEZUMA STATE BANK,2026-03-31
FDIC_18610_20260331,Corporate_Large,Large_D-SIB,US,318113000.0,0.0,318113000.0,1.0,1,12,0,False,False,False,1,BBB,0.65,0.02,0.4,0.24,UNION STATE BANK OF EVEREST,2026-03-31
FDIC_18618_20260331,Corporate_Large,Large_D-SIB,US,4331142000.0,0.0,4331142000.0,1.0,1,12,0,False,False,False,1,BBB,0.65,0.02,0.4,0.24,SMBC MANUBANK,2026-03-31
FDIC_19600_20260331,Corporate_Large,Large_D-SIB,US,2486399000.0,0.0,2486399000.0,1.0,1,12,0,False,False,False,1,BBB,0.65,0.02,0.4,0.24,ACADEMY BANK NATIONAL ASSN,2026-03-31
FDIC_19603_20260331,Corporate_Large,Large_D-SIB,US,683528000.0,0.0,683528000.0,1.0,1,12,0,False,False,False,1,BBB,0.65,0.02,0.4,0.24,HOMETOWN BANK NATIONAL ASSN,2026-03-31
FDIC_19608_20260331,Corporate_Large,Large_D-SIB,US,1280987000.0,0.0,1280987000.0,1.0,1,12,0,False,False,False,1,BBB,0.65,0.02,0.4,0.24,PARK BANK,2026-03-31
FDIC_21265_20260331,Corporate_Large,Large_D-SIB,US,4262951000.0,0.0,4262951000.0,1.0,1,12,0,False,False,False,1,BBB,0.65,0.02,0.4,0.24,BRADESCO BANK,2026-03-31
FDIC_21292_20260331,Corporate_Large,Large_D-SIB,US,839116000.0,0.0,839116000.0,1.0,1,12,0,False,False,False,1,BBB,0.65,0.02,0.4,0.24,PEOPLESSOUTH BANK,2026-03-31
FDIC_21329_20260331,Corporate_Large,Large_D-SIB,US,449614000.0,0.0,449614000.0,1.0,1,12,0,False,False,False,1,BBB,0.65,0.02,0.4,0.24,NBT FINANCIAL BANK,2026-03-31
FDIC_21342_20260331,Corporate_Large,Large_D-SIB,US,236440000.0,0.0,236440000.0,1.0,1,12,0,False,False,False,1,BBB,0.65,0.02,0.4,0.24,SONATA BANK,2026-03-31
FDIC_21379_20260331,Corporate_Large,Large_D-SIB,US,83047000.0,0.0,83047000.0,1.0,1,12,0,False,False,False,1,BBB,0.65,0.02,0.4,0.24,FIRST NATURALSTATE BANK,2026-03-31
FDIC_2138_20260331,Corporate_Large,Large_D-SIB,US,1353945000.0,0.0,1353945000.0,1.0,1,12,0,False,False,False,1,BBB,0.65,0.02,0.4,0.24,QUEENSBOROUGH NB&T CO,2026-03-31
FDIC_21448_20260331,Corporate_Large,Large_D-SIB,US,52532000.0,0.0,52532000.0,1.0,1,12,0,False,False,False,1,BBB,0.65,0.02,0.4,0.24,REDEMPTION BANK,2026-03-31
FDIC_21455_20260331,Corporate_Large,Large_D-SIB,US,103447000.0,0.0,103447000.0,1.0,1,12,0,False,False,False,1,BBB,0.65,0.02,0.4,0.24,FIDELITY BANK OF TEXAS,2026-03-31
FDIC_2145_20260331,Corporate_Large,Large_D-SIB,US,111325000.0,0.0,111325000.0,1.0,1,12,0,False,False,False,1,BBB,0.65,0.02,0.4,0.24,BANK OF MONTICELLO,2026-03-31
FDIC_21486_20260331,Corporate_Large,Large_D-SIB,US,140248000.0,0.0,140248000.0,1.0,1,12,0,False,False,False,1,BBB,0.65,0.02,0.4,0.24,CROSSROADS BANK,2026-03-31
FDIC_214_20260331,Corporate_Large,Large_D-SIB,US,362290000.0,0.0,362290000.0,1.0,1,12,0,False,False,False,1,BBB,0.65,0.02,0.4,0.24,WASHINGTON STATE BANK,2026-03-31
FDIC_21525_20260331,Corporate_Large,Large_D-SIB,US,155913000.0,0.0,155913000.0,1.0,1,12,0,False,False,False,1,BBB,0.65,0.02,0.4,0.24,CORNERSTONE STATE BANK,2026-03-31
FDIC_21526_20260331,Corporate_Large,Large_D-SIB,US,77855000.0,0.0,77855000.0,1.0,1,12,0,False,False,False,1,BBB,0.65,0.02,0.4,0.24,WEST CENTRAL GEORGIA BANK,2026-03-31
FDIC_21529_20260331,Corporate_Large,Large_D-SIB,US,105082000.0,0.0,105082000.0,1.0,1,12,0,False,False,False,1,BBB,0.65,0.02,0.4,0.24,BANK OF OAK RIDGE,2026-03-31
FDIC_2154_20260331,Corporate_Large,Large_D-SIB,US,106067000.0,0.0,106067000.0,1.0,1,12,0,False,False,False,1,BBB,0.65,0.02,0.4,0.24,GEO D WARTHEN BANK,2026-03-31
FDIC_21557_20260331,Corporate_Large,Large_D-SIB,US,251213000.0,0.0,251213000.0,1.0,1,12,0,False,False,False,1,BBB,0.65,0.02,0.4,0.24,THREE RIVERS BANK OF MONTANA,2026-03-31
FDIC_21567_20260331,Corporate_Large,Large_D-SIB,US,549126000.0,0.0,549126000.0,1.0,1,12,0,False,False,False,1,BBB,0.65,0.02,0.4,0.24,AMERICAN BANK NATIONAL ASSN,2026-03-31
FDIC_21573_20260331,Corporate_Large,Large_D-SIB,US,1707956000.0,0.0,1707956000.0,1.0,1,12,0,False,False,False,1,BBB,0.65,0.02,0.4,0.24,BANK OF TENNESSEE,2026-03-31
FDIC_21284_20260331,Corporate_Large,Large_D-SIB,US,78185000.0,0.0,78185000.0,1.0,1,12,0,False,False,False,1,BBB,0.65,0.02,0.4,0.24,BANK OF PENSACOLA,2026-03-31
FDIC_21255_20260331,Corporate_Large,Large_D-SIB,US,39432000.0,0.0,39432000.0,1.0,1,12,0,False,False,False,1,BBB,0.65,0.02,0.4,0.24,LAKESIDE BANK OF SALINA,2026-03-31
FDIC_21591_20260331,Corporate_Large,Large_D-SIB,US,1748165000.0,0.0,1748165000.0,1.0,1,12,0,False,False,False,1,BBB,0.65,0.02,0.4,0.24,BANK OF GREENE COUNTY,2026-03-31
FDIC_21247_20260331,Corporate_Large,Large_D-SIB,US,356528000.0,0.0,356528000.0,1.0,1,12,0,False,False,False,1,BBB,0.65,0.02,0.4,0.24,FIRST KENTUCKY BANK INC,2026-03-31
FDIC_20884_20260331,Corporate_Large,Large_D-SIB,US,1727872000.0,0.0,1727872000.0,1.0,1,12,0,False,False,False,1,BBB,0.65,0.02,0.4,0.24,BANK OF GUAM,2026-03-31
FDIC_2093_20260331,Corporate_Large,Large_D-SIB,US,530197000.0,0.0,530197000.0,1.0,1,12,0,False,False,False,1,BBB,0.65,0.02,0.4,0.24,NATIONAL CAPITAL BANK OF WA,2026-03-31
FDIC_20954_20260331,Corporate_Large,Large_D-SIB,US,1336369000.0,0.0,1336369000.0,1.0,1,12,0,False,False,False,1,BBB,0.65,0.02,0.4,0.24,CITIZENS NATIONAL BANK,2026-03-31
FDIC_20989_20260331,Corporate_Large,Large_D-SIB,US,1050476000.0,0.0,1050476000.0,1.0,1,12,0,False,False,False,1,BBB,0.65,0.02,0.4,0.24,INDEPENDENCE BANK,2026-03-31
FDIC_20993_20260331,Corporate_Large,Large_D-SIB,US,499827000.0,0.0,499827000.0,1.0,1,12,0,False,False,False,1,BBB,0.65,0.02,0.4,0.24,HARDIN COUNTY BANK,2026-03-31
FDIC_2102_20260331,Corporate_Large,Large_D-SIB,US,855210000.0,0.0,855210000.0,1.0,1,12,0,False,False,False,1,BBB,0.65,0.02,0.4,0.24,CONWAY NATIONAL BANK,2026-03-31
FDIC_21031_20260331,Corporate_Large,Large_D-SIB,US,1969645000.0,0.0,1969645000.0,1.0,1,12,0,False,False,False,1,BBB,0.65,0.02,0.4,0.24,BANK OF TAMPA,2026-03-31
FDIC_21050_20260331,Corporate_Large,Large_D-SIB,US,61194000.0,0.0,61194000.0,1.0,1,12,0,False,False,False,1,BBB,0.65,0.02,0.4,0.24,FIRST STB OF THE SOUTH INC,2026-03-31
FDIC_21074_20260331,Corporate_Large,Large_D-SIB,US,685263000.0,0.0,685263000.0,1.0,1,12,0,False,False,False,1,BBB,0.65,0.02,0.4,0.24,TEXAS BANK,2026-03-31
FDIC_2107_20260331,Corporate_Large,Large_D-SIB,US,146435000.0,0.0,146435000.0,1.0,1,12,0,False,False,False,1,BBB,0.65,0.02,0.4,0.24,FIRST NB OF SOUTH CAROLINA,2026-03-31
FDIC_21083_20260331,Corporate_Large,Large_D-SIB,US,415179000.0,0.0,415179000.0,1.0,1,12,0,False,False,False,1,BBB,0.65,0.02,0.4,0.24,UNITED MISSISSIPPI BANK,2026-03-31
FDIC_21085_20260331,Corporate_Large,Large_D-SIB,US,65956000.0,0.0,65956000.0,1.0,1,12,0,False,False,False,1,BBB,0.65,0.02,0.4,0.24,BANK OF ONTARIO,2026-03-31
FDIC_210_20260331,Corporate_Large,Large_D-SIB,US,207703000.0,0.0,207703000.0,1.0,1,12,0,False,False,False,1,BBB,0.65,0.02,0.4,0.24,TRI-COUNTY BANK&TRUST CO,2026-03-31
FDIC_21121_20260331,Corporate_Large,Large_D-SIB,US,543044000.0,0.0,543044000.0,1.0,1,12,0,False,False,False,1,BBB,0.65,0.02,0.4,0.24,WESTERN STATE BANK,2026-03-31
FDIC_21161_20260331,Corporate_Large,Large_D-SIB,US,311387000.0,0.0,311387000.0,1.0,1,12,0,False,False,False,1,BBB,0.65,0.02,0.4,0.24,BANK OF THE BLUEGRASS&TR CO,2026-03-31
FDIC_21219_20260331,Corporate_Large,Large_D-SIB,US,70001000.0,0.0,70001000.0,1.0,1,12,0,False,False,False,1,BBB,0.65,0.02,0.4,0.24,BANK OF THE MOUNTAINS INC,2026-03-31
FDIC_21227_20260331,Corporate_Large,Large_D-SIB,US,313953000.0,0.0,313953000.0,1.0,1,12,0,False,False,False,1,BBB,0.65,0.02,0.4,0.24,CBBC BANK,2026-03-31
FDIC_2157_20260331,Corporate_Large,Large_D-SIB,US,28349000.0,0.0,28349000.0,1.0,1,12,0,False,False,False,1,BBB,0.65,0.02,0.4,0.24,FIRST STB OF RANDOLPH COUNTY,2026-03-31
FDIC_21606_20260331,Corporate_Large,Large_D-SIB,US,764305000.0,0.0,764305000.0,1.0,1,12,0,False,False,False,1,BBB,0.65,0.02,0.4,0.24,HCN BANK,2026-03-31
FDIC_19629_20260331,Corporate_Large,Large_D-SIB,US,7040990000.0,0.0,7040990000.0,1.0,1,12,0,False,False,False,1,BBB,0.65,0.02,0.4,0.24,INTERNATIONAL BK OF COM,2026-03-31
FDIC_21943_20260331,Corporate_Large,Large_D-SIB,US,7072384000.0,0.0,7072384000.0,1.0,1,12,0,False,False,False,1,BBB,0.65,0.02,0.4,0.24,TRI COUNTIES BANK,2026-03-31
FDIC_21956_20260331,Corporate_Large,Large_D-SIB,US,1393403000.0,0.0,1393403000.0,1.0,1,12,0,False,False,False,1,BBB,0.65,0.02,0.4,0.24,MONTECITO BANK&TRUST,2026-03-31
FDIC_21978_20260331,Corporate_Large,Large_D-SIB,US,481842000.0,0.0,481842000.0,1.0,1,12,0,False,False,False,1,BBB,0.65,0.02,0.4,0.24,FRONTIER STATE BANK,2026-03-31
FDIC_21988_20260331,Corporate_Large,Large_D-SIB,US,209991000.0,0.0,209991000.0,1.0,1,12,0,False,False,False,1,BBB,0.65,0.02,0.4,0.24,COMMUNITY STB OF ROCK FALLS,2026-03-31
FDIC_21998_20260331,Corporate_Large,Large_D-SIB,US,76385000.0,0.0,76385000.0,1.0,1,12,0,False,False,False,1,BBB,0.65,0.02,0.4,0.24,COVINGTON COUNTY BANK,2026-03-31
FDIC_22015_20260331,Corporate_Large,Large_D-SIB,US,440549000.0,0.0,440549000.0,1.0,1,12,0,False,False,False,1,BBB,0.65,0.02,0.4,0.24,ANDREW JOHNSON BANK,2026-03-31
FDIC_22020_20260331,Corporate_Large,Large_D-SIB,US,440680000.0,0.0,440680000.0,1.0,1,12,0,False,False,False,1,BBB,0.65,0.02,0.4,0.24,INSOUTH BANK,2026-03-31
FDIC_22046_20260331,Corporate_Large,Large_D-SIB,US,114503000.0,0.0,114503000.0,1.0,1,12,0,False,False,False,1,BBB,0.65,0.02,0.4,0.24,FIRST NATIONAL BANK USA,2026-03-31
FDIC_2205_20260331,Corporate_Large,Large_D-SIB,US,198604000.0,0.0,198604000.0,1.0,1,12,0,False,False,False,1,BBB,0.65,0.02,0.4,0.24,BANK OF THE ROCKIES,2026-03-31
FDIC_22065_20260331,Corporate_Large,Large_D-SIB,US,543250000.0,0.0,543250000.0,1.0,1,12,0,False,False,False,1,BBB,0.65,0.02,0.4,0.24,GRAND BANK,2026-03-31
FDIC_22086_20260331,Corporate_Large,Large_D-SIB,US,188120000.0,0.0,188120000.0,1.0,1,12,0,False,False,False,1,BBB,0.65,0.02,0.4,0.24,MAIN BANK,2026-03-31
FDIC_2208_20260331,Corporate_Large,Large_D-SIB,US,611800000.0,0.0,611800000.0,1.0,1,12,0,False,False,False,1,BBB,0.65,0.02,0.4,0.24,FIRST NORTHERN BANK OF WY,2026-03-31
FDIC_22090_20260331,Corporate_Large,Large_D-SIB,US,357612000.0,0.0,357612000.0,1.0,1,12,0,False,False,False,1,BBB,0.65,0.02,0.4,0.24,COFFEE COUNTY BANK,2026-03-31
FDIC_22092_20260331,Corporate_Large,Large_D-SIB,US,517627000.0,0.0,517627000.0,1.0,1,12,0,False,False,False,1,BBB,0.65,0.02,0.4,0.24,FIRST NATIONAL CMTY BANK,2026-03-31
FDIC_22134_20260331,Corporate_Large,Large_D-SIB,US,2646625000.0,0.0,2646625000.0,1.0,1,12,0,False,False,False,1,BBB,0.65,0.02,0.4,0.24,CACHE VALLEY BANK,2026-03-31
FDIC_22138_20260331,Corporate_Large,Large_D-SIB,US,219742000.0,0.0,219742000.0,1.0,1,12,0,False,False,False,1,BBB,0.65,0.02,0.4,0.24,RABUN COUNTY BANK,2026-03-31
FDIC_22180_20260331,Corporate_Large,Large_D-SIB,US,786488000.0,0.0,786488000.0,1.0,1,12,0,False,False,False,1,BBB,0.65,0.02,0.4,0.24,UNITED BANKERS BANK,2026-03-31
FDIC_22205_20260331,Corporate_Large,Large_D-SIB,US,663162000.0,0.0,663162000.0,1.0,1,12,0,False,False,False,1,BBB,0.65,0.02,0.4,0.24,BARWICK BANKING CO,2026-03-31
FDIC_21955_20260331,Corporate_Large,Large_D-SIB,US,271422000.0,0.0,271422000.0,1.0,1,12,0,False,False,False,1,BBB,0.65,0.02,0.4,0.24,STRYV BANK,2026-03-31
FDIC_21928_20260331,Corporate_Large,Large_D-SIB,US,218565000.0,0.0,218565000.0,1.0,1,12,0,False,False,False,1,BBB,0.65,0.02,0.4,0.24,KIRKWOOD BANK&TRUST CO,2026-03-31
FDIC_2160_20260331,Corporate_Large,Large_D-SIB,US,146119000.0,0.0,146119000.0,1.0,1,12,0,False,False,False,1,BBB,0.65,0.02,0.4,0.24,FIRST NB OF WAYNESBORO,2026-03-31
FDIC_21906_20260331,Corporate_Large,Large_D-SIB,US,925324000.0,0.0,925324000.0,1.0,1,12,0,False,False,False,1,BBB,0.65,0.02,0.4,0.24,PRIORITYONE BANK,2026-03-31
FDIC_21635_20260331,Corporate_Large,Large_D-SIB,US,49424000.0,0.0,49424000.0,1.0,1,12,0,False,False,False,1,BBB,0.65,0.02,0.4,0.24,BANK OF BOURBONNAIS,2026-03-31
FDIC_21692_20260331,Corporate_Large,Large_D-SIB,US,41262000.0,0.0,41262000.0,1.0,1,12,0,False,False,False,1,BBB,0.65,0.02,0.4,0.24,PEOPLES BANK OF GRACEVILLE,2026-03-31
FDIC_21693_20260331,Corporate_Large,Large_D-SIB,US,246992000.0,0.0,246992000.0,1.0,1,12,0,False,False,False,1,BBB,0.65,0.02,0.4,0.24,LAKESIDE BANK,2026-03-31
FDIC_21714_20260331,Corporate_Large,Large_D-SIB,US,893136000.0,0.0,893136000.0,1.0,1,12,0,False,False,False,1,BBB,0.65,0.02,0.4,0.24,PREMIER BANK,2026-03-31
FDIC_21716_20260331,Corporate_Large,Large_D-SIB,US,8643316000.0,0.0,8643316000.0,1.0,1,12,0,False,False,False,1,BBB,0.65,0.02,0.4,0.24,CITIZENS BUSINESS BANK NA,2026-03-31
FDIC_21721_20260331,Corporate_Large,Large_D-SIB,US,82023000.0,0.0,82023000.0,1.0,1,12,0,False,False,False,1,BBB,0.65,0.02,0.4,0.24,HERITAGE BANK OF SCHAUMBURG,2026-03-31
FDIC_21728_20260331,Corporate_Large,Large_D-SIB,US,78236000.0,0.0,78236000.0,1.0,1,12,0,False,False,False,1,BBB,0.65,0.02,0.4,0.24,FARMERS&MERCHANTS STATE BANK,2026-03-31
FDIC_21752_20260331,Corporate_Large,Large_D-SIB,US,52724000.0,0.0,52724000.0,1.0,1,12,0,False,False,False,1,BBB,0.65,0.02,0.4,0.24,FIRST STATE BANK,2026-03-31
FDIC_21784_20260331,Corporate_Large,Large_D-SIB,US,467472000.0,0.0,467472000.0,1.0,1,12,0,False,False,False,1,BBB,0.65,0.02,0.4,0.24,FIRST PORT CITY BANK,2026-03-31
FDIC_21805_20260331,Corporate_Large,Large_D-SIB,US,288398000.0,0.0,288398000.0,1.0,1,12,0,False,False,False,1,BBB,0.65,0.02,0.4,0.24,FIRST STATE BANK OF DEQUEEN,2026-03-31
FDIC_21807_20260331,Corporate_Large,Large_D-SIB,US,23576000.0,0.0,23576000.0,1.0,1,12,0,False,False,False,1,BBB,0.65,0.02,0.4,0.24,LOVELADY STATE BANK,2026-03-31
FDIC_21843_20260331,Corporate_Large,Large_D-SIB,US,431772000.0,0.0,431772000.0,1.0,1,12,0,False,False,False,1,BBB,0.65,0.02,0.4,0.24,MIZUHO BANK USA,2026-03-31
FDIC_21848_20260331,Corporate_Large,Large_D-SIB,US,616937000.0,0.0,616937000.0,1.0,1,12,0,False,False,False,1,BBB,0.65,0.02,0.4,0.24,QUAIL CREEK BANK,2026-03-31
FDIC_21868_20260331,Corporate_Large,Large_D-SIB,US,954238000.0,0.0,954238000.0,1.0,1,12,0,False,False,False,1,BBB,0.65,0.02,0.4,0.24,BESSEMER TRUST CO NA,2026-03-31
FDIC_21874_20260331,Corporate_Large,Large_D-SIB,US,155656000.0,0.0,155656000.0,1.0,1,12,0,False,False,False,1,BBB,0.65,0.02,0.4,0.24,FIRST PEOPLES BANK OF TN,2026-03-31
FDIC_21883_20260331,Corporate_Large,Large_D-SIB,US,467028000.0,0.0,467028000.0,1.0,1,12,0,False,False,False,1,BBB,0.65,0.02,0.4,0.24,TRUPOINT BANK,2026-03-31
FDIC_21897_20260331,Corporate_Large,Large_D-SIB,US,145361000.0,0.0,145361000.0,1.0,1,12,0,False,False,False,1,BBB,0.65,0.02,0.4,0.24,BANK STAR,2026-03-31
FDIC_20872_20260331,Corporate_Large,Large_D-SIB,US,271842000.0,0.0,271842000.0,1.0,1,12,0,False,False,False,1,BBB,0.65,0.02,0.4,0.24,CITIZENS GUARANTY BANK,2026-03-31
FDIC_20856_20260331,Corporate_Large,Large_D-SIB,US,626261000.0,0.0,626261000.0,1.0,1,12,0,False,False,False,1,BBB,0.65,0.02,0.4,0.24,LIBERTY BANK&TRUST CO,2026-03-31
FDIC_20845_20260331,Corporate_Large,Large_D-SIB,US,1103790000.0,0.0,1103790000.0,1.0,1,12,0,False,False,False,1,BBB,0.65,0.02,0.4,0.24,WALLIS BANK,2026-03-31
FDIC_19795_20260331,Corporate_Large,Large_D-SIB,US,424656000.0,0.0,424656000.0,1.0,1,12,0,False,False,False,1,BBB,0.65,0.02,0.4,0.24,ABBYBANK,2026-03-31
FDIC_197_20260331,Corporate_Large,Large_D-SIB,US,318986000.0,0.0,318986000.0,1.0,1,12,0,False,False,False,1,BBB,0.65,0.02,0.4,0.24,ALLIANCE BANK,2026-03-31
FDIC_19800_20260331,Corporate_Large,Large_D-SIB,US,92745000.0,0.0,92745000.0,1.0,1,12,0,False,False,False,1,BBB,0.65,0.02,0.4,0.24,PLAQUEMINE BANK&TRUST CO,2026-03-31
FDIC_19809_20260331,Corporate_Large,Large_D-SIB,US,113793000.0,0.0,113793000.0,1.0,1,12,0,False,False,False,1,BBB,0.65,0.02,0.4,0.24,HERSHEY BANK,2026-03-31
FDIC_1980_20260331,Corporate_Large,Large_D-SIB,US,146379000.0,0.0,146379000.0,1.0,1,12,0,False,False,False,1,BBB,0.65,0.02,0.4,0.24,VALLEY BANK OF KALISPELL,2026-03-31
FDIC_19819_20260331,Corporate_Large,Large_D-SIB,US,20634000.0,0.0,20634000.0,1.0,1,12,0,False,False,False,1,BBB,0.65,0.02,0.4,0.24,SOUTHEAST FIRST NB,2026-03-31
FDIC_19827_20260331,Corporate_Large,Large_D-SIB,US,495890000.0,0.0,495890000.0,1.0,1,12,0,False,False,False,1,BBB,0.65,0.02,0.4,0.24,PIONEER TRUST BANK NA,2026-03-31
FDIC_1982_20260331,Corporate_Large,Large_D-SIB,US,62610000.0,0.0,62610000.0,1.0,1,12,0,False,False,False,1,BBB,0.65,0.02,0.4,0.24,FIRST STATE BANK OF MALTA,2026-03-31
FDIC_19836_20260331,Corporate_Large,Large_D-SIB,US,669515000.0,0.0,669515000.0,1.0,1,12,0,False,False,False,1,BBB,0.65,0.02,0.4,0.24,FRANKLIN SAVINGS BANK,2026-03-31
FDIC_1983_20260331,Corporate_Large,Large_D-SIB,US,144271000.0,0.0,144271000.0,1.0,1,12,0,False,False,False,1,BBB,0.65,0.02,0.4,0.24,WESTERN NEBRASKA BANK,2026-03-31
FDIC_19850_20260331,Corporate_Large,Large_D-SIB,US,1044137000.0,0.0,1044137000.0,1.0,1,12,0,False,False,False,1,BBB,0.65,0.02,0.4,0.24,WEST GATE BANK,2026-03-31
FDIC_1986_20260331,Corporate_Large,Large_D-SIB,US,19059000.0,0.0,19059000.0,1.0,1,12,0,False,False,False,1,BBB,0.65,0.02,0.4,0.24,COMMERCIAL STATE BANK,2026-03-31
FDIC_19899_20260331,Corporate_Large,Large_D-SIB,US,2024378000.0,0.0,2024378000.0,1.0,1,12,0,False,False,False,1,BBB,0.65,0.02,0.4,0.24,KS STATEBANK,2026-03-31
FDIC_19904_20260331,Corporate_Large,Large_D-SIB,US,156819000.0,0.0,156819000.0,1.0,1,12,0,False,False,False,1,BBB,0.65,0.02,0.4,0.24,CENTINEL BANK OF TAOS,2026-03-31
FDIC_1992_20260331,Corporate_Large,Large_D-SIB,US,239671000.0,0.0,239671000.0,1.0,1,12,0,False,False,False,1,BBB,0.65,0.02,0.4,0.24,PATHWAY BANK,2026-03-31
FDIC_1993_20260331,Corporate_Large,Large_D-SIB,US,42405000.0,0.0,42405000.0,1.0,1,12,0,False,False,False,1,BBB,0.65,0.02,0.4,0.24,CERESCOBANK,2026-03-31
FDIC_19977_20260331,Corporate_Large,Large_D-SIB,US,9817325000.0,0.0,9817325000.0,1.0,1,12,0,False,False,False,1,BBB,0.65,0.02,0.4,0.24,ISRAEL DISCOUNT BANK OF NY,2026-03-31
FDIC_19978_20260331,Corporate_Large,Large_D-SIB,US,126025000.0,0.0,126025000.0,1.0,1,12,0,False,False,False,1,BBB,0.65,0.02,0.4,0.24,PENNSVILLE NATIONAL BANK,2026-03-31
FDIC_19796_20260331,Corporate_Large,Large_D-SIB,US,37908000.0,0.0,37908000.0,1.0,1,12,0,False,False,False,1,BBB,0.65,0.02,0.4,0.24,MIDLAND COMMUNITY BANK,2026-03-31
FDIC_1978_20260331,Corporate_Large,Large_D-SIB,US,739053000.0,0.0,739053000.0,1.0,1,12,0,False,False,False,1,BBB,0.65,0.02,0.4,0.24,YELLOWSTONE BANK,2026-03-31
FDIC_20818_20260331,Corporate_Large,Large_D-SIB,US,1066026000.0,0.0,1066026000.0,1.0,1,12,0,False,False,False,1,BBB,0.65,0.02,0.4,0.24,CITIZENS TRI-COUNTY BANK,2026-03-31
FDIC_19772_20260331,Corporate_Large,Large_D-SIB,US,1533932000.0,0.0,1533932000.0,1.0,1,12,0,False,False,False,1,BBB,0.65,0.02,0.4,0.24,INCREDIBLEBANK,2026-03-31
FDIC_19638_20260331,Corporate_Large,Large_D-SIB,US,328299000.0,0.0,328299000.0,1.0,1,12,0,False,False,False,1,BBB,0.65,0.02,0.4,0.24,GUARANTY B&T CO OF DELHI LA,2026-03-31
FDIC_19644_20260331,Corporate_Large,Large_D-SIB,US,264170000.0,0.0,264170000.0,1.0,1,12,0,False,False,False,1,BBB,0.65,0.02,0.4,0.24,FIDELITY BANK,2026-03-31
FDIC_1964_20260331,Corporate_Large,Large_D-SIB,US,195916000.0,0.0,195916000.0,1.0,1,12,0,False,False,False,1,BBB,0.65,0.02,0.4,0.24,LAMAR BANK&TRUST CO,2026-03-31
FDIC_19674_20260331,Corporate_Large,Large_D-SIB,US,216132000.0,0.0,216132000.0,1.0,1,12,0,False,False,False,1,BBB,0.65,0.02,0.4,0.24,CITIZENS BANK OF WESTON,2026-03-31
FDIC_19679_20260331,Corporate_Large,Large_D-SIB,US,184589000.0,0.0,184589000.0,1.0,1,12,0,False,False,False,1,BBB,0.65,0.02,0.4,0.24,CITIZENS BANK OF ADA,2026-03-31
FDIC_19680_20260331,Corporate_Large,Large_D-SIB,US,37025000.0,0.0,37025000.0,1.0,1,12,0,False,False,False,1,BBB,0.65,0.02,0.4,0.24,SECURITY STATE BANK,2026-03-31
FDIC_19681_20260331,Corporate_Large,Large_D-SIB,US,265436000.0,0.0,265436000.0,1.0,1,12,0,False,False,False,1,BBB,0.65,0.02,0.4,0.24,COMMUNITY BK OF PARKERSBURG,2026-03-31
FDIC_19687_20260331,Corporate_Large,Large_D-SIB,US,58181000.0,0.0,58181000.0,1.0,1,12,0,False,False,False,1,BBB,0.65,0.02,0.4,0.24,GARDEN PLAIN STATE BANK,2026-03-31
FDIC_19689_20260331,Corporate_Large,Large_D-SIB,US,119835000.0,0.0,119835000.0,1.0,1,12,0,False,False,False,1,BBB,0.65,0.02,0.4,0.24,STATE BANK OF WHITTINGTON,2026-03-31
FDIC_19690_20260331,Corporate_Large,Large_D-SIB,US,4559689000.0,0.0,4559689000.0,1.0,1,12,0,False,False,False,1,BBB,0.65,0.02,0.4,0.24,NORTHEAST BANK,2026-03-31
FDIC_19700_20260331,Corporate_Large,Large_D-SIB,US,162116000.0,0.0,162116000.0,1.0,1,12,0,False,False,False,1,BBB,0.65,0.02,0.4,0.24,VALUEBANK TEXAS,2026-03-31
FDIC_19716_20260331,Corporate_Large,Large_D-SIB,US,489902000.0,0.0,489902000.0,1.0,1,12,0,False,False,False,1,BBB,0.65,0.02,0.4,0.24,FIRST CENTRAL STATE BANK,2026-03-31
FDIC_19720_20260331,Corporate_Large,Large_D-SIB,US,123347000.0,0.0,123347000.0,1.0,1,12,0,False,False,False,1,BBB,0.65,0.02,0.4,0.24,FARMERS STATE BANK,2026-03-31
FDIC_1972_20260331,Corporate_Large,Large_D-SIB,US,90686000.0,0.0,90686000.0,1.0,1,12,0,False,False,False,1,BBB,0.65,0.02,0.4,0.24,CITIZENS BANK&TRUST CO,2026-03-31
FDIC_19742_20260331,Corporate_Large,Large_D-SIB,US,261055000.0,0.0,261055000.0,1.0,1,12,0,False,False,False,1,BBB,0.65,0.02,0.4,0.24,FIRST WESTROADS BANK INC,2026-03-31
FDIC_19744_20260331,Corporate_Large,Large_D-SIB,US,68517000.0,0.0,68517000.0,1.0,1,12,0,False,False,False,1,BBB,0.65,0.02,0.4,0.24,CITIZENS B&T CO OF VIVIAN LA,2026-03-31
FDIC_19755_20260331,Corporate_Large,Large_D-SIB,US,140953000.0,0.0,140953000.0,1.0,1,12,0,False,False,False,1,BBB,0.65,0.02,0.4,0.24,SOUTH LAFOURCHE B&T CO,2026-03-31
FDIC_20015_20260331,Corporate_Large,Large_D-SIB,US,250311000.0,0.0,250311000.0,1.0,1,12,0,False,False,False,1,BBB,0.65,0.02,0.4,0.24,BESSEMER TRUST CO,2026-03-31
FDIC_20026_20260331,Corporate_Large,Large_D-SIB,US,50097000.0,0.0,50097000.0,1.0,1,12,0,False,False,False,1,BBB,0.65,0.02,0.4,0.24,EASTERN NATIONAL BANK,2026-03-31
FDIC_20093_20260331,Corporate_Large,Large_D-SIB,US,454235000.0,0.0,454235000.0,1.0,1,12,0,False,False,False,1,BBB,0.65,0.02,0.4,0.24,ALL AMERICA BANK,2026-03-31
FDIC_20099_20260331,Corporate_Large,Large_D-SIB,US,687199000.0,0.0,687199000.0,1.0,1,12,0,False,False,False,1,BBB,0.65,0.02,0.4,0.24,TEXAS EXCHANGE BANK,2026-03-31
FDIC_20454_20260331,Corporate_Large,Large_D-SIB,US,8659000.0,0.0,8659000.0,1.0,1,12,0,False,False,False,1,BBB,0.65,0.02,0.4,0.24,CITIZENS BANK OF EDINBURG,2026-03-31
FDIC_20468_20260331,Corporate_Large,Large_D-SIB,US,152822000.0,0.0,152822000.0,1.0,1,12,0,False,False,False,1,BBB,0.65,0.02,0.4,0.24,FIRSTSTATE BANK,2026-03-31
FDIC_20479_20260331,Corporate_Large,Large_D-SIB,US,29115000.0,0.0,29115000.0,1.0,1,12,0,False,False,False,1,BBB,0.65,0.02,0.4,0.24,FIRST SECURITY BK OF ROUNDUP,2026-03-31
FDIC_20484_20260331,Corporate_Large,Large_D-SIB,US,1151014000.0,0.0,1151014000.0,1.0,1,12,0,False,False,False,1,BBB,0.65,0.02,0.4,0.24,BENCHMARK COMMUNITY BANK,2026-03-31
FDIC_20488_20260331,Corporate_Large,Large_D-SIB,US,1304470000.0,0.0,1304470000.0,1.0,1,12,0,False,False,False,1,BBB,0.65,0.02,0.4,0.24,FIVE POINTS BANK,2026-03-31
FDIC_20504_20260331,Corporate_Large,Large_D-SIB,US,22324609000.0,0.0,22324609000.0,1.0,1,12,0,False,False,False,1,BBB,0.65,0.02,0.4,0.24,AMERIS BANK,2026-03-31
FDIC_20537_20260331,Corporate_Large,Large_D-SIB,US,201752000.0,0.0,201752000.0,1.0,1,12,0,False,False,False,1,BBB,0.65,0.02,0.4,0.24,AMERICAN BANK&TRUST CO,2026-03-31
FDIC_20568_20260331,Corporate_Large,Large_D-SIB,US,234307000.0,0.0,234307000.0,1.0,1,12,0,False,False,False,1,BBB,0.65,0.02,0.4,0.24,LUMBEE GUARANTY BANK,2026-03-31
FDIC_2057_20260331,Corporate_Large,Large_D-SIB,US,85002000.0,0.0,85002000.0,1.0,1,12,0,False,False,False,1,BBB,0.65,0.02,0.4,0.24,STATE BANK&TRUST OF KENMARE,2026-03-31
FDIC_20624_20260331,Corporate_Large,Large_D-SIB,US,7484958000.0,0.0,7484958000.0,1.0,1,12,0,False,False,False,1,BBB,0.65,0.02,0.4,0.24,BYLINE BANK,2026-03-31
FDIC_20657_20260331,Corporate_Large,Large_D-SIB,US,69487000.0,0.0,69487000.0,1.0,1,12,0,False,False,False,1,BBB,0.65,0.02,0.4,0.24,FIRST SECURITY BK DEER LODGE,2026-03-31
FDIC_2068_20260331,Corporate_Large,Large_D-SIB,US,306815000.0,0.0,306815000.0,1.0,1,12,0,False,False,False,1,BBB,0.65,0.02,0.4,0.24,FAHEY BANKING CO,2026-03-31
FDIC_20698_20260331,Corporate_Large,Large_D-SIB,US,282580000.0,0.0,282580000.0,1.0,1,12,0,False,False,False,1,BBB,0.65,0.02,0.4,0.24,SOUTHERN HERITAGE BANK,2026-03-31
FDIC_20720_20260331,Corporate_Large,Large_D-SIB,US,692867000.0,0.0,692867000.0,1.0,1,12,0,False,False,False,1,BBB,0.65,0.02,0.4,0.24,TENNESSEE STATE BANK,2026-03-31
FDIC_20727_20260331,Corporate_Large,Large_D-SIB,US,897872000.0,0.0,897872000.0,1.0,1,12,0,False,False,False,1,BBB,0.65,0.02,0.4,0.24,DALLAS CAPITAL BANK NA,2026-03-31
FDIC_20741_20260331,Corporate_Large,Large_D-SIB,US,1726970000.0,0.0,1726970000.0,1.0,1,12,0,False,False,False,1,BBB,0.65,0.02,0.4,0.24,PIONEER BANK NATIONAL ASSN,2026-03-31
FDIC_20776_20260331,Corporate_Large,Large_D-SIB,US,905956000.0,0.0,905956000.0,1.0,1,12,0,False,False,False,1,BBB,0.65,0.02,0.4,0.24,BORDER BANK,2026-03-31
FDIC_20429_20260331,Corporate_Large,Large_D-SIB,US,177068000.0,0.0,177068000.0,1.0,1,12,0,False,False,False,1,BBB,0.65,0.02,0.4,0.24,LIBERTY BANK,2026-03-31
FDIC_20387_20260331,Corporate_Large,Large_D-SIB,US,970880000.0,0.0,970880000.0,1.0,1,12,0,False,False,False,1,BBB,0.65,0.02,0.4,0.24,BANK OF THE ORIENT,2026-03-31
FDIC_2036_20260331,Corporate_Large,Large_D-SIB,US,528449000.0,0.0,528449000.0,1.0,1,12,0,False,False,False,1,BBB,0.65,0.02,0.4,0.24,FARMERS&MERCHANTS BANK,2026-03-31
FDIC_20198_20260331,Corporate_Large,Large_D-SIB,US,382902000.0,0.0,382902000.0,1.0,1,12,0,False,False,False,1,BBB,0.65,0.02,0.4,0.24,SOUTH GEORGIA BANKING CO,2026-03-31
FDIC_20100_20260331,Corporate_Large,Large_D-SIB,US,288115000.0,0.0,288115000.0,1.0,1,12,0,False,False,False,1,BBB,0.65,0.02,0.4,0.24,TOWER COMMUNITY BANK,2026-03-31
FDIC_20130_20260331,Corporate_Large,Large_D-SIB,US,728722000.0,0.0,728722000.0,1.0,1,12,0,False,False,False,1,BBB,0.65,0.02,0.4,0.24,BANKFIRST,2026-03-31
FDIC_20156_20260331,Corporate_Large,Large_D-SIB,US,754448000.0,0.0,754448000.0,1.0,1,12,0,False,False,False,1,BBB,0.65,0.02,0.4,0.24,KIRKPATRICK BANK,2026-03-31
FDIC_20161_20260331,Corporate_Large,Large_D-SIB,US,847699000.0,0.0,847699000.0,1.0,1,12,0,False,False,False,1,BBB,0.65,0.02,0.4,0.24,CITIZENS BANK OF LAS CRUCES,2026-03-31
FDIC_20162_20260331,Corporate_Large,Large_D-SIB,US,83105000.0,0.0,83105000.0,1.0,1,12,0,False,False,False,1,BBB,0.65,0.02,0.4,0.24,ASCENT BANK,2026-03-31
FDIC_20164_20260331,Corporate_Large,Large_D-SIB,US,3474807000.0,0.0,3474807000.0,1.0,1,12,0,False,False,False,1,BBB,0.65,0.02,0.4,0.24,SUNWEST BANK,2026-03-31
FDIC_20179_20260331,Corporate_Large,Large_D-SIB,US,550213000.0,0.0,550213000.0,1.0,1,12,0,False,False,False,1,BBB,0.65,0.02,0.4,0.24,FIRST INDEPENDENCE BANK,2026-03-31
FDIC_20231_20260331,Corporate_Large,Large_D-SIB,US,1892960000.0,0.0,1892960000.0,1.0,1,12,0,False,False,False,1,BBB,0.65,0.02,0.4,0.24,PINNACLE BANK,2026-03-31
FDIC_20369_20260331,Corporate_Large,Large_D-SIB,US,4690198000.0,0.0,4690198000.0,1.0,1,12,0,False,False,False,1,BBB,0.65,0.02,0.4,0.24,HEARTLAND BANK&TRUST CO,2026-03-31
FDIC_20234_20260331,Corporate_Large,Large_D-SIB,US,20400829000.0,0.0,20400829000.0,1.0,1,12,0,False,False,False,1,BBB,0.65,0.02,0.4,0.24,CITY NB OF FLORIDA,2026-03-31
FDIC_20239_20260331,Corporate_Large,Large_D-SIB,US,82734000.0,0.0,82734000.0,1.0,1,12,0,False,False,False,1,BBB,0.65,0.02,0.4,0.24,BANK OF CADIZ&TRUST CO,2026-03-31
FDIC_20268_20260331,Corporate_Large,Large_D-SIB,US,451996000.0,0.0,451996000.0,1.0,1,12,0,False,False,False,1,BBB,0.65,0.02,0.4,0.24,SCALE BANK,2026-03-31
FDIC_20279_20260331,Corporate_Large,Large_D-SIB,US,283053000.0,0.0,283053000.0,1.0,1,12,0,False,False,False,1,BBB,0.65,0.02,0.4,0.24,COMMUNITY STATE BANK,2026-03-31
FDIC_20296_20260331,Corporate_Large,Large_D-SIB,US,5288596000.0,0.0,5288596000.0,1.0,1,12,0,False,False,False,1,BBB,0.65,0.02,0.4,0.24,JOHNSON BANK,2026-03-31
FDIC_20311_20260331,Corporate_Large,Large_D-SIB,US,388139000.0,0.0,388139000.0,1.0,1,12,0,False,False,False,1,BBB,0.65,0.02,0.4,0.24,AMERICAN BANK,2026-03-31
FDIC_20353_20260331,Corporate_Large,Large_D-SIB,US,295200000.0,0.0,295200000.0,1.0,1,12,0,False,False,False,1,BBB,0.65,0.02,0.4,0.24,GULF COAST BANK,2026-03-31
FDIC_26922_20260331,Corporate_Large,Large_D-SIB,US,452723000.0,0.0,452723000.0,1.0,1,12,0,False,False,False,1,BBB,0.65,0.02,0.4,0.24,COOP BANK,2026-03-31
FDIC_26944_20260331,Corporate_Large,Large_D-SIB,US,242360000.0,0.0,242360000.0,1.0,1,12,0,False,False,False,1,BBB,0.65,0.02,0.4,0.24,AMERICAN STATE BANK,2026-03-31
FDIC_10011_20260331,Corporate_Large,Large_D-SIB,US,379521000.0,0.0,379521000.0,1.0,1,12,0,False,False,False,1,BBB,0.65,0.02,0.4,0.24,WOODFORD STATE BANK,2026-03-31
FDIC_30788_20260331,Corporate_Large,Large_D-SIB,US,21075315000.0,0.0,21075315000.0,1.0,1,12,0,False,False,False,1,BBB,0.65,0.02,0.4,0.24,GLACIER BANK,2026-03-31
FDIC_3079_20260331,Corporate_Large,Large_D-SIB,US,47656000.0,0.0,47656000.0,1.0,1,12,0,False,False,False,1,BBB,0.65,0.02,0.4,0.24,FIRST NB OF ASPERMONT,2026-03-31
FDIC_307_20260331,Corporate_Large,Large_D-SIB,US,165518000.0,0.0,165518000.0,1.0,1,12,0,False,False,False,1,BBB,0.65,0.02,0.4,0.24,LANDMARK BANK,2026-03-31
FDIC_30812_20260331,Corporate_Large,Large_D-SIB,US,310152000.0,0.0,310152000.0,1.0,1,12,0,False,False,False,1,BBB,0.65,0.02,0.4,0.24,FIRST FS&LA,2026-03-31
FDIC_30819_20260331,Corporate_Large,Large_D-SIB,US,126985000.0,0.0,126985000.0,1.0,1,12,0,False,False,False,1,BBB,0.65,0.02,0.4,0.24,COMMUNITY PARTNERS SB,2026-03-31
FDIC_30878_20260331,Corporate_Large,Large_D-SIB,US,88151000.0,0.0,88151000.0,1.0,1,12,0,False,False,False,1,BBB,0.65,0.02,0.4,0.24,BAR HARBOR SAVINGS&LOAN ASSN,2026-03-31
FDIC_30879_20260331,Corporate_Large,Large_D-SIB,US,1035577000.0,0.0,1035577000.0,1.0,1,12,0,False,False,False,1,BBB,0.65,0.02,0.4,0.24,PROVIDENT SAVINGS BANK FSB,2026-03-31
FDIC_3087_20260331,Corporate_Large,Large_D-SIB,US,166070000.0,0.0,166070000.0,1.0,1,12,0,False,False,False,1,BBB,0.65,0.02,0.4,0.24,FIRST NB OF BALLINGER,2026-03-31
FDIC_30889_20260331,Corporate_Large,Large_D-SIB,US,96918000.0,0.0,96918000.0,1.0,1,12,0,False,False,False,1,BBB,0.65,0.02,0.4,0.24,PEOPLES SAVINGS&LOAN CO,2026-03-31
FDIC_30895_20260331,Corporate_Large,Large_D-SIB,US,2636535000.0,0.0,2636535000.0,1.0,1,12,0,False,False,False,1,BBB,0.65,0.02,0.4,0.24,FIDELITY BANK NATIONAL ASSN,2026-03-31
FDIC_3091_20260331,Corporate_Large,Large_D-SIB,US,671871000.0,0.0,671871000.0,1.0,1,12,0,False,False,False,1,BBB,0.65,0.02,0.4,0.24,FIRST NB OF BASTROP,2026-03-31
FDIC_30943_20260331,Corporate_Large,Large_D-SIB,US,90906000.0,0.0,90906000.0,1.0,1,12,0,False,False,False,1,BBB,0.65,0.02,0.4,0.24,MID-CENTRAL NATIONAL BANK,2026-03-31
FDIC_30953_20260331,Corporate_Large,Large_D-SIB,US,498967000.0,0.0,498967000.0,1.0,1,12,0,False,False,False,1,BBB,0.65,0.02,0.4,0.24,EL DORADO SAVINGS BANK FSB,2026-03-31
FDIC_30969_20260331,Corporate_Large,Large_D-SIB,US,157971000.0,0.0,157971000.0,1.0,1,12,0,False,False,False,1,BBB,0.65,0.02,0.4,0.24,FIRST FSB OF MASCOUTAH,2026-03-31
FDIC_30976_20260331,Corporate_Large,Large_D-SIB,US,133322000.0,0.0,133322000.0,1.0,1,12,0,False,False,False,1,BBB,0.65,0.02,0.4,0.24,GOUVERNEUR SAVINGS&LOAN ASSN,2026-03-31
FDIC_30987_20260331,Corporate_Large,Large_D-SIB,US,46852000.0,0.0,46852000.0,1.0,1,12,0,False,False,False,1,BBB,0.65,0.02,0.4,0.24,SPRATT SAVINGS BANK,2026-03-31
FDIC_3098_20260331,Corporate_Large,Large_D-SIB,US,181958000.0,0.0,181958000.0,1.0,1,12,0,False,False,False,1,BBB,0.65,0.02,0.4,0.24,CENDERA BANK,2026-03-31
FDIC_30996_20260331,Corporate_Large,Large_D-SIB,US,263008000.0,0.0,263008000.0,1.0,1,12,0,False,False,False,1,BBB,0.65,0.02,0.4,0.24,CENLAR FSB,2026-03-31
FDIC_3078_20260331,Corporate_Large,Large_D-SIB,US,42728000.0,0.0,42728000.0,1.0,1,12,0,False,False,False,1,BBB,0.65,0.02,0.4,0.24,FIRST NATIONAL BANK OF ANSON,2026-03-31
FDIC_30776_20260331,Corporate_Large,Large_D-SIB,US,4920237000.0,0.0,4920237000.0,1.0,1,12,0,False,False,False,1,BBB,0.65,0.02,0.4,0.24,PATHWARD NATIONAL ASSN,2026-03-31
FDIC_3103_20260331,Corporate_Large,Large_D-SIB,US,94202000.0,0.0,94202000.0,1.0,1,12,0,False,False,False,1,BBB,0.65,0.02,0.4,0.24,STATE NB OF BIG SPRING,2026-03-31
FDIC_3075_20260331,Corporate_Large,Large_D-SIB,US,141281000.0,0.0,141281000.0,1.0,1,12,0,False,False,False,1,BBB,0.65,0.02,0.4,0.24,FIRST NB OF ANDERSON,2026-03-31
FDIC_30544_20260331,Corporate_Large,Large_D-SIB,US,976827000.0,0.0,976827000.0,1.0,1,12,0,False,False,False,1,BBB,0.65,0.02,0.4,0.24,MARQUETTE SAVINGS BANK,2026-03-31
FDIC_30551_20260331,Corporate_Large,Large_D-SIB,US,68907000.0,0.0,68907000.0,1.0,1,12,0,False,False,False,1,BBB,0.65,0.02,0.4,0.24,WESTMORELAND FS&LA,2026-03-31
FDIC_30585_20260331,Corporate_Large,Large_D-SIB,US,45152000.0,0.0,45152000.0,1.0,1,12,0,False,False,False,1,BBB,0.65,0.02,0.4,0.24,MAYVILLE SAVINGS BANK,2026-03-31
FDIC_30595_20260331,Corporate_Large,Large_D-SIB,US,120289000.0,0.0,120289000.0,1.0,1,12,0,False,False,False,1,BBB,0.65,0.02,0.4,0.24,F&M BANK&TRUST CO,2026-03-31
FDIC_30619_20260331,Corporate_Large,Large_D-SIB,US,89770000.0,0.0,89770000.0,1.0,1,12,0,False,False,False,1,BBB,0.65,0.02,0.4,0.24,ABBEVILLE FIRST BANK SSB,2026-03-31
FDIC_30637_20260331,Corporate_Large,Large_D-SIB,US,272996000.0,0.0,272996000.0,1.0,1,12,0,False,False,False,1,BBB,0.65,0.02,0.4,0.24,GREENVILLE SAVINGS BANK,2026-03-31
FDIC_3063_20260331,Corporate_Large,Large_D-SIB,US,134416000.0,0.0,134416000.0,1.0,1,12,0,False,False,False,1,BBB,0.65,0.02,0.4,0.24,FIRST PIONEER NATIONAL BANK,2026-03-31
FDIC_30656_20260331,Corporate_Large,Large_D-SIB,US,27997000.0,0.0,27997000.0,1.0,1,12,0,False,False,False,1,BBB,0.65,0.02,0.4,0.24,NORTH COUNTY SAVINGS BANK,2026-03-31
FDIC_3066_20260331,Corporate_Large,Large_D-SIB,US,8308105000.0,0.0,8308105000.0,1.0,1,12,0,False,False,False,1,BBB,0.65,0.02,0.4,0.24,FIRST FINANCIAL BANK,2026-03-31
FDIC_3067_20260331,Corporate_Large,Large_D-SIB,US,783897000.0,0.0,783897000.0,1.0,1,12,0,False,False,False,1,BBB,0.65,0.02,0.4,0.24,CLEAR FORK BANK NA,2026-03-31
FDIC_30680_20260331,Corporate_Large,Large_D-SIB,US,289263000.0,0.0,289263000.0,1.0,1,12,0,False,False,False,1,BBB,0.65,0.02,0.4,0.24,FIRST SHORE FS&LA,2026-03-31
FDIC_30688_20260331,Corporate_Large,Large_D-SIB,US,88471000.0,0.0,88471000.0,1.0,1,12,0,False,False,False,1,BBB,0.65,0.02,0.4,0.24,PEOPLES FIRST SAVINGS BANK,2026-03-31
FDIC_30692_20260331,Corporate_Large,Large_D-SIB,US,92904000.0,0.0,92904000.0,1.0,1,12,0,False,False,False,1,BBB,0.65,0.02,0.4,0.24,BANKPACIFIC LTD,2026-03-31
FDIC_306_20260331,Corporate_Large,Large_D-SIB,US,309400000.0,0.0,309400000.0,1.0,1,12,0,False,False,False,1,BBB,0.65,0.02,0.4,0.24,BANK OF ZACHARY,2026-03-31
FDIC_30704_20260331,Corporate_Large,Large_D-SIB,US,878218000.0,0.0,878218000.0,1.0,1,12,0,False,False,False,1,BBB,0.65,0.02,0.4,0.24,MAGYAR BANK,2026-03-31
FDIC_30707_20260331,Corporate_Large,Large_D-SIB,US,144153000.0,0.0,144153000.0,1.0,1,12,0,False,False,False,1,BBB,0.65,0.02,0.4,0.24,EQUITABLE SAVINGS&LOAN ASSN,2026-03-31
FDIC_30722_20260331,Corporate_Large,Large_D-SIB,US,256656000.0,0.0,256656000.0,1.0,1,12,0,False,False,False,1,BBB,0.65,0.02,0.4,0.24,UNIVERSAL BANK,2026-03-31
FDIC_31028_20260331,Corporate_Large,Large_D-SIB,US,497450000.0,0.0,497450000.0,1.0,1,12,0,False,False,False,1,BBB,0.65,0.02,0.4,0.24,HOMETOWN BANK,2026-03-31
FDIC_31043_20260331,Corporate_Large,Large_D-SIB,US,140186000.0,0.0,140186000.0,1.0,1,12,0,False,False,False,1,BBB,0.65,0.02,0.4,0.24,INTERSTATE BANK,2026-03-31
FDIC_30516_20260331,Corporate_Large,Large_D-SIB,US,176648000.0,0.0,176648000.0,1.0,1,12,0,False,False,False,1,BBB,0.65,0.02,0.4,0.24,CROSSBRIDGE COMMUNITY BANK,2026-03-31
FDIC_31236_20260331,Corporate_Large,Large_D-SIB,US,453390000.0,0.0,453390000.0,1.0,1,12,0,False,False,False,1,BBB,0.65,0.02,0.4,0.24,HEARTHSIDE BANK CORP,2026-03-31
FDIC_31267_20260331,Corporate_Large,Large_D-SIB,US,55223000.0,0.0,55223000.0,1.0,1,12,0,False,False,False,1,BBB,0.65,0.02,0.4,0.24,HOMEWOOD FSB,2026-03-31
FDIC_3126_20260331,Corporate_Large,Large_D-SIB,US,511362000.0,0.0,511362000.0,1.0,1,12,0,False,False,False,1,BBB,0.65,0.02,0.4,0.24,CLASSIC BANK NATIONAL ASSN,2026-03-31
FDIC_31272_20260331,Corporate_Large,Large_D-SIB,US,297462000.0,0.0,297462000.0,1.0,1,12,0,False,False,False,1,BBB,0.65,0.02,0.4,0.24,COMMUNITY BANK,2026-03-31
FDIC_3127_20260331,Corporate_Large,Large_D-SIB,US,429096000.0,0.0,429096000.0,1.0,1,12,0,False,False,False,1,BBB,0.65,0.02,0.4,0.24,CITIZENS NATIONAL BANK,2026-03-31
FDIC_31313_20260331,Corporate_Large,Large_D-SIB,US,1367199000.0,0.0,1367199000.0,1.0,1,12,0,False,False,False,1,BBB,0.65,0.02,0.4,0.24,FIRST FEDERAL BANK,2026-03-31
FDIC_31329_20260331,Corporate_Large,Large_D-SIB,US,73796000.0,0.0,73796000.0,1.0,1,12,0,False,False,False,1,BBB,0.65,0.02,0.4,0.24,WEST PLAINS S&LA,2026-03-31
FDIC_3133_20260331,Corporate_Large,Large_D-SIB,US,29570000.0,0.0,29570000.0,1.0,1,12,0,False,False,False,1,BBB,0.65,0.02,0.4,0.24,FIRST BANK OF CELESTE,2026-03-31
FDIC_31345_20260331,Corporate_Large,Large_D-SIB,US,13880000.0,0.0,13880000.0,1.0,1,12,0,False,False,False,1,BBB,0.65,0.02,0.4,0.24,HERTFORD SAVINGS BANK SSB,2026-03-31
FDIC_31361_20260331,Corporate_Large,Large_D-SIB,US,108781000.0,0.0,108781000.0,1.0,1,12,0,False,False,False,1,BBB,0.65,0.02,0.4,0.24,COLONIAL SAVINGS FA,2026-03-31
FDIC_31390_20260331,Corporate_Large,Large_D-SIB,US,474777000.0,0.0,474777000.0,1.0,1,12,0,False,False,False,1,BBB,0.65,0.02,0.4,0.24,AXIOM BANK NATIONAL ASSN,2026-03-31
FDIC_31406_20260331,Corporate_Large,Large_D-SIB,US,198463000.0,0.0,198463000.0,1.0,1,12,0,False,False,False,1,BBB,0.65,0.02,0.4,0.24,FIRST FS&LA OF SAN RAFAEL,2026-03-31
FDIC_31409_20260331,Corporate_Large,Large_D-SIB,US,36958000.0,0.0,36958000.0,1.0,1,12,0,False,False,False,1,BBB,0.65,0.02,0.4,0.24,FIRST FS&LA,2026-03-31
FDIC_3140_20260331,Corporate_Large,Large_D-SIB,US,184558000.0,0.0,184558000.0,1.0,1,12,0,False,False,False,1,BBB,0.65,0.02,0.4,0.24,CITIZENS BANK,2026-03-31
FDIC_31410_20260331,Corporate_Large,Large_D-SIB,US,116866000.0,0.0,116866000.0,1.0,1,12,0,False,False,False,1,BBB,0.65,0.02,0.4,0.24,1ST FSB OF SC INC,2026-03-31
FDIC_3144_20260331,Corporate_Large,Large_D-SIB,US,296808000.0,0.0,296808000.0,1.0,1,12,0,False,False,False,1,BBB,0.65,0.02,0.4,0.24,CITY NB OF COLORADO CITY,2026-03-31
FDIC_31461_20260331,Corporate_Large,Large_D-SIB,US,706292000.0,0.0,706292000.0,1.0,1,12,0,False,False,False,1,BBB,0.65,0.02,0.4,0.24,HARLEYSVILLE BANK,2026-03-31
FDIC_31469_20260331,Corporate_Large,Large_D-SIB,US,8244030000.0,0.0,8244030000.0,1.0,1,12,0,False,False,False,1,BBB,0.65,0.02,0.4,0.24,ORIENTAL BANK,2026-03-31
FDIC_31266_20260331,Corporate_Large,Large_D-SIB,US,22469000.0,0.0,22469000.0,1.0,1,12,0,False,False,False,1,BBB,0.65,0.02,0.4,0.24,JACKSON SAVINGS BANK SSB,2026-03-31
FDIC_31232_20260331,Corporate_Large,Large_D-SIB,US,38291000.0,0.0,38291000.0,1.0,1,12,0,False,False,False,1,BBB,0.65,0.02,0.4,0.24,HIGHLAND FS&LA,2026-03-31
FDIC_31077_20260331,Corporate_Large,Large_D-SIB,US,201135000.0,0.0,201135000.0,1.0,1,12,0,False,False,False,1,BBB,0.65,0.02,0.4,0.24,FIRST FEDERAL BANK,2026-03-31
FDIC_31223_20260331,Corporate_Large,Large_D-SIB,US,675507000.0,0.0,675507000.0,1.0,1,12,0,False,False,False,1,BBB,0.65,0.02,0.4,0.24,FIRST HARRISON BANK,2026-03-31
FDIC_31083_20260331,Corporate_Large,Large_D-SIB,US,116148000.0,0.0,116148000.0,1.0,1,12,0,False,False,False,1,BBB,0.65,0.02,0.4,0.24,JARRETTSVILLE FS&LA,2026-03-31
FDIC_31089_20260331,Corporate_Large,Large_D-SIB,US,84487000.0,0.0,84487000.0,1.0,1,12,0,False,False,False,1,BBB,0.65,0.02,0.4,0.24,PICKENS SAVINGS&LOAN ASSN FA,2026-03-31
FDIC_3108_20260331,Corporate_Large,Large_D-SIB,US,831688000.0,0.0,831688000.0,1.0,1,12,0,False,False,False,1,BBB,0.65,0.02,0.4,0.24,LEGEND BANK N A,2026-03-31
FDIC_31090_20260331,Corporate_Large,Large_D-SIB,US,42275000.0,0.0,42275000.0,1.0,1,12,0,False,False,False,1,BBB,0.65,0.02,0.4,0.24,BLUE GRASS FS&LA,2026-03-31
FDIC_3109_20260331,Corporate_Large,Large_D-SIB,US,80825000.0,0.0,80825000.0,1.0,1,12,0,False,False,False,1,BBB,0.65,0.02,0.4,0.24,BRADY NATIONAL BANK,2026-03-31
FDIC_31100_20260331,Corporate_Large,Large_D-SIB,US,681155000.0,0.0,681155000.0,1.0,1,12,0,False,False,False,1,BBB,0.65,0.02,0.4,0.24,SECURITY FEDERAL BANK,2026-03-31
FDIC_3110_20260331,Corporate_Large,Large_D-SIB,US,304219000.0,0.0,304219000.0,1.0,1,12,0,False,False,False,1,BBB,0.65,0.02,0.4,0.24,COMMERCIAL NB OF BRADY,2026-03-31
FDIC_31127_20260331,Corporate_Large,Large_D-SIB,US,149979000.0,0.0,149979000.0,1.0,1,12,0,False,False,False,1,BBB,0.65,0.02,0.4,0.24,FIRST FEDERAL BANK A FSB,2026-03-31
FDIC_3113_20260331,Corporate_Large,Large_D-SIB,US,276261000.0,0.0,276261000.0,1.0,1,12,0,False,False,False,1,BBB,0.65,0.02,0.4,0.24,BRENHAM NATIONAL BANK,2026-03-31
FDIC_31146_20260331,Corporate_Large,Large_D-SIB,US,310895000.0,0.0,310895000.0,1.0,1,12,0,False,False,False,1,BBB,0.65,0.02,0.4,0.24,SECURITY FSB OF MCMINNVILLE,2026-03-31
FDIC_31158_20260331,Corporate_Large,Large_D-SIB,US,153098000.0,0.0,153098000.0,1.0,1,12,0,False,False,False,1,BBB,0.65,0.02,0.4,0.24,FIRST SOUTHERN BANK,2026-03-31
FDIC_31184_20260331,Corporate_Large,Large_D-SIB,US,291635000.0,0.0,291635000.0,1.0,1,12,0,False,False,False,1,BBB,0.65,0.02,0.4,0.24,CITIZENS SAVINGS BANK,2026-03-31
FDIC_31189_20260331,Corporate_Large,Large_D-SIB,US,2727015000.0,0.0,2727015000.0,1.0,1,12,0,False,False,False,1,BBB,0.65,0.02,0.4,0.24,PONCE BANK NATIONAL ASSN,2026-03-31
FDIC_31197_20260331,Corporate_Large,Large_D-SIB,US,78303000.0,0.0,78303000.0,1.0,1,12,0,False,False,False,1,BBB,0.65,0.02,0.4,0.24,FIRST FS&LA,2026-03-31
FDIC_31198_20260331,Corporate_Large,Large_D-SIB,US,173434000.0,0.0,173434000.0,1.0,1,12,0,False,False,False,1,BBB,0.65,0.02,0.4,0.24,GREENEVILLE FEDERAL BANK FSB,2026-03-31
FDIC_31217_20260331,Corporate_Large,Large_D-SIB,US,309469000.0,0.0,309469000.0,1.0,1,12,0,False,False,False,1,BBB,0.65,0.02,0.4,0.24,LIFESTORE BANK,2026-03-31
FDIC_3121_20260331,Corporate_Large,Large_D-SIB,US,561041000.0,0.0,561041000.0,1.0,1,12,0,False,False,False,1,BBB,0.65,0.02,0.4,0.24,FIRST BANK,2026-03-31
FDIC_30530_20260331,Corporate_Large,Large_D-SIB,US,558692000.0,0.0,558692000.0,1.0,1,12,0,False,False,False,1,BBB,0.65,0.02,0.4,0.24,LAKE SHORE BANK,2026-03-31
FDIC_304_20260331,Corporate_Large,Large_D-SIB,US,50978000.0,0.0,50978000.0,1.0,1,12,0,False,False,False,1,BBB,0.65,0.02,0.4,0.24,CLINTON BANK,2026-03-31
FDIC_31488_20260331,Corporate_Large,Large_D-SIB,US,158641000.0,0.0,158641000.0,1.0,1,12,0,False,False,False,1,BBB,0.65,0.02,0.4,0.24,PROGRESSIVE OZARK BANK,2026-03-31
FDIC_29995_20260331,Corporate_Large,Large_D-SIB,US,493292000.0,0.0,493292000.0,1.0,1,12,0,False,False,False,1,BBB,0.65,0.02,0.4,0.24,PHOENIXVILLE FEDERAL B&T,2026-03-31
FDIC_30031_20260331,Corporate_Large,Large_D-SIB,US,13816000.0,0.0,13816000.0,1.0,1,12,0,False,False,False,1,BBB,0.65,0.02,0.4,0.24,HUNTINGDON SAVINGS BANK,2026-03-31
FDIC_30039_20260331,Corporate_Large,Large_D-SIB,US,793319000.0,0.0,793319000.0,1.0,1,12,0,False,False,False,1,BBB,0.65,0.02,0.4,0.24,HAVEN SAVINGS BANK,2026-03-31
FDIC_30043_20260331,Corporate_Large,Large_D-SIB,US,41936000.0,0.0,41936000.0,1.0,1,12,0,False,False,False,1,BBB,0.65,0.02,0.4,0.24,BEARDSTOWN SAVINGS S B,2026-03-31
FDIC_30052_20260331,Corporate_Large,Large_D-SIB,US,1691216000.0,0.0,1691216000.0,1.0,1,12,0,False,False,False,1,BBB,0.65,0.02,0.4,0.24,BLUE FOUNDRY BANK,2026-03-31
FDIC_30058_20260331,Corporate_Large,Large_D-SIB,US,86781000.0,0.0,86781000.0,1.0,1,12,0,False,False,False,1,BBB,0.65,0.02,0.4,0.24,FIRST FS&LA OF GREENSBURG,2026-03-31
FDIC_30065_20260331,Corporate_Large,Large_D-SIB,US,39823000.0,0.0,39823000.0,1.0,1,12,0,False,False,False,1,BBB,0.65,0.02,0.4,0.24,PEOPLES CMTY BK SB MONTICELL,2026-03-31
FDIC_30067_20260331,Corporate_Large,Large_D-SIB,US,26581000.0,0.0,26581000.0,1.0,1,12,0,False,False,False,1,BBB,0.65,0.02,0.4,0.24,CORNERSTONE BANK,2026-03-31
FDIC_30072_20260331,Corporate_Large,Large_D-SIB,US,122714000.0,0.0,122714000.0,1.0,1,12,0,False,False,False,1,BBB,0.65,0.02,0.4,0.24,SCHUYLER SAVINGS BANK,2026-03-31
FDIC_30076_20260331,Corporate_Large,Large_D-SIB,US,3276768000.0,0.0,3276768000.0,1.0,1,12,0,False,False,False,1,BBB,0.65,0.02,0.4,0.24,SPENCER SAVINGS BANK SLA,2026-03-31
FDIC_30084_20260331,Corporate_Large,Large_D-SIB,US,149585000.0,0.0,149585000.0,1.0,1,12,0,False,False,False,1,BBB,0.65,0.02,0.4,0.24,MERCER SAVINGS BANK,2026-03-31
FDIC_30103_20260331,Corporate_Large,Large_D-SIB,US,86068000.0,0.0,86068000.0,1.0,1,12,0,False,False,False,1,BBB,0.65,0.02,0.4,0.24,MONROE SAVINGS BANK,2026-03-31
FDIC_30111_20260331,Corporate_Large,Large_D-SIB,US,491780000.0,0.0,491780000.0,1.0,1,12,0,False,False,False,1,BBB,0.65,0.02,0.4,0.24,OCONEE FS&LA,2026-03-31
FDIC_30117_20260331,Corporate_Large,Large_D-SIB,US,489427000.0,0.0,489427000.0,1.0,1,12,0,False,False,False,1,BBB,0.65,0.02,0.4,0.24,RELIANCE SAVINGS BANK,2026-03-31
FDIC_30119_20260331,Corporate_Large,Large_D-SIB,US,153415000.0,0.0,153415000.0,1.0,1,12,0,False,False,False,1,BBB,0.65,0.02,0.4,0.24,PENNCREST BANK,2026-03-31
FDIC_30121_20260331,Corporate_Large,Large_D-SIB,US,45493000.0,0.0,45493000.0,1.0,1,12,0,False,False,False,1,BBB,0.65,0.02,0.4,0.24,INVESTMENT SAVINGS BANK,2026-03-31
FDIC_30128_20260331,Corporate_Large,Large_D-SIB,US,49659000.0,0.0,49659000.0,1.0,1,12,0,False,False,False,1,BBB,0.65,0.02,0.4,0.24,BOONVILLE FSB,2026-03-31
FDIC_30150_20260331,Corporate_Large,Large_D-SIB,US,135749000.0,0.0,135749000.0,1.0,1,12,0,False,False,False,1,BBB,0.65,0.02,0.4,0.24,CITIZENS FSB,2026-03-31
FDIC_30012_20260331,Corporate_Large,Large_D-SIB,US,15822291000.0,0.0,15822291000.0,1.0,1,12,0,False,False,False,1,BBB,0.65,0.02,0.4,0.24,THIRD FS&LA OF CLEVELAND,2026-03-31
FDIC_29988_20260331,Corporate_Large,Large_D-SIB,US,274759000.0,0.0,274759000.0,1.0,1,12,0,False,False,False,1,BBB,0.65,0.02,0.4,0.24,MUTUAL SAVINGS ASSN,2026-03-31
FDIC_30154_20260331,Corporate_Large,Large_D-SIB,US,59612000.0,0.0,59612000.0,1.0,1,12,0,False,False,False,1,BBB,0.65,0.02,0.4,0.24,SEWICKLEY SAVINGS BANK,2026-03-31
FDIC_29980_20260331,Corporate_Large,Large_D-SIB,US,47858000.0,0.0,47858000.0,1.0,1,12,0,False,False,False,1,BBB,0.65,0.02,0.4,0.24,MIDLAND FS&LA,2026-03-31
FDIC_29847_20260331,Corporate_Large,Large_D-SIB,US,1279796000.0,0.0,1279796000.0,1.0,1,12,0,False,False,False,1,BBB,0.65,0.02,0.4,0.24,MAIN STREET BANK CORP,2026-03-31
FDIC_29857_20260331,Corporate_Large,Large_D-SIB,US,10155000.0,0.0,10155000.0,1.0,1,12,0,False,False,False,1,BBB,0.65,0.02,0.4,0.24,LIBERTY SAVINGS ASSN FSA,2026-03-31
FDIC_29858_20260331,Corporate_Large,Large_D-SIB,US,254202000.0,0.0,254202000.0,1.0,1,12,0,False,False,False,1,BBB,0.65,0.02,0.4,0.24,SSB COMMUNITY BANK,2026-03-31
FDIC_29874_20260331,Corporate_Large,Large_D-SIB,US,197867000.0,0.0,197867000.0,1.0,1,12,0,False,False,False,1,BBB,0.65,0.02,0.4,0.24,DEARBORN FSB,2026-03-31
FDIC_29878_20260331,Corporate_Large,Large_D-SIB,US,310179000.0,0.0,310179000.0,1.0,1,12,0,False,False,False,1,BBB,0.65,0.02,0.4,0.24,AMERICAN CMTY BANK OF IN,2026-03-31
FDIC_2987_20260331,Corporate_Large,Large_D-SIB,US,379940000.0,0.0,379940000.0,1.0,1,12,0,False,False,False,1,BBB,0.65,0.02,0.4,0.24,BAKER-BOYER NATIONAL BANK,2026-03-31
FDIC_29881_20260331,Corporate_Large,Large_D-SIB,US,259999000.0,0.0,259999000.0,1.0,1,12,0,False,False,False,1,BBB,0.65,0.02,0.4,0.24,HOME BANK SB,2026-03-31
FDIC_29904_20260331,Corporate_Large,Large_D-SIB,US,174494000.0,0.0,174494000.0,1.0,1,12,0,False,False,False,1,BBB,0.65,0.02,0.4,0.24,ELIZABETHTON FSB,2026-03-31
FDIC_29907_20260331,Corporate_Large,Large_D-SIB,US,183956000.0,0.0,183956000.0,1.0,1,12,0,False,False,False,1,BBB,0.65,0.02,0.4,0.24,LOGANSPORT SAVINGS BANK,2026-03-31
FDIC_29910_20260331,Corporate_Large,Large_D-SIB,US,47552000.0,0.0,47552000.0,1.0,1,12,0,False,False,False,1,BBB,0.65,0.02,0.4,0.24,SCOTTSBURG BLDG&LA,2026-03-31
FDIC_29922_20260331,Corporate_Large,Large_D-SIB,US,1092484000.0,0.0,1092484000.0,1.0,1,12,0,False,False,False,1,BBB,0.65,0.02,0.4,0.24,RIVERVIEW BANK,2026-03-31
FDIC_29933_20260331,Corporate_Large,Large_D-SIB,US,214457000.0,0.0,214457000.0,1.0,1,12,0,False,False,False,1,BBB,0.65,0.02,0.4,0.24,UNION SAVINGS&LOAN ASSN,2026-03-31
FDIC_29937_20260331,Corporate_Large,Large_D-SIB,US,252722000.0,0.0,252722000.0,1.0,1,12,0,False,False,False,1,BBB,0.65,0.02,0.4,0.24,FIRST FSB OF KENTUCKY,2026-03-31
FDIC_29941_20260331,Corporate_Large,Large_D-SIB,US,642258000.0,0.0,642258000.0,1.0,1,12,0,False,False,False,1,BBB,0.65,0.02,0.4,0.24,BOGOTA SAVINGS BANK,2026-03-31
FDIC_29950_20260331,Corporate_Large,Large_D-SIB,US,56738200000.0,0.0,56738200000.0,1.0,1,12,0,False,False,False,1,BBB,0.65,0.02,0.4,0.24,SANTANDER BANK N A,2026-03-31
FDIC_29966_20260331,Corporate_Large,Large_D-SIB,US,6415000.0,0.0,6415000.0,1.0,1,12,0,False,False,False,1,BBB,0.65,0.02,0.4,0.24,EQUITABLE SAVINGS&LOAN CO,2026-03-31
FDIC_29975_20260331,Corporate_Large,Large_D-SIB,US,157131000.0,0.0,157131000.0,1.0,1,12,0,False,False,False,1,BBB,0.65,0.02,0.4,0.24,PEOPLES SAVINGS BANK,2026-03-31
FDIC_30152_20260331,Corporate_Large,Large_D-SIB,US,18282000.0,0.0,18282000.0,1.0,1,12,0,False,False,False,1,BBB,0.65,0.02,0.4,0.24,MILFORD BUILDING&LOAN ASSN,2026-03-31
FDIC_30155_20260331,Corporate_Large,Large_D-SIB,US,472617000.0,0.0,472617000.0,1.0,1,12,0,False,False,False,1,BBB,0.65,0.02,0.4,0.24,HATBORO FEDERAL SAVINGS FA,2026-03-31
FDIC_30470_20260331,Corporate_Large,Large_D-SIB,US,2888246000.0,0.0,2888246000.0,1.0,1,12,0,False,False,False,1,BBB,0.65,0.02,0.4,0.24,MANASQUAN BANK,2026-03-31
FDIC_30350_20260331,Corporate_Large,Large_D-SIB,US,499287000.0,0.0,499287000.0,1.0,1,12,0,False,False,False,1,BBB,0.65,0.02,0.4,0.24,BANK OF BENNINGTON,2026-03-31
FDIC_30358_20260331,Corporate_Large,Large_D-SIB,US,36811000.0,0.0,36811000.0,1.0,1,12,0,False,False,False,1,BBB,0.65,0.02,0.4,0.24,FIRST SAVINGS&LOAN ASSN,2026-03-31
FDIC_30367_20260331,Corporate_Large,Large_D-SIB,US,242838000.0,0.0,242838000.0,1.0,1,12,0,False,False,False,1,BBB,0.65,0.02,0.4,0.24,1ST BANK OF SEA ISLE CITY,2026-03-31
FDIC_30387_20260331,Corporate_Large,Large_D-SIB,US,13103882000.0,0.0,13103882000.0,1.0,1,12,0,False,False,False,1,BBB,0.65,0.02,0.4,0.24,FIRSTBANK PUERTO RICO,2026-03-31
FDIC_30388_20260331,Corporate_Large,Large_D-SIB,US,58951000.0,0.0,58951000.0,1.0,1,12,0,False,False,False,1,BBB,0.65,0.02,0.4,0.24,GUNNISON SAVINGS&LOAN ASSN,2026-03-31
FDIC_30394_20260331,Corporate_Large,Large_D-SIB,US,562457000.0,0.0,562457000.0,1.0,1,12,0,False,False,False,1,BBB,0.65,0.02,0.4,0.24,CARVER FEDERAL SAVINGS BANK,2026-03-31
FDIC_30395_20260331,Corporate_Large,Large_D-SIB,US,26167000.0,0.0,26167000.0,1.0,1,12,0,False,False,False,1,BBB,0.65,0.02,0.4,0.24,TECUMSEH FEDERAL BANK,2026-03-31
FDIC_30397_20260331,Corporate_Large,Large_D-SIB,US,581055000.0,0.0,581055000.0,1.0,1,12,0,False,False,False,1,BBB,0.65,0.02,0.4,0.24,GEDDES FS&LA,2026-03-31
FDIC_303_20260331,Corporate_Large,Large_D-SIB,US,325682000.0,0.0,325682000.0,1.0,1,12,0,False,False,False,1,BBB,0.65,0.02,0.4,0.24,UNITED CUMBERLAND BANK,2026-03-31
FDIC_30401_20260331,Corporate_Large,Large_D-SIB,US,2151258000.0,0.0,2151258000.0,1.0,1,12,0,False,False,False,1,BBB,0.65,0.02,0.4,0.24,PENN COMMUNITY BANK,2026-03-31
FDIC_30402_20260331,Corporate_Large,Large_D-SIB,US,211028000.0,0.0,211028000.0,1.0,1,12,0,False,False,False,1,BBB,0.65,0.02,0.4,0.24,FRANKLIN BANK,2026-03-31
FDIC_30422_20260331,Corporate_Large,Large_D-SIB,US,215279000.0,0.0,215279000.0,1.0,1,12,0,False,False,False,1,BBB,0.65,0.02,0.4,0.24,FIRST FEDERAL BANK OF WI,2026-03-31
FDIC_30428_20260331,Corporate_Large,Large_D-SIB,US,327803000.0,0.0,327803000.0,1.0,1,12,0,False,False,False,1,BBB,0.65,0.02,0.4,0.24,CENTURY SAVINGS BANK,2026-03-31
FDIC_30429_20260331,Corporate_Large,Large_D-SIB,US,181535000.0,0.0,181535000.0,1.0,1,12,0,False,False,False,1,BBB,0.65,0.02,0.4,0.24,MASSENA SAVINGS&LOAN,2026-03-31
FDIC_30431_20260331,Corporate_Large,Large_D-SIB,US,282959000.0,0.0,282959000.0,1.0,1,12,0,False,False,False,1,BBB,0.65,0.02,0.4,0.24,SSB BANK,2026-03-31
FDIC_30434_20260331,Corporate_Large,Large_D-SIB,US,66377000.0,0.0,66377000.0,1.0,1,12,0,False,False,False,1,BBB,0.65,0.02,0.4,0.24,MORGANTON SAVINGS BANK SSB,2026-03-31
FDIC_30441_20260331,Corporate_Large,Large_D-SIB,US,638181000.0,0.0,638181000.0,1.0,1,12,0,False,False,False,1,BBB,0.65,0.02,0.4,0.24,FIRST FEDERAL BANK OF LA,2026-03-31
FDIC_30447_20260331,Corporate_Large,Large_D-SIB,US,25712000.0,0.0,25712000.0,1.0,1,12,0,False,False,False,1,BBB,0.65,0.02,0.4,0.24,RAYNE BUILDING&LOAN ASSN,2026-03-31
FDIC_30357_20260331,Corporate_Large,Large_D-SIB,US,40037000.0,0.0,40037000.0,1.0,1,12,0,False,False,False,1,BBB,0.65,0.02,0.4,0.24,STREATOR HOME SAVINGS BANK,2026-03-31
FDIC_3034_20260331,Corporate_Large,Large_D-SIB,US,394279000.0,0.0,394279000.0,1.0,1,12,0,False,False,False,1,BBB,0.65,0.02,0.4,0.24,FIRST NATIONAL BANK COLORADO,2026-03-31
FDIC_30167_20260331,Corporate_Large,Large_D-SIB,US,375759000.0,0.0,375759000.0,1.0,1,12,0,False,False,False,1,BBB,0.65,0.02,0.4,0.24,CULLMAN SAVINGS BANK,2026-03-31
FDIC_30339_20260331,Corporate_Large,Large_D-SIB,US,78328000.0,0.0,78328000.0,1.0,1,12,0,False,False,False,1,BBB,0.65,0.02,0.4,0.24,BEAUREGARD FSB,2026-03-31
FDIC_30176_20260331,Corporate_Large,Large_D-SIB,US,36608000.0,0.0,36608000.0,1.0,1,12,0,False,False,False,1,BBB,0.65,0.02,0.4,0.24,HOME SB OF WAPAKONETA,2026-03-31
FDIC_3017_20260331,Corporate_Large,Large_D-SIB,US,395311000.0,0.0,395311000.0,1.0,1,12,0,False,False,False,1,BBB,0.65,0.02,0.4,0.24,HIGH PLAINS BANK,2026-03-31
FDIC_30182_20260331,Corporate_Large,Large_D-SIB,US,1529190000.0,0.0,1529190000.0,1.0,1,12,0,False,False,False,1,BBB,0.65,0.02,0.4,0.24,OPPORTUNITY BANK OF MONTANA,2026-03-31
FDIC_30183_20260331,Corporate_Large,Large_D-SIB,US,70993000.0,0.0,70993000.0,1.0,1,12,0,False,False,False,1,BBB,0.65,0.02,0.4,0.24,MILLVILLE SAVINGS BANK,2026-03-31
FDIC_3018_20260331,Corporate_Large,Large_D-SIB,US,25359000.0,0.0,25359000.0,1.0,1,12,0,False,False,False,1,BBB,0.65,0.02,0.4,0.24,FIRST NB OF FLEMING,2026-03-31
FDIC_3019_20260331,Corporate_Large,Large_D-SIB,US,61465000.0,0.0,61465000.0,1.0,1,12,0,False,False,False,1,BBB,0.65,0.02,0.4,0.24,ROCKY MOUNTAIN BANK&TRUST,2026-03-31
FDIC_30219_20260331,Corporate_Large,Large_D-SIB,US,191812000.0,0.0,191812000.0,1.0,1,12,0,False,False,False,1,BBB,0.65,0.02,0.4,0.24,HOMETOWN BANK,2026-03-31
FDIC_30220_20260331,Corporate_Large,Large_D-SIB,US,59619000.0,0.0,59619000.0,1.0,1,12,0,False,False,False,1,BBB,0.65,0.02,0.4,0.24,CHESTER NATIONAL BANK,2026-03-31
FDIC_30260_20260331,Corporate_Large,Large_D-SIB,US,401143000.0,0.0,401143000.0,1.0,1,12,0,False,False,False,1,BBB,0.65,0.02,0.4,0.24,CROSS COUNTY SAVINGS BANK,2026-03-31
FDIC_30270_20260331,Corporate_Large,Large_D-SIB,US,255517000.0,0.0,255517000.0,1.0,1,12,0,False,False,False,1,BBB,0.65,0.02,0.4,0.24,CITIZENS SAVINGS BANK,2026-03-31
FDIC_30291_20260331,Corporate_Large,Large_D-SIB,US,41316000.0,0.0,41316000.0,1.0,1,12,0,False,False,False,1,BBB,0.65,0.02,0.4,0.24,FIRST FED BK LITTLEFIELD TX,2026-03-31
FDIC_3029_20260331,Corporate_Large,Large_D-SIB,US,70597000.0,0.0,70597000.0,1.0,1,12,0,False,False,False,1,BBB,0.65,0.02,0.4,0.24,FIRST NATIONAL BANK OF HUGO,2026-03-31
FDIC_30303_20260331,Corporate_Large,Large_D-SIB,US,1955709000.0,0.0,1955709000.0,1.0,1,12,0,False,False,False,1,BBB,0.65,0.02,0.4,0.24,MASPETH FS&LA,2026-03-31
FDIC_30313_20260331,Corporate_Large,Large_D-SIB,US,186164000.0,0.0,186164000.0,1.0,1,12,0,False,False,False,1,BBB,0.65,0.02,0.4,0.24,EAST WISCONSIN SAVINGS BANK,2026-03-31
FDIC_30315_20260331,Corporate_Large,Large_D-SIB,US,349643000.0,0.0,349643000.0,1.0,1,12,0,False,False,False,1,BBB,0.65,0.02,0.4,0.24,FIRST FSB OF LINCOLNTON,2026-03-31
FDIC_3031_20260331,Corporate_Large,Large_D-SIB,US,471641000.0,0.0,471641000.0,1.0,1,12,0,False,False,False,1,BBB,0.65,0.02,0.4,0.24,POINTS WEST COMMUNITY BANK,2026-03-31
FDIC_30332_20260331,Corporate_Large,Large_D-SIB,US,45038000.0,0.0,45038000.0,1.0,1,12,0,False,False,False,1,BBB,0.65,0.02,0.4,0.24,ABBEVILLE BLDG&L STATE-CHART,2026-03-31
FDIC_31485_20260331,Corporate_Large,Large_D-SIB,US,442314000.0,0.0,442314000.0,1.0,1,12,0,False,False,False,1,BBB,0.65,0.02,0.4,0.24,EQUITABLE BANK,2026-03-31
FDIC_3149_20260331,Corporate_Large,Large_D-SIB,US,31702000.0,0.0,31702000.0,1.0,1,12,0,False,False,False,1,BBB,0.65,0.02,0.4,0.24,FIRST NB IN COOPER,2026-03-31
FDIC_2695_20260331,Corporate_Large,Large_D-SIB,US,229949000.0,0.0,229949000.0,1.0,1,12,0,False,False,False,1,BBB,0.65,0.02,0.4,0.24,FIRST NB OF GRAYSON,2026-03-31
FDIC_3301_20260331,Corporate_Large,Large_D-SIB,US,482270000.0,0.0,482270000.0,1.0,1,12,0,False,False,False,1,BBB,0.65,0.02,0.4,0.24,FIRST LIBERTY BANK,2026-03-31
FDIC_3302_20260331,Corporate_Large,Large_D-SIB,US,327550000.0,0.0,327550000.0,1.0,1,12,0,False,False,False,1,BBB,0.65,0.02,0.4,0.24,TEXANA BANK NATIONAL ASSN,2026-03-31
FDIC_3303_20260331,Corporate_Large,Large_D-SIB,US,8046000.0,0.0,8046000.0,1.0,1,12,0,False,False,False,1,BBB,0.65,0.02,0.4,0.24,FIRST NATIONAL BANK OF LIPAN,2026-03-31
FDIC_3305_20260331,Corporate_Large,Large_D-SIB,US,225099000.0,0.0,225099000.0,1.0,1,12,0,False,False,False,1,BBB,0.65,0.02,0.4,0.24,FIRST NB OF LIVINGSTON,2026-03-31
FDIC_33103_20260331,Corporate_Large,Large_D-SIB,US,232729000.0,0.0,232729000.0,1.0,1,12,0,False,False,False,1,BBB,0.65,0.02,0.4,0.24,GATEWAY BANK FSB,2026-03-31
FDIC_33111_20260331,Corporate_Large,Large_D-SIB,US,1733301000.0,0.0,1733301000.0,1.0,1,12,0,False,False,False,1,BBB,0.65,0.02,0.4,0.24,COLORADO FSB,2026-03-31
FDIC_33119_20260331,Corporate_Large,Large_D-SIB,US,1272602000.0,0.0,1272602000.0,1.0,1,12,0,False,False,False,1,BBB,0.65,0.02,0.4,0.24,HERITAGE BANK INC,2026-03-31
FDIC_33124_20260331,Corporate_Large,Large_D-SIB,US,241932000000.0,0.0,241932000000.0,1.0,1,12,0,False,False,False,1,BBB,0.65,0.02,0.4,0.24,GOLDMAN SACHS BANK USA,2026-03-31
FDIC_33131_20260331,Corporate_Large,Large_D-SIB,US,118352000.0,0.0,118352000.0,1.0,1,12,0,False,False,False,1,BBB,0.65,0.02,0.4,0.24,FIRST FARMERS&MERCHANTS NB,2026-03-31
FDIC_33136_20260331,Corporate_Large,Large_D-SIB,US,439236000.0,0.0,439236000.0,1.0,1,12,0,False,False,False,1,BBB,0.65,0.02,0.4,0.24,WOODLANDS BANK,2026-03-31
FDIC_33183_20260331,Corporate_Large,Large_D-SIB,US,36176000.0,0.0,36176000.0,1.0,1,12,0,False,False,False,1,BBB,0.65,0.02,0.4,0.24,SOUND BANKING CO,2026-03-31
FDIC_33188_20260331,Corporate_Large,Large_D-SIB,US,1741827000.0,0.0,1741827000.0,1.0,1,12,0,False,False,False,1,BBB,0.65,0.02,0.4,0.24,SHINHAN BANK AMERICA,2026-03-31
FDIC_33204_20260331,Corporate_Large,Large_D-SIB,US,560124000.0,0.0,560124000.0,1.0,1,12,0,False,False,False,1,BBB,0.65,0.02,0.4,0.24,PREMIER BANK MINNESOTA,2026-03-31
FDIC_3320_20260331,Corporate_Large,Large_D-SIB,US,21440000.0,0.0,21440000.0,1.0,1,12,0,False,False,False,1,BBB,0.65,0.02,0.4,0.24,BIG BEND BANKS N A,2026-03-31
FDIC_33216_20260331,Corporate_Large,Large_D-SIB,US,2554469000.0,0.0,2554469000.0,1.0,1,12,0,False,False,False,1,BBB,0.65,0.02,0.4,0.24,NORTHRIM BANK,2026-03-31
FDIC_3325_20260331,Corporate_Large,Large_D-SIB,US,1340136000.0,0.0,1340136000.0,1.0,1,12,0,False,False,False,1,BBB,0.65,0.02,0.4,0.24,FIRST NB OF CENTRAL TEXAS,2026-03-31
FDIC_3327_20260331,Corporate_Large,Large_D-SIB,US,68514000.0,0.0,68514000.0,1.0,1,12,0,False,False,False,1,BBB,0.65,0.02,0.4,0.24,MASON BANK,2026-03-31
FDIC_33306_20260331,Corporate_Large,Large_D-SIB,US,41407212000.0,0.0,41407212000.0,1.0,1,12,0,False,False,False,1,BBB,0.65,0.02,0.4,0.24,CIBC BANK USA,2026-03-31
FDIC_33026_20260331,Corporate_Large,Large_D-SIB,US,99424000.0,0.0,99424000.0,1.0,1,12,0,False,False,False,1,BBB,0.65,0.02,0.4,0.24,SURETY BANK,2026-03-31
FDIC_33013_20260331,Corporate_Large,Large_D-SIB,US,31368000.0,0.0,31368000.0,1.0,1,12,0,False,False,False,1,BBB,0.65,0.02,0.4,0.24,ASIAN PACIFIC NATIONAL BANK,2026-03-31
FDIC_3335_20260331,Corporate_Large,Large_D-SIB,US,69977000.0,0.0,69977000.0,1.0,1,12,0,False,False,False,1,BBB,0.65,0.02,0.4,0.24,BANK19,2026-03-31
FDIC_33010_20260331,Corporate_Large,Large_D-SIB,US,328231000.0,0.0,328231000.0,1.0,1,12,0,False,False,False,1,BBB,0.65,0.02,0.4,0.24,FIRST PEOPLES BANK,2026-03-31
FDIC_32773_20260331,Corporate_Large,Large_D-SIB,US,22950008000.0,0.0,22950008000.0,1.0,1,12,0,False,False,False,1,BBB,0.65,0.02,0.4,0.24,EASTERN BANK,2026-03-31
FDIC_32779_20260331,Corporate_Large,Large_D-SIB,US,2115718000.0,0.0,2115718000.0,1.0,1,12,0,False,False,False,1,BBB,0.65,0.02,0.4,0.24,BANK OF MARIN,2026-03-31
FDIC_3279_20260331,Corporate_Large,Large_D-SIB,US,234826000.0,0.0,234826000.0,1.0,1,12,0,False,False,False,1,BBB,0.65,0.02,0.4,0.24,KARNES CNTY NB OF KARNES CTY,2026-03-31
FDIC_327_20260331,Corporate_Large,Large_D-SIB,US,98961000.0,0.0,98961000.0,1.0,1,12,0,False,False,False,1,BBB,0.65,0.02,0.4,0.24,MERCHANTS&PLANTERS BANK,2026-03-31
FDIC_3285_20260331,Corporate_Large,Large_D-SIB,US,2256231000.0,0.0,2256231000.0,1.0,1,12,0,False,False,False,1,BBB,0.65,0.02,0.4,0.24,FIRST NATIONAL BANK TEXAS,2026-03-31
FDIC_3286_20260331,Corporate_Large,Large_D-SIB,US,503902000.0,0.0,503902000.0,1.0,1,12,0,False,False,False,1,BBB,0.65,0.02,0.4,0.24,KLEBERG BANK N A,2026-03-31
FDIC_3289_20260331,Corporate_Large,Large_D-SIB,US,135656000.0,0.0,135656000.0,1.0,1,12,0,False,False,False,1,BBB,0.65,0.02,0.4,0.24,NATIONAL BANK&TRUST,2026-03-31
FDIC_32908_20260331,Corporate_Large,Large_D-SIB,US,68739000.0,0.0,68739000.0,1.0,1,12,0,False,False,False,1,BBB,0.65,0.02,0.4,0.24,TUSTIN COMMUNITY BANK,2026-03-31
FDIC_32912_20260331,Corporate_Large,Large_D-SIB,US,1078274000.0,0.0,1078274000.0,1.0,1,12,0,False,False,False,1,BBB,0.65,0.02,0.4,0.24,WHITAKER BANK,2026-03-31
FDIC_3292_20260331,Corporate_Large,Large_D-SIB,US,58140000.0,0.0,58140000.0,1.0,1,12,0,False,False,False,1,BBB,0.65,0.02,0.4,0.24,LAMESA NATIONAL BANK,2026-03-31
FDIC_3293_20260331,Corporate_Large,Large_D-SIB,US,87053000.0,0.0,87053000.0,1.0,1,12,0,False,False,False,1,BBB,0.65,0.02,0.4,0.24,FIRST TEXAS BANK,2026-03-31
FDIC_32941_20260331,Corporate_Large,Large_D-SIB,US,2420615000.0,0.0,2420615000.0,1.0,1,12,0,False,False,False,1,BBB,0.65,0.02,0.4,0.24,WESTSTAR BANK,2026-03-31
FDIC_32968_20260331,Corporate_Large,Large_D-SIB,US,51678000.0,0.0,51678000.0,1.0,1,12,0,False,False,False,1,BBB,0.65,0.02,0.4,0.24,BANK47,2026-03-31
FDIC_32974_20260331,Corporate_Large,Large_D-SIB,US,2635209000.0,0.0,2635209000.0,1.0,1,12,0,False,False,False,1,BBB,0.65,0.02,0.4,0.24,GULF COAST BANK&TRUST CO,2026-03-31
FDIC_32992_20260331,Corporate_Large,Large_D-SIB,US,113753000000.0,0.0,113753000000.0,1.0,1,12,0,False,False,False,1,BBB,0.65,0.02,0.4,0.24,MORGAN STANLEY BANK NA,2026-03-31
FDIC_33005_20260331,Corporate_Large,Large_D-SIB,US,2038607000.0,0.0,2038607000.0,1.0,1,12,0,False,False,False,1,BBB,0.65,0.02,0.4,0.24,FCB BANKS,2026-03-31
FDIC_33009_20260331,Corporate_Large,Large_D-SIB,US,505761000.0,0.0,505761000.0,1.0,1,12,0,False,False,False,1,BBB,0.65,0.02,0.4,0.24,COUNTY BANK,2026-03-31
FDIC_3330_20260331,Corporate_Large,Large_D-SIB,US,800302000.0,0.0,800302000.0,1.0,1,12,0,False,False,False,1,BBB,0.65,0.02,0.4,0.24,FIRST NB OF MCGREGOR,2026-03-31
FDIC_3336_20260331,Corporate_Large,Large_D-SIB,US,12676000.0,0.0,12676000.0,1.0,1,12,0,False,False,False,1,BBB,0.65,0.02,0.4,0.24,MENARD BANK,2026-03-31
FDIC_3275_20260331,Corporate_Large,Large_D-SIB,US,149741000.0,0.0,149741000.0,1.0,1,12,0,False,False,False,1,BBB,0.65,0.02,0.4,0.24,JACKSBORO NATIONAL BANK,2026-03-31
FDIC_33648_20260331,Corporate_Large,Large_D-SIB,US,5502638000.0,0.0,5502638000.0,1.0,1,12,0,False,False,False,1,BBB,0.65,0.02,0.4,0.24,BANK OF INDIA,2026-03-31
FDIC_33653_20260331,Corporate_Large,Large_D-SIB,US,16724168000.0,0.0,16724168000.0,1.0,1,12,0,False,False,False,1,BBB,0.65,0.02,0.4,0.24,BANK OF CHINA,2026-03-31
FDIC_33656_20260331,Corporate_Large,Large_D-SIB,US,5549000.0,0.0,5549000.0,1.0,1,12,0,False,False,False,1,BBB,0.65,0.02,0.4,0.24,METROPOLITAN BANK&TRUST CO,2026-03-31
FDIC_33661_20260331,Corporate_Large,Large_D-SIB,US,3534032000.0,0.0,3534032000.0,1.0,1,12,0,False,False,False,1,BBB,0.65,0.02,0.4,0.24,MIZRAHI TEFAHOT BANK LTD,2026-03-31
FDIC_33664_20260331,Corporate_Large,Large_D-SIB,US,4216269000.0,0.0,4216269000.0,1.0,1,12,0,False,False,False,1,BBB,0.65,0.02,0.4,0.24,STATE BANK OF INDIA,2026-03-31
FDIC_33681_20260331,Corporate_Large,Large_D-SIB,US,10092715000.0,0.0,10092715000.0,1.0,1,12,0,False,False,False,1,BBB,0.65,0.02,0.4,0.24,BANK OF BARODA,2026-03-31
FDIC_33682_20260331,Corporate_Large,Large_D-SIB,US,15266296000.0,0.0,15266296000.0,1.0,1,12,0,False,False,False,1,BBB,0.65,0.02,0.4,0.24,STATE BANK OF INDIA,2026-03-31
FDIC_33684_20260331,Corporate_Large,Large_D-SIB,US,1709954000.0,0.0,1709954000.0,1.0,1,12,0,False,False,False,1,BBB,0.65,0.02,0.4,0.24,ALLIED IRISH BANKS,2026-03-31
FDIC_33686_20260331,Corporate_Large,Large_D-SIB,US,8155303000.0,0.0,8155303000.0,1.0,1,12,0,False,False,False,1,BBB,0.65,0.02,0.4,0.24,BANK HAPOALIM B M,2026-03-31
FDIC_3368_20260331,Corporate_Large,Large_D-SIB,US,94558000.0,0.0,94558000.0,1.0,1,12,0,False,False,False,1,BBB,0.65,0.02,0.4,0.24,NORMANGEE STATE BANK,2026-03-31
FDIC_33690_20260331,Corporate_Large,Large_D-SIB,US,33340606000.0,0.0,33340606000.0,1.0,1,12,0,False,False,False,1,BBB,0.65,0.02,0.4,0.24,BANCO BILBAO VIZCAYA SA,2026-03-31
FDIC_33692_20260331,Corporate_Large,Large_D-SIB,US,26093607000.0,0.0,26093607000.0,1.0,1,12,0,False,False,False,1,BBB,0.65,0.02,0.4,0.24,STANDARD CHARTERED BANK PLC,2026-03-31
FDIC_33693_20260331,Corporate_Large,Large_D-SIB,US,2906016000.0,0.0,2906016000.0,1.0,1,12,0,False,False,False,1,BBB,0.65,0.02,0.4,0.24,MASHREQBANK PSC,2026-03-31
FDIC_33708_20260331,Corporate_Large,Large_D-SIB,US,750199000.0,0.0,750199000.0,1.0,1,12,0,False,False,False,1,BBB,0.65,0.02,0.4,0.24,INTERNATIONAL BK OF CHICAGO,2026-03-31
FDIC_33739_20260331,Corporate_Large,Large_D-SIB,US,218317000.0,0.0,218317000.0,1.0,1,12,0,False,False,False,1,BBB,0.65,0.02,0.4,0.24,CITIZENS COMMUNITY BANK,2026-03-31
FDIC_33753_20260331,Corporate_Large,Large_D-SIB,US,275916000.0,0.0,275916000.0,1.0,1,12,0,False,False,False,1,BBB,0.65,0.02,0.4,0.24,CITIZENS COMMUNITY BANK,2026-03-31
FDIC_33758_20260331,Corporate_Large,Large_D-SIB,US,1294698000.0,0.0,1294698000.0,1.0,1,12,0,False,False,False,1,BBB,0.65,0.02,0.4,0.24,STARION BANK,2026-03-31
FDIC_33761_20260331,Corporate_Large,Large_D-SIB,US,292343000.0,0.0,292343000.0,1.0,1,12,0,False,False,False,1,BBB,0.65,0.02,0.4,0.24,VILLAGE BANK,2026-03-31
