account_id,segment,value_date,institution_size,province,principal_outstanding,undrawn_limit,collateral_value,loan_to_value,tenure_years,months_on_book,dpd,debt_review_flag,judgement_flag,administration_order,loadshedding_vulnerability_score,internal_rating,base_segment_ccf,base_segment_ttc_pd,base_segment_lgd,base_segment_corr
ACC_000001,Retail_Mortgage,2026-09-16,Large_D-SIB,Free State,683254884.5782313,70772087.76003227,857297678.8573393,0.7969867426783621,7,35,0,False,False,False,5,A,0.2,0.015,0.3,0.15
ACC_000002,Retail_Mortgage,2026-09-16,Large_D-SIB,Western Cape,1276670676.154226,117970514.36077878,1780163620.500752,0.7171647939839959,17,136,0,False,False,False,2,BBB,0.2,0.015,0.3,0.15
ACC_000003,Retail_Mortgage,2026-09-16,Large_D-SIB,Gauteng,99747720.42997837,24922677.11710744,139488327.76315644,0.7150972560180415,24,107,0,False,False,False,2,B,0.2,0.015,0.3,0.15
ACC_000004,Retail_Mortgage,2026-09-16,Large_D-SIB,Gauteng,182326825.86481187,21616896.577027373,274144973.19526213,0.6650744813582556,8,18,0,False,False,False,2,A,0.2,0.015,0.3,0.15
ACC_000005,Retail_Mortgage,2026-09-16,Large_D-SIB,KZN,313951285.15159,38170064.80387663,466808974.9740282,0.6725476629258408,17,232,15,False,False,False,3,AA,0.2,0.015,0.3,0.15
ACC_000006,Retail_Mortgage,2026-09-16,Large_D-SIB,Western Cape,790557229.1343803,76049051.68132716,1227527817.6424794,0.6440238809843674,6,201,0,False,False,False,3,BB,0.2,0.015,0.3,0.15
ACC_000007,Retail_Mortgage,2026-09-16,Large_D-SIB,Gauteng,1315952886.7639291,73651346.28612188,1905578068.362744,0.6905793620381999,30,67,0,False,False,False,2,BB,0.2,0.015,0.3,0.15
ACC_000008,Retail_Mortgage,2026-09-16,Large_D-SIB,KZN,825627792.4772854,129127731.00737259,991550001.6825421,0.8326638001878811,19,101,0,False,False,False,3,CCC,0.2,0.015,0.3,0.15
ACC_000009,Retail_Mortgage,2026-09-16,Large_D-SIB,Western Cape,180941797.58112836,23797184.32900516,245984161.22641495,0.735583123234432,5,58,0,False,False,False,1,AAA,0.2,0.015,0.3,0.15
ACC_000010,Retail_Mortgage,2026-09-16,Large_D-SIB,Gauteng,154757749.93089294,23484438.662450712,236715469.7466709,0.6537711713413247,14,110,0,False,False,False,4,A,0.2,0.015,0.3,0.15
ACC_000011,Retail_Mortgage,2026-09-16,Large_D-SIB,Western Cape,184126756.97719446,26666291.540287063,240268448.61122054,0.7663376445865799,9,105,0,False,False,False,2,BB,0.2,0.015,0.3,0.15
ACC_000012,Retail_Mortgage,2026-09-16,Large_D-SIB,Gauteng,194353901.19135937,23299036.288570218,235024457.96675587,0.8269518111976698,19,48,0,False,False,False,3,A,0.2,0.015,0.3,0.15
ACC_000013,Retail_Mortgage,2026-09-16,Large_D-SIB,Western Cape,103734338.14593402,19842115.38556861,118670841.57925698,0.8741350172076829,19,91,0,False,False,False,2,A,0.2,0.015,0.3,0.15
ACC_000014,Retail_Mortgage,2026-09-16,Large_D-SIB,Limpopo,40554918.48129566,7152517.225527407,45008234.03778046,0.9010555367991858,16,117,0,False,False,False,2,BBB,0.2,0.015,0.3,0.15
ACC_000015,Retail_Mortgage,2026-09-16,Large_D-SIB,Western Cape,436001781.4086389,47867315.929563895,663714688.4141412,0.6569114546047002,27,218,0,False,False,False,3,A,0.2,0.015,0.3,0.15
ACC_000016,Retail_Mortgage,2026-09-16,Large_D-SIB,Gauteng,348116369.6272155,72619358.34078898,522186417.8031748,0.666651520910353,21,224,0,False,False,False,2,A,0.2,0.015,0.3,0.15
ACC_000017,Retail_Mortgage,2026-09-16,Large_D-SIB,Western Cape,158387186.03860927,23417696.65920005,184547922.69142348,0.8582442095728343,13,15,0,False,False,False,1,BBB,0.2,0.015,0.3,0.15
ACC_000018,Retail_Mortgage,2026-09-16,Large_D-SIB,Gauteng,158516446.49142155,43850534.61567922,192653728.40386236,0.8228049766009282,25,18,0,False,False,False,2,A,0.2,0.015,0.3,0.15
ACC_000019,Retail_Mortgage,2026-09-16,Large_D-SIB,Free State,1018564436.8107649,273386493.0080713,1192147403.9851987,0.8543947110951483,29,160,0,False,False,False,1,BBB,0.2,0.015,0.3,0.15
ACC_000020,Retail_Mortgage,2026-09-16,Large_D-SIB,Free State,88621956.60814351,16884766.17930865,138710741.28294155,0.6388975777108193,22,123,90,False,False,False,4,B,0.2,0.015,0.3,0.15
ACC_000021,Retail_Mortgage,2026-09-16,Large_D-SIB,Gauteng,2071213182.1682012,216280447.4275112,3218133923.6496105,0.6436068949608184,6,94,0,False,False,False,1,BB,0.2,0.015,0.3,0.15
ACC_000022,Retail_Mortgage,2026-09-16,Large_D-SIB,Gauteng,418048787.39497185,98522435.08977018,634066459.1066091,0.6593138327865454,5,145,15,False,False,False,4,BBB,0.2,0.015,0.3,0.15
ACC_000023,Retail_Mortgage,2026-09-16,Large_D-SIB,Gauteng,504528884.7733649,42063322.42300919,741024980.3224175,0.6808527352935472,26,43,0,False,False,False,4,BB,0.2,0.015,0.3,0.15
ACC_000024,Retail_Mortgage,2026-09-16,Large_D-SIB,Gauteng,239583118.33904767,22833772.114331294,268148122.47530967,0.893473040674032,30,90,0,False,False,False,4,CCC,0.2,0.015,0.3,0.15
ACC_000025,Retail_Mortgage,2026-09-16,Large_D-SIB,North West,258113411.65591326,76595176.15639015,346640553.9587341,0.7446140063768777,9,46,0,False,False,False,2,CCC,0.2,0.015,0.3,0.15
ACC_000026,Retail_Mortgage,2026-09-16,Large_D-SIB,Gauteng,346520886.7275956,66940411.79579552,530992121.58661896,0.6525913900420627,24,15,0,False,False,False,4,B,0.2,0.015,0.3,0.15
ACC_000027,Retail_Mortgage,2026-09-16,Large_D-SIB,Gauteng,612521221.8498925,158794407.3193994,790322959.1532043,0.7750264809542944,21,156,0,False,False,False,3,BB,0.2,0.015,0.3,0.15
ACC_000028,Retail_Mortgage,2026-09-16,Large_D-SIB,Western Cape,93515096.04257575,27177569.579813622,133853944.5351416,0.6986353399396802,26,95,0,False,False,False,3,BBB,0.2,0.015,0.3,0.15
ACC_000029,Retail_Mortgage,2026-09-16,Large_D-SIB,Mpumalanga,777424172.7415702,163921760.285028,1109604192.0868561,0.7006319715496497,13,55,0,False,False,False,2,CCC,0.2,0.015,0.3,0.15
ACC_000030,Retail_Mortgage,2026-09-16,Large_D-SIB,Eastern Cape,337329783.93056697,27561112.873911574,423205743.8451844,0.7970822438883716,9,180,60,False,False,False,2,BBB,0.2,0.015,0.3,0.15
ACC_000031,Retail_Mortgage,2026-09-16,Large_D-SIB,Gauteng,426512137.27066463,40253854.12699611,500169802.786629,0.8527346810911203,7,82,0,False,False,False,4,B,0.2,0.015,0.3,0.15
ACC_000032,Retail_Mortgage,2026-09-16,Large_D-SIB,Free State,335399672.31378406,28179404.72097319,412980607.2623104,0.8121438789515613,22,49,30,False,False,False,2,B,0.2,0.015,0.3,0.15
ACC_000033,Retail_Mortgage,2026-09-16,Large_D-SIB,Northern Cape,204865629.57951134,17471003.19369231,298356053.83471435,0.6866481405234178,16,130,0,False,False,False,3,B,0.2,0.015,0.3,0.15
ACC_000034,Retail_Mortgage,2026-09-16,Large_D-SIB,Western Cape,231760467.13397402,52506333.57684139,326783915.87924975,0.7092162614870312,28,92,0,False,False,False,3,B,0.2,0.015,0.3,0.15
ACC_000035,Retail_Mortgage,2026-09-16,Large_D-SIB,KZN,258511609.89294407,53661269.66532023,319703836.08032876,0.8085971474799272,6,117,0,False,False,False,1,BBB,0.2,0.015,0.3,0.15
ACC_000036,Retail_Mortgage,2026-09-16,Large_D-SIB,Gauteng,319166287.75024223,65475642.75815886,367005461.55713296,0.8696499675947099,26,83,90,False,False,False,2,BB,0.2,0.015,0.3,0.15
ACC_000037,Retail_Mortgage,2026-09-16,Large_D-SIB,Gauteng,396885438.73258835,96847597.69433385,575327588.4871922,0.6898425291514136,22,63,30,False,False,False,3,BB,0.2,0.015,0.3,0.15
ACC_000038,Retail_Mortgage,2026-09-16,Large_D-SIB,Mpumalanga,418747000.3286572,106137522.43692613,547388889.2589151,0.7649899523820802,6,56,0,False,False,False,5,AA,0.2,0.015,0.3,0.15
ACC_000039,Retail_Mortgage,2026-09-16,Large_D-SIB,KZN,615943597.6482763,51683681.64469943,834756555.4510438,0.7378721300552874,24,185,0,False,False,False,3,AAA,0.2,0.015,0.3,0.15
ACC_000040,Retail_Mortgage,2026-09-16,Large_D-SIB,Gauteng,181775701.69101036,49711811.7133954,226820201.92886642,0.8014087816922826,7,137,0,False,False,False,1,BBB,0.2,0.015,0.3,0.15
ACC_000041,Retail_Mortgage,2026-09-16,Large_D-SIB,Gauteng,170934398.90425,46550087.49707179,208012929.20863986,0.8217489151013321,28,230,0,False,False,False,2,BB,0.2,0.015,0.3,0.15
ACC_000042,Retail_Mortgage,2026-09-16,Large_D-SIB,Mpumalanga,591377807.5539392,80746465.25021441,704811687.0792487,0.8390578907745112,25,174,90,True,True,False,2,BBB,0.2,0.015,0.3,0.15
ACC_000043,Retail_Mortgage,2026-09-16,Large_D-SIB,KZN,94592779.16015206,16392769.703379333,121292085.53429288,0.7798759395014927,8,59,0,False,False,False,4,A,0.2,0.015,0.3,0.15
ACC_000044,Retail_Mortgage,2026-09-16,Large_D-SIB,Gauteng,800559948.7338538,178671734.65517235,949652885.4528396,0.8430027023527747,19,78,0,False,False,False,2,BB,0.2,0.015,0.3,0.15
ACC_000045,Retail_Mortgage,2026-09-16,Large_D-SIB,Gauteng,182043342.37528124,18159824.196438976,259853135.55390835,0.7005624234136482,13,190,0,False,False,False,4,BB,0.2,0.015,0.3,0.15
ACC_000046,Retail_Mortgage,2026-09-16,Large_D-SIB,Gauteng,207697063.99113148,60402353.4738807,241670939.18868744,0.8594209328121556,5,220,0,False,False,False,3,BB,0.2,0.015,0.3,0.15
ACC_000047,Retail_Mortgage,2026-09-16,Large_D-SIB,North West,36236612.31135344,2588252.4971220796,51438444.3477231,0.7044655562752733,11,161,0,False,False,False,3,AA,0.2,0.015,0.3,0.15
ACC_000048,Retail_Mortgage,2026-09-16,Large_D-SIB,KZN,228468659.53169256,23511586.674049646,318114360.71513706,0.7181966228059731,15,109,0,False,False,False,1,BBB,0.2,0.015,0.3,0.15
ACC_000049,Retail_Mortgage,2026-09-16,Large_D-SIB,Gauteng,286572807.13988686,39106994.387955725,325706749.75082535,0.8798491506827014,19,10,0,False,False,False,1,A,0.2,0.015,0.3,0.15
ACC_000050,Retail_Mortgage,2026-09-16,Large_D-SIB,Western Cape,101460929.3235113,24571719.16552042,148941635.56846973,0.6812126705622811,9,131,0,False,False,False,5,BB,0.2,0.015,0.3,0.15
ACC_000051,Retail_Mortgage,2026-09-16,Large_D-SIB,North West,278204460.7085567,34758304.09800888,308194968.33885086,0.902689820693891,30,206,15,False,False,False,2,BBB,0.2,0.015,0.3,0.15
ACC_000052,Retail_Mortgage,2026-09-16,Large_D-SIB,North West,797130574.4120157,121348670.00204621,1237933208.8460155,0.643920502912342,11,196,0,False,False,False,1,BBB,0.2,0.015,0.3,0.15
ACC_000053,Retail_Mortgage,2026-09-16,Large_D-SIB,Gauteng,230765968.66115707,37974201.91031593,329057184.6518724,0.7012944236586022,26,218,0,False,False,False,3,BB,0.2,0.015,0.3,0.15
ACC_000054,Retail_Mortgage,2026-09-16,Large_D-SIB,KZN,357984952.1425422,86735571.75003085,503437827.19466597,0.7110807587450495,12,17,0,False,False,False,3,BBB,0.2,0.015,0.3,0.15
ACC_000055,Retail_Mortgage,2026-09-16,Large_D-SIB,North West,101066591.13539995,27288686.17261607,117580435.19977584,0.8595527900852048,23,170,30,False,False,False,3,A,0.2,0.015,0.3,0.15
ACC_000056,Retail_Mortgage,2026-09-16,Large_D-SIB,KZN,337104488.56435037,92659030.9695321,466152709.2930942,0.723163207772746,16,164,0,False,False,False,3,AAA,0.2,0.015,0.3,0.15
ACC_000057,Retail_Mortgage,2026-09-16,Large_D-SIB,Gauteng,248978412.39059278,67890506.86613129,318164949.09090084,0.7825450701028,28,128,90,False,True,False,3,B,0.2,0.015,0.3,0.15
ACC_000058,Retail_Mortgage,2026-09-16,Large_D-SIB,Gauteng,250854625.3459037,44923294.13152764,283925046.032506,0.8835241161400882,24,60,0,False,False,False,3,A,0.2,0.015,0.3,0.15
ACC_000059,Retail_Mortgage,2026-09-16,Large_D-SIB,KZN,995086634.2949612,227665876.9424333,1248975770.8348403,0.7967221282682093,26,61,0,False,False,False,5,BB,0.2,0.015,0.3,0.15
ACC_000060,Retail_Mortgage,2026-09-16,Large_D-SIB,KZN,131583936.66659665,22604143.21794472,157144238.82884204,0.8373449618468986,25,194,0,False,False,False,3,AA,0.2,0.015,0.3,0.15
ACC_000061,Retail_Mortgage,2026-09-16,Large_D-SIB,Limpopo,115103576.95541373,14223679.483814515,140953254.6527145,0.8166081531001885,18,74,0,False,False,False,5,BBB,0.2,0.015,0.3,0.15
ACC_000062,Retail_Mortgage,2026-09-16,Large_D-SIB,Mpumalanga,75413356.84021474,22122149.742088854,92551864.16230364,0.8148226675150061,14,150,60,False,False,False,3,BB,0.2,0.015,0.3,0.15
ACC_000063,Retail_Mortgage,2026-09-16,Large_D-SIB,Eastern Cape,121675022.60624017,31561610.37963817,162827181.03471965,0.7472648106601771,19,13,15,False,False,False,2,AA,0.2,0.015,0.3,0.15
ACC_000064,Retail_Mortgage,2026-09-16,Large_D-SIB,Gauteng,697888588.902247,171674150.04624113,825126543.032148,0.8457958294950357,28,162,0,False,False,False,2,B,0.2,0.015,0.3,0.15
ACC_000065,Retail_Mortgage,2026-09-16,Large_D-SIB,Gauteng,369833564.7656755,78376663.80559768,541462450.7166818,0.6830271688759992,10,234,30,False,False,False,3,BBB,0.2,0.015,0.3,0.15
ACC_000066,Retail_Mortgage,2026-09-16,Large_D-SIB,Western Cape,222422975.86840478,20430844.9509528,312953531.8491678,0.7107220505043047,5,79,5,False,False,False,2,A,0.2,0.015,0.3,0.15
ACC_000067,Retail_Mortgage,2026-09-16,Large_D-SIB,KZN,412876212.1935015,68338059.65040496,494918100.7181037,0.8342313841309034,24,104,0,False,False,False,3,B,0.2,0.015,0.3,0.15
ACC_000068,Retail_Mortgage,2026-09-16,Large_D-SIB,Free State,556880965.2061895,99214369.04494303,640986737.9323472,0.8687870313862335,28,235,0,False,False,False,3,BB,0.2,0.015,0.3,0.15
ACC_000069,Retail_Mortgage,2026-09-16,Large_D-SIB,KZN,174878981.07361156,13665445.460039448,265218339.4832331,0.6593774073631408,12,182,0,False,False,False,3,B,0.2,0.015,0.3,0.15
ACC_000070,Retail_Mortgage,2026-09-16,Large_D-SIB,KZN,302868958.33209103,77803347.9078265,412858806.5633421,0.7335896764639412,30,155,0,False,False,False,4,BB,0.2,0.015,0.3,0.15
ACC_000071,Retail_Mortgage,2026-09-16,Large_D-SIB,Western Cape,238164840.5100964,40846415.916745864,343540693.9438718,0.6932652949376883,22,184,0,False,False,False,3,B,0.2,0.015,0.3,0.15
ACC_000072,Retail_Mortgage,2026-09-16,Large_D-SIB,North West,159260058.7046496,44750651.35876002,246183687.6170263,0.6469155623032231,18,181,90,False,True,False,3,BBB,0.2,0.015,0.3,0.15
ACC_000073,Retail_Mortgage,2026-09-16,Large_D-SIB,Mpumalanga,293070205.9807366,55376315.43892744,446167204.67409426,0.6568618287281147,30,155,0,False,False,False,2,BBB,0.2,0.015,0.3,0.15
ACC_000074,Retail_Mortgage,2026-09-16,Large_D-SIB,Free State,275533019.893839,62265616.90681225,325069296.47933614,0.8476131793374523,29,172,0,False,False,False,3,BB,0.2,0.015,0.3,0.15
ACC_000075,Retail_Mortgage,2026-09-16,Large_D-SIB,Mpumalanga,128099744.14522375,35316144.58116925,177483044.34415913,0.7217576451800335,22,75,0,False,False,False,2,AA,0.2,0.015,0.3,0.15
ACC_000076,Retail_Mortgage,2026-09-16,Large_D-SIB,Gauteng,477699482.9990762,71375570.43148081,600341803.7006397,0.7957125091979783,19,194,30,False,False,False,1,BBB,0.2,0.015,0.3,0.15
ACC_000077,Retail_Mortgage,2026-09-16,Large_D-SIB,KZN,651477520.9878179,165230926.41012672,780816525.6342198,0.8343541659273336,23,57,0,False,False,False,3,BB,0.2,0.015,0.3,0.15
ACC_000078,Retail_Mortgage,2026-09-16,Large_D-SIB,Free State,261109576.96329674,20153177.67491467,415192744.10963506,0.6288876206717827,18,9,0,False,False,False,3,A,0.2,0.015,0.3,0.15
ACC_000079,Retail_Mortgage,2026-09-16,Large_D-SIB,Gauteng,290895882.68113,64681720.218606256,381663843.55254364,0.7621782560628706,26,173,15,False,False,False,3,AA,0.2,0.015,0.3,0.15
ACC_000080,Retail_Mortgage,2026-09-16,Large_D-SIB,KZN,299912247.4251544,79211234.8108501,355259867.56330144,0.844205255950322,5,37,0,False,False,False,3,A,0.2,0.015,0.3,0.15
ACC_000081,Retail_Mortgage,2026-09-16,Large_D-SIB,Western Cape,452148067.9161247,24511440.78731251,559256255.0240359,0.8084810207383234,16,166,0,False,False,False,4,BBB,0.2,0.015,0.3,0.15
ACC_000082,Retail_Mortgage,2026-09-16,Large_D-SIB,KZN,325170788.89207184,77182604.18750939,399409611.2463987,0.8141286031584043,24,167,0,False,False,False,2,BBB,0.2,0.015,0.3,0.15
ACC_000083,Retail_Mortgage,2026-09-16,Large_D-SIB,Western Cape,693431742.9824953,72168900.96531717,865803084.4993576,0.8009116107312849,11,219,0,False,False,False,2,B,0.2,0.015,0.3,0.15
ACC_000084,Retail_Mortgage,2026-09-16,Large_D-SIB,Gauteng,347449352.6791467,49114000.2854374,396081820.85990334,0.8772161063207234,21,225,0,False,False,False,1,BB,0.2,0.015,0.3,0.15
ACC_000085,Retail_Mortgage,2026-09-16,Large_D-SIB,Eastern Cape,291831301.7368114,29882436.52407051,445654788.2118551,0.6548371283247175,24,235,15,False,False,False,3,BB,0.2,0.015,0.3,0.15
ACC_000086,Retail_Mortgage,2026-09-16,Large_D-SIB,KZN,189161126.94862717,25533179.710339494,222627734.8362628,0.8496745793499203,25,68,0,False,False,False,2,BBB,0.2,0.015,0.3,0.15
ACC_000087,Retail_Mortgage,2026-09-16,Large_D-SIB,Limpopo,331598650.81071025,95990223.20641162,398971920.2649257,0.8311328040091689,7,132,0,False,False,False,2,B,0.2,0.015,0.3,0.15
ACC_000088,Retail_Mortgage,2026-09-16,Large_D-SIB,Gauteng,250417420.43269292,74487548.0693957,297121525.1341072,0.8428114399307349,10,221,0,False,False,False,5,A,0.2,0.015,0.3,0.15
ACC_000089,Retail_Mortgage,2026-09-16,Large_D-SIB,KZN,114386748.45750427,22964163.39903837,146939409.9197618,0.7784620104297864,20,7,120,False,False,True,5,B,0.2,0.015,0.3,0.15
ACC_000090,Retail_Mortgage,2026-09-16,Large_D-SIB,Western Cape,152114941.24343258,31192005.62958104,236357527.9103564,0.6435798452805167,16,61,0,False,False,False,2,BBB,0.2,0.015,0.3,0.15
ACC_000091,Retail_Mortgage,2026-09-16,Large_D-SIB,KZN,326989960.9326173,20909719.234160464,368599395.2297164,0.8871147515823581,12,63,0,False,False,False,4,BBB,0.2,0.015,0.3,0.15
ACC_000092,Retail_Mortgage,2026-09-16,Large_D-SIB,Gauteng,268262107.7912978,34079691.41211983,404730083.6942809,0.6628173160311297,8,208,0,False,False,False,2,A,0.2,0.015,0.3,0.15
ACC_000093,Retail_Mortgage,2026-09-16,Large_D-SIB,Gauteng,119418629.20463069,14958329.764074344,183637299.37963182,0.6502961522961497,28,223,0,False,False,False,3,B,0.2,0.015,0.3,0.15
ACC_000094,Retail_Mortgage,2026-09-16,Large_D-SIB,Gauteng,94047883.91852063,14333616.601246785,136474355.7374165,0.6891249525256853,6,116,60,True,False,False,1,A,0.2,0.015,0.3,0.15
ACC_000095,Retail_Mortgage,2026-09-16,Large_D-SIB,Limpopo,392987941.239669,104168566.09163389,616823997.6808386,0.6371151944756397,29,84,0,False,False,False,2,B,0.2,0.015,0.3,0.15
ACC_000096,Retail_Mortgage,2026-09-16,Large_D-SIB,KZN,179715798.255229,44037247.37371549,270517858.419555,0.6643398676345496,22,127,0,False,False,False,3,BB,0.2,0.015,0.3,0.15
ACC_000097,Retail_Mortgage,2026-09-16,Large_D-SIB,Gauteng,476465317.53832847,76493251.10097596,579322414.4904604,0.8224527579472317,17,127,5,False,False,False,3,B,0.2,0.015,0.3,0.15
ACC_000098,Retail_Mortgage,2026-09-16,Large_D-SIB,Mpumalanga,353116356.33763415,81283628.0484224,562140740.069189,0.6281636095156031,23,56,0,False,False,False,2,A,0.2,0.015,0.3,0.15
ACC_000099,Retail_Mortgage,2026-09-16,Large_D-SIB,Gauteng,114521500.16185652,27920559.07310801,156179675.6155469,0.7332676272408423,11,182,0,False,False,False,5,A,0.2,0.015,0.3,0.15
ACC_000100,Retail_Mortgage,2026-09-16,Large_D-SIB,Limpopo,1132028042.7360272,90819036.85190307,1738138493.6916332,0.651287596957658,27,20,0,False,False,False,2,CCC,0.2,0.015,0.3,0.15
ACC_000101,Retail_Mortgage,2026-09-16,Large_D-SIB,Eastern Cape,523580393.3294822,85554761.04654102,612328878.5251925,0.8550640214626771,12,52,0,False,False,False,2,B,0.2,0.015,0.3,0.15
ACC_000102,Retail_Mortgage,2026-09-16,Large_D-SIB,KZN,1083197764.571687,261284601.48875967,1390053068.2401223,0.7792492166813965,9,136,0,False,False,False,5,BBB,0.2,0.015,0.3,0.15
ACC_000103,Retail_Mortgage,2026-09-16,Large_D-SIB,Gauteng,196032939.31866428,54273317.1048784,226714753.6780103,0.8646677648384471,14,139,0,False,False,False,3,CCC,0.2,0.015,0.3,0.15
ACC_000104,Retail_Mortgage,2026-09-16,Large_D-SIB,Gauteng,450377685.5042937,77513308.56011058,579042438.7265478,0.7777973692131813,26,77,0,False,False,False,3,A,0.2,0.015,0.3,0.15
ACC_000105,Retail_Mortgage,2026-09-16,Large_D-SIB,Mpumalanga,406001671.3026078,115918285.87081988,636524127.1705838,0.6378417627424864,28,6,15,False,False,False,1,AA,0.2,0.015,0.3,0.15
ACC_000106,Retail_Mortgage,2026-09-16,Large_D-SIB,Gauteng,193840334.8925556,25854483.244181316,239740803.59797758,0.8085412745074774,7,205,0,False,False,False,3,BB,0.2,0.015,0.3,0.15
ACC_000107,Retail_Mortgage,2026-09-16,Large_D-SIB,Western Cape,117883081.22349113,33130165.11705667,178586702.73999053,0.660088793929526,7,127,0,False,False,False,2,AA,0.2,0.015,0.3,0.15
ACC_000108,Retail_Mortgage,2026-09-16,Large_D-SIB,Mpumalanga,181063002.58096197,13941835.863347227,206428963.22635892,0.8771201470523203,20,169,0,False,False,False,2,BB,0.2,0.015,0.3,0.15
ACC_000109,Retail_Mortgage,2026-09-16,Large_D-SIB,KZN,446862296.40073717,87601874.87981609,570455432.6847746,0.7833430462703066,23,91,0,False,False,False,4,B,0.2,0.015,0.3,0.15
ACC_000110,Retail_Mortgage,2026-09-16,Large_D-SIB,Free State,1037091969.4385659,162359202.4094958,1311374830.7117975,0.79084327771919,27,148,0,False,False,False,1,BBB,0.2,0.015,0.3,0.15
ACC_000111,Retail_Mortgage,2026-09-16,Large_D-SIB,Gauteng,69022873.12167822,7216568.747897459,110057816.5532258,0.6271510310064856,23,154,0,False,False,False,2,BB,0.2,0.015,0.3,0.15
ACC_000112,Retail_Mortgage,2026-09-16,Large_D-SIB,Free State,253884844.91872272,25485821.211693723,354377114.33941674,0.7164256230032842,25,237,60,True,False,False,2,CCC,0.2,0.015,0.3,0.15
ACC_000113,Retail_Mortgage,2026-09-16,Large_D-SIB,KZN,376110604.45493156,22707227.680686224,592071647.188318,0.6352450860314605,9,29,120,False,False,True,3,AAA,0.2,0.015,0.3,0.15
ACC_000114,Retail_Mortgage,2026-09-16,Large_D-SIB,KZN,297388690.80889857,54535058.04669489,398456483.6848981,0.7463517422496642,13,113,90,False,False,False,5,BB,0.2,0.015,0.3,0.15
ACC_000115,Retail_Mortgage,2026-09-16,Large_D-SIB,Eastern Cape,206347136.00287157,45507168.863838755,259153917.09008563,0.7962339073236634,6,95,0,False,False,False,2,B,0.2,0.015,0.3,0.15
ACC_000116,Retail_Mortgage,2026-09-16,Large_D-SIB,Western Cape,735882482.5032519,106215359.10980211,1147430462.0798955,0.6413307880717677,21,17,0,False,False,False,3,BB,0.2,0.015,0.3,0.15
ACC_000117,Retail_Mortgage,2026-09-16,Large_D-SIB,Mpumalanga,197885856.15667456,16232264.633107962,291683419.45931363,0.6784268249579997,17,9,0,False,False,False,4,A,0.2,0.015,0.3,0.15
ACC_000118,Retail_Mortgage,2026-09-16,Large_D-SIB,Gauteng,255909497.97101986,57236431.217807874,312259798.16741437,0.8195403297923642,8,194,0,False,False,False,3,BBB,0.2,0.015,0.3,0.15
ACC_000119,Retail_Mortgage,2026-09-16,Large_D-SIB,Western Cape,231262981.2134661,29925316.506478734,307572537.6806239,0.7518973669021263,24,168,0,False,False,False,5,BBB,0.2,0.015,0.3,0.15
ACC_000120,Retail_Mortgage,2026-09-16,Large_D-SIB,Western Cape,523870618.73638093,154423156.37132508,832599684.2364829,0.6291986757318854,9,71,90,True,True,False,2,BB,0.2,0.015,0.3,0.15
ACC_000121,Retail_Mortgage,2026-09-16,Large_D-SIB,Western Cape,633261355.1871518,83597850.08498828,843731662.0907428,0.7505482887982992,8,115,0,False,False,False,5,A,0.2,0.015,0.3,0.15
ACC_000122,Retail_Mortgage,2026-09-16,Large_D-SIB,Gauteng,489877841.96819156,137385367.96383008,585245189.9220608,0.8370471904834115,19,21,0,False,False,False,5,BBB,0.2,0.015,0.3,0.15
ACC_000123,Retail_Mortgage,2026-09-16,Large_D-SIB,North West,482463145.8960089,107785155.93950166,698067952.5362043,0.6911406606522116,12,112,0,False,False,False,3,BB,0.2,0.015,0.3,0.15
ACC_000124,Retail_Mortgage,2026-09-16,Large_D-SIB,Western Cape,454079256.456097,85816510.94234836,652309490.1301421,0.6961101491341231,22,155,0,False,False,False,2,B,0.2,0.015,0.3,0.15
ACC_000125,Retail_Mortgage,2026-09-16,Large_D-SIB,Eastern Cape,152716414.29670453,16010048.457227612,227479483.38703188,0.6713414854950852,20,52,0,False,False,False,2,BBB,0.2,0.015,0.3,0.15
ACC_000126,Retail_Mortgage,2026-09-16,Large_D-SIB,KZN,94326387.29015908,10734370.086325096,142729126.69175717,0.6608769315450913,6,150,0,False,False,False,5,B,0.2,0.015,0.3,0.15
ACC_000127,Retail_Mortgage,2026-09-16,Large_D-SIB,Western Cape,333922610.3173428,74969984.31812298,444557600.16008854,0.7511346340656301,21,122,0,False,False,False,3,B,0.2,0.015,0.3,0.15
ACC_000128,Retail_Mortgage,2026-09-16,Large_D-SIB,Free State,566988176.7018155,61447470.30064702,724336795.2419218,0.7827687070797593,16,125,0,False,False,False,2,BB,0.2,0.015,0.3,0.15
ACC_000129,Retail_Mortgage,2026-09-16,Large_D-SIB,Northern Cape,260893164.34142548,29579468.2169212,291545382.97344327,0.8948629598610043,20,127,15,False,False,False,4,BBB,0.2,0.015,0.3,0.15
ACC_000130,Retail_Mortgage,2026-09-16,Large_D-SIB,KZN,200286988.8891293,11681257.687906086,271663806.0703079,0.7372604830445983,14,166,0,False,False,False,2,B,0.2,0.015,0.3,0.15
ACC_000131,Retail_Mortgage,2026-09-16,Large_D-SIB,Western Cape,231639973.31393522,69229790.52128197,307981673.2325226,0.7521225886030228,28,161,0,False,False,False,2,BB,0.2,0.015,0.3,0.15
ACC_000132,Retail_Mortgage,2026-09-16,Large_D-SIB,KZN,749182278.481459,56527732.06639722,924482251.0460997,0.8103803806224732,23,124,0,False,False,False,1,BBB,0.2,0.015,0.3,0.15
ACC_000133,Retail_Mortgage,2026-09-16,Large_D-SIB,Gauteng,246227338.64640555,64502823.992978565,299146126.9070778,0.8231005401680827,14,10,0,False,False,False,5,BBB,0.2,0.015,0.3,0.15
ACC_000134,Retail_Mortgage,2026-09-16,Large_D-SIB,North West,529648648.56147444,94741289.16292085,681069940.4281206,0.7776714506421136,13,192,0,False,False,False,3,BBB,0.2,0.015,0.3,0.15
ACC_000135,Retail_Mortgage,2026-09-16,Large_D-SIB,Mpumalanga,196844693.42147142,25092258.83509597,306585482.1924292,0.642054842303072,22,154,0,False,False,False,1,B,0.2,0.015,0.3,0.15
ACC_000136,Retail_Mortgage,2026-09-16,Large_D-SIB,Northern Cape,925170398.5957317,106047171.46159394,1206126236.656427,0.7670593429427841,25,115,0,False,False,False,4,CCC,0.2,0.015,0.3,0.15
ACC_000137,Retail_Mortgage,2026-09-16,Large_D-SIB,KZN,496952533.5316338,51748120.54360199,775315420.9985217,0.6409682047747911,13,35,0,False,False,False,3,BB,0.2,0.015,0.3,0.15
ACC_000138,Retail_Mortgage,2026-09-16,Large_D-SIB,Limpopo,648271894.1996323,145362050.82074794,1001703384.7666901,0.6471695155054541,20,98,120,False,False,True,3,B,0.2,0.015,0.3,0.15
ACC_000139,Retail_Mortgage,2026-09-16,Large_D-SIB,Eastern Cape,188295573.66784808,54886658.02630211,272340212.08928525,0.6913983514344786,21,157,0,False,False,False,2,CCC,0.2,0.015,0.3,0.15
ACC_000140,Retail_Mortgage,2026-09-16,Large_D-SIB,Gauteng,257670999.3911304,25916273.909723766,294745135.8471011,0.8742162907984242,10,92,0,False,False,False,5,A,0.2,0.015,0.3,0.15
ACC_000141,Retail_Mortgage,2026-09-16,Large_D-SIB,Free State,225855040.3760876,53524578.712857656,350036742.84717935,0.6452323791468155,23,199,0,False,False,False,2,B,0.2,0.015,0.3,0.15
ACC_000142,Retail_Mortgage,2026-09-16,Large_D-SIB,Gauteng,369194457.6385851,93464372.59573281,526193860.74073595,0.701632012807715,13,43,0,False,False,False,3,BB,0.2,0.015,0.3,0.15
ACC_000143,Retail_Mortgage,2026-09-16,Large_D-SIB,Gauteng,255601897.51016772,13775355.128485285,290421618.0273089,0.8801063062947779,8,25,0,False,False,False,1,AAA,0.2,0.015,0.3,0.15
ACC_000144,Retail_Mortgage,2026-09-16,Large_D-SIB,Gauteng,509592170.915104,104529981.59359947,611194724.1091431,0.8337640212092282,13,58,0,False,False,False,3,BB,0.2,0.015,0.3,0.15
ACC_000145,Retail_Mortgage,2026-09-16,Large_D-SIB,KZN,158815261.6065451,35830186.472162604,246777317.4255676,0.6435569657022736,6,176,0,False,False,False,5,AAA,0.2,0.015,0.3,0.15
ACC_000146,Retail_Mortgage,2026-09-16,Large_D-SIB,Western Cape,102367250.66875152,6967007.487358249,137431044.820732,0.7448626385856381,10,97,0,False,False,False,4,BB,0.2,0.015,0.3,0.15
ACC_000147,Retail_Mortgage,2026-09-16,Large_D-SIB,KZN,231811802.68432656,43433307.1854582,348758167.09670436,0.6646777754742854,26,48,120,False,False,True,3,AAA,0.2,0.015,0.3,0.15
ACC_000148,Retail_Mortgage,2026-09-16,Large_D-SIB,Gauteng,1458146059.3715432,158299576.9243758,1745809593.9962127,0.8352262837746247,12,204,0,False,False,False,4,BB,0.2,0.015,0.3,0.15
ACC_000149,Retail_Mortgage,2026-09-16,Large_D-SIB,Gauteng,708578136.9085039,151890676.63319957,914709756.9396751,0.77464805806727,14,177,0,False,False,False,4,BB,0.2,0.015,0.3,0.15
ACC_000150,Retail_Mortgage,2026-09-16,Large_D-SIB,KZN,406818939.49367213,121563771.25390927,475239261.45750284,0.8560297359397587,28,182,0,False,False,False,4,BB,0.2,0.015,0.3,0.15
ACC_000151,Retail_Mortgage,2026-09-16,Large_D-SIB,Eastern Cape,346862431.4595419,100835157.30059357,453311727.61216724,0.7651741844109128,12,107,0,False,False,False,1,A,0.2,0.015,0.3,0.15
ACC_000152,Retail_Mortgage,2026-09-16,Large_D-SIB,KZN,650245266.3651115,78381316.69213156,909002858.2932007,0.7153390777956977,8,55,0,False,False,False,5,A,0.2,0.015,0.3,0.15
ACC_000153,Retail_Mortgage,2026-09-16,Large_D-SIB,Free State,699676092.2392287,190034949.46384826,901779461.7722226,0.7758838184939252,7,97,0,False,False,False,3,BBB,0.2,0.015,0.3,0.15
ACC_000154,Retail_Mortgage,2026-09-16,Large_D-SIB,Gauteng,720791932.8404489,71219801.22368759,974669866.4879639,0.7395241790306747,19,225,0,False,False,False,5,BBB,0.2,0.015,0.3,0.15
ACC_000155,Retail_Mortgage,2026-09-16,Large_D-SIB,Western Cape,190613432.92212638,55588552.685352564,237612009.66631517,0.802204540039074,8,36,0,False,False,False,5,CCC,0.2,0.015,0.3,0.15
ACC_000156,Retail_Mortgage,2026-09-16,Large_D-SIB,KZN,562338667.6235348,160596719.19027868,738982262.2463456,0.7609636879701921,23,145,0,False,False,False,5,B,0.2,0.015,0.3,0.15
ACC_000157,Retail_Mortgage,2026-09-16,Large_D-SIB,KZN,1298945333.8507497,97665252.67759399,1484558396.6302354,0.8749708578653393,30,139,5,False,False,False,4,AAA,0.2,0.015,0.3,0.15
ACC_000158,Retail_Mortgage,2026-09-16,Large_D-SIB,KZN,351862574.1144622,84937977.64113836,530201966.46503407,0.663638757246418,19,79,0,False,False,False,4,B,0.2,0.015,0.3,0.15
ACC_000159,Retail_Mortgage,2026-09-16,Large_D-SIB,Western Cape,452180000.5643363,75286348.07887077,595921173.9970131,0.7587916326775842,24,103,60,False,False,False,4,BBB,0.2,0.015,0.3,0.15
ACC_000160,Retail_Mortgage,2026-09-16,Large_D-SIB,Gauteng,183282670.59781933,18336923.76288919,280711044.78989536,0.6529229041735835,18,110,0,False,False,False,4,BBB,0.2,0.015,0.3,0.15
ACC_000161,Retail_Mortgage,2026-09-16,Large_D-SIB,Free State,229592037.44539085,28705815.631849937,272682370.49942505,0.8419760948420937,24,26,0,False,False,False,3,B,0.2,0.015,0.3,0.15
ACC_000162,Retail_Mortgage,2026-09-16,Large_D-SIB,Limpopo,441532460.4542539,90635984.39919955,551847835.3619313,0.800098201281651,19,132,0,False,False,False,3,BBB,0.2,0.015,0.3,0.15
ACC_000163,Retail_Mortgage,2026-09-16,Large_D-SIB,Eastern Cape,150937824.58880478,36579625.80423426,208469753.4064887,0.7240274530113527,12,32,5,False,False,False,3,BB,0.2,0.015,0.3,0.15
ACC_000164,Retail_Mortgage,2026-09-16,Large_D-SIB,KZN,377602154.8855924,44106119.43186918,459576067.90263885,0.8216314583325679,10,111,30,False,False,False,2,BB,0.2,0.015,0.3,0.15
ACC_000165,Retail_Mortgage,2026-09-16,Large_D-SIB,Gauteng,230437547.78984877,18608175.68650197,316141124.3153264,0.7289072191696424,28,74,0,False,False,False,2,AA,0.2,0.015,0.3,0.15
ACC_000166,Retail_Mortgage,2026-09-16,Large_D-SIB,Gauteng,227736297.0253128,51396874.91201017,252049306.2227273,0.9035386783571231,26,232,0,False,False,False,3,A,0.2,0.015,0.3,0.15
ACC_000167,Retail_Mortgage,2026-09-16,Large_D-SIB,KZN,505181720.57149744,97375579.80005263,772181278.3077788,0.6542268438294618,13,126,0,False,False,False,5,AAA,0.2,0.015,0.3,0.15
ACC_000168,Retail_Mortgage,2026-09-16,Large_D-SIB,Western Cape,337645476.21236444,61536630.14160791,520929565.8609584,0.6481595561855392,8,234,0,False,False,False,2,BB,0.2,0.015,0.3,0.15
ACC_000169,Retail_Mortgage,2026-09-16,Large_D-SIB,KZN,298400065.1180355,50019258.90693134,465795717.6106058,0.6406243205685521,22,228,0,False,False,False,3,BB,0.2,0.015,0.3,0.15
ACC_000170,Retail_Mortgage,2026-09-16,Large_D-SIB,Gauteng,179551456.096075,49765386.80986454,277699842.11100495,0.6465666481160723,11,50,0,False,False,False,2,B,0.2,0.015,0.3,0.15
ACC_000171,Retail_Mortgage,2026-09-16,Large_D-SIB,Free State,126627718.46623673,27769640.661817294,163249653.23217338,0.7756691420725225,28,110,0,False,False,False,4,BBB,0.2,0.015,0.3,0.15
ACC_000172,Retail_Mortgage,2026-09-16,Large_D-SIB,Gauteng,73960499.38086921,16954900.512400467,96684903.58515678,0.7649642978205725,23,36,0,False,False,False,4,BB,0.2,0.015,0.3,0.15
ACC_000173,Retail_Mortgage,2026-09-16,Large_D-SIB,Gauteng,785050511.2057666,76330125.29002412,873373739.031686,0.8988712118550257,20,145,0,False,False,False,5,BB,0.2,0.015,0.3,0.15
ACC_000174,Retail_Mortgage,2026-09-16,Large_D-SIB,Western Cape,388948913.7140869,43836325.46294544,570741079.7009357,0.68148049535508,19,132,5,False,False,False,2,BBB,0.2,0.015,0.3,0.15
ACC_000175,Retail_Mortgage,2026-09-16,Large_D-SIB,KZN,311457143.049738,74858513.32662469,395888181.93655926,0.786730085061364,11,13,0,False,False,False,5,BBB,0.2,0.015,0.3,0.15
ACC_000176,Retail_Mortgage,2026-09-16,Large_D-SIB,Free State,457817984.70293015,105257821.17255579,695261644.9931538,0.6584830157104931,15,217,0,False,False,False,2,BBB,0.2,0.015,0.3,0.15
ACC_000177,Retail_Mortgage,2026-09-16,Large_D-SIB,Gauteng,518196824.5262454,117616433.74921945,694552635.541416,0.7460871905299183,27,117,5,False,False,False,5,BB,0.2,0.015,0.3,0.15
ACC_000178,Retail_Mortgage,2026-09-16,Large_D-SIB,Free State,744203610.6174375,180934794.40077457,1110554806.372508,0.6701187607735344,15,154,0,False,False,False,3,B,0.2,0.015,0.3,0.15
ACC_000179,Retail_Mortgage,2026-09-16,Large_D-SIB,KZN,284730710.39936244,34610645.456250004,345997847.83715063,0.8229262470250261,23,190,0,False,False,False,5,BB,0.2,0.015,0.3,0.15
ACC_000180,Retail_Mortgage,2026-09-16,Large_D-SIB,Western Cape,143296586.34221923,39544694.19588128,174313318.15894613,0.8220633274363778,19,82,5,False,False,False,4,BBB,0.2,0.015,0.3,0.15
ACC_000181,Retail_Mortgage,2026-09-16,Large_D-SIB,Gauteng,292743593.7693344,28599777.278451085,410470232.149009,0.7131908012833986,13,159,0,False,False,False,3,BB,0.2,0.015,0.3,0.15
ACC_000182,Retail_Mortgage,2026-09-16,Large_D-SIB,Gauteng,575698694.4008124,109172076.47285406,830044867.9605758,0.6935753916716657,12,113,0,False,False,False,2,BBB,0.2,0.015,0.3,0.15
ACC_000183,Retail_Mortgage,2026-09-16,Large_D-SIB,KZN,194342089.95541367,46182426.30206019,291496195.99170876,0.6667054068895688,28,78,0,False,False,False,5,BBB,0.2,0.015,0.3,0.15
ACC_000184,Retail_Mortgage,2026-09-16,Large_D-SIB,Gauteng,595891667.456078,79680129.07247072,700383424.1508685,0.8508077817211704,14,1,5,False,False,False,5,A,0.2,0.015,0.3,0.15
ACC_000185,Retail_Mortgage,2026-09-16,Large_D-SIB,Western Cape,78689131.14184177,14621817.79415496,115478233.45437992,0.6814195956065451,5,13,0,False,False,False,3,AAA,0.2,0.015,0.3,0.15
ACC_000186,Retail_Mortgage,2026-09-16,Large_D-SIB,Gauteng,424103913.1829282,112785188.43647791,592002152.1814629,0.7163891408505052,22,120,15,False,False,False,1,BBB,0.2,0.015,0.3,0.15
ACC_000187,Retail_Mortgage,2026-09-16,Large_D-SIB,KZN,451829504.8112809,127228037.00912783,630960858.124095,0.7160975185602033,17,178,5,False,False,False,3,BB,0.2,0.015,0.3,0.15
ACC_000188,Retail_Mortgage,2026-09-16,Large_D-SIB,Western Cape,385504403.23362964,61638531.614851244,425212385.78545004,0.9066161196634195,10,119,0,False,False,False,1,A,0.2,0.015,0.3,0.15
ACC_000189,Retail_Mortgage,2026-09-16,Large_D-SIB,Western Cape,224234339.92048663,49856805.17128451,262477635.5180258,0.8542988414153373,11,21,0,False,False,False,4,BBB,0.2,0.015,0.3,0.15
ACC_000190,Retail_Mortgage,2026-09-16,Large_D-SIB,Gauteng,295191384.2025406,75160000.55556697,457529655.5726609,0.6451852477913551,10,105,0,False,False,False,3,BBB,0.2,0.015,0.3,0.15
ACC_000191,Retail_Mortgage,2026-09-16,Large_D-SIB,Limpopo,467950991.6414183,39749495.30448413,632489334.4372493,0.7398559409033715,23,228,0,False,False,False,2,BB,0.2,0.015,0.3,0.15
ACC_000192,Retail_Mortgage,2026-09-16,Large_D-SIB,Gauteng,247380062.1331072,49805626.288546845,278210906.1870507,0.8891817561126993,13,228,0,False,False,False,2,A,0.2,0.015,0.3,0.15
ACC_000193,Retail_Mortgage,2026-09-16,Large_D-SIB,KZN,522986803.5202776,154628668.08111808,630949756.5115544,0.8288881929550287,22,229,0,False,False,False,3,BB,0.2,0.015,0.3,0.15
ACC_000194,Retail_Mortgage,2026-09-16,Large_D-SIB,Gauteng,53494134.281329654,3443366.569825641,68948088.9803487,0.7758610147494636,13,39,0,False,False,False,5,BB,0.2,0.015,0.3,0.15
ACC_000195,Retail_Mortgage,2026-09-16,Large_D-SIB,KZN,233080554.06867334,65510575.46132248,300067752.37855494,0.7767597558255014,7,146,0,False,False,False,3,BB,0.2,0.015,0.3,0.15
ACC_000196,Retail_Mortgage,2026-09-16,Large_D-SIB,Eastern Cape,141383716.36362532,28854591.92438369,176817154.55230507,0.7996040696481289,15,157,0,False,False,False,1,B,0.2,0.015,0.3,0.15
ACC_000197,Retail_Mortgage,2026-09-16,Large_D-SIB,KZN,456603657.8084645,77139266.22035673,533399253.7187252,0.8560260529521533,14,124,0,False,False,False,4,BB,0.2,0.015,0.3,0.15
ACC_000198,Retail_Mortgage,2026-09-16,Large_D-SIB,KZN,141238453.56774834,17152795.975111656,177760609.75121626,0.7945430304577472,12,185,0,False,False,False,2,BBB,0.2,0.015,0.3,0.15
ACC_000199,Retail_Mortgage,2026-09-16,Large_D-SIB,Eastern Cape,2321069652.413593,542879979.9912012,2637740503.784909,0.8799461694897875,14,95,0,False,False,False,2,B,0.2,0.015,0.3,0.15
ACC_000200,Retail_Mortgage,2026-09-16,Large_D-SIB,Gauteng,134434426.21661797,21124695.284840442,172570906.4540421,0.7790097935912483,7,61,0,False,False,False,3,BBB,0.2,0.015,0.3,0.15
ACC_000201,Retail_Mortgage,2026-09-16,Large_D-SIB,Free State,134046766.44948828,37721394.786596745,209065349.21287546,0.6411716095190819,14,105,0,False,False,False,4,BB,0.2,0.015,0.3,0.15
ACC_000202,Retail_Mortgage,2026-09-16,Large_D-SIB,Western Cape,1740426024.0466135,323249880.07803476,1938431977.6587613,0.8978525138388919,22,201,0,False,False,False,3,BBB,0.2,0.015,0.3,0.15
ACC_000203,Retail_Mortgage,2026-09-16,Large_D-SIB,Limpopo,519134799.35472935,96692135.2964077,799280066.666224,0.6495029977665111,13,100,30,False,False,False,2,B,0.2,0.015,0.3,0.15
ACC_000204,Retail_Mortgage,2026-09-16,Large_D-SIB,Gauteng,557675951.3451847,37632325.75178796,767293463.4366504,0.7268092039353438,26,199,0,False,False,False,1,BBB,0.2,0.015,0.3,0.15
ACC_000205,Retail_Mortgage,2026-09-16,Large_D-SIB,KZN,61572141.143452555,5950803.561685926,69288748.74055976,0.8886311596417946,29,127,60,False,False,False,2,BBB,0.2,0.015,0.3,0.15
ACC_000206,Retail_Mortgage,2026-09-16,Large_D-SIB,Western Cape,778539526.1960537,210999675.6886997,1059353330.3222938,0.7349196003935663,24,89,0,False,False,False,4,AA,0.2,0.015,0.3,0.15
ACC_000207,Retail_Mortgage,2026-09-16,Large_D-SIB,KZN,249716082.40929067,65131766.738911495,390938132.93771636,0.6387611270683462,9,12,120,False,False,True,1,BB,0.2,0.015,0.3,0.15
ACC_000208,Retail_Mortgage,2026-09-16,Large_D-SIB,Gauteng,1445478357.300044,206350481.0932719,2134467394.2464783,0.6772079822799706,20,105,0,False,False,False,5,BB,0.2,0.015,0.3,0.15
ACC_000209,Retail_Mortgage,2026-09-16,Large_D-SIB,Gauteng,149689471.95590433,24863733.73014552,216982566.88076693,0.6898686567670641,18,146,0,False,False,False,2,CCC,0.2,0.015,0.3,0.15
ACC_000210,Retail_Mortgage,2026-09-16,Large_D-SIB,KZN,419046208.49710864,40817244.38713425,539435025.0261474,0.7768242495503452,29,114,0,False,False,False,2,BBB,0.2,0.015,0.3,0.15
ACC_000211,Retail_Mortgage,2026-09-16,Large_D-SIB,KZN,191957760.98549506,13637791.740042476,224587490.92099538,0.8547126119905819,13,12,60,False,False,False,3,A,0.2,0.015,0.3,0.15
ACC_000212,Retail_Mortgage,2026-09-16,Large_D-SIB,Gauteng,285241036.08564836,51856358.38501136,437927914.921523,0.6513424387133754,29,158,5,False,False,False,4,B,0.2,0.015,0.3,0.15
ACC_000213,Retail_Mortgage,2026-09-16,Large_D-SIB,KZN,245195952.87598398,23202027.88220883,369358167.3220981,0.663843322197777,15,59,0,False,False,False,3,A,0.2,0.015,0.3,0.15
ACC_000214,Retail_Mortgage,2026-09-16,Large_D-SIB,Western Cape,341676139.5458796,52544157.851600185,521360171.1412123,0.6553552773277255,21,43,0,False,False,False,2,B,0.2,0.015,0.3,0.15
ACC_000215,Retail_Mortgage,2026-09-16,Large_D-SIB,KZN,138901356.60445318,20691709.232649874,221137869.63971812,0.6281210759186286,25,123,0,False,False,False,2,BB,0.2,0.015,0.3,0.15
ACC_000216,Retail_Mortgage,2026-09-16,Large_D-SIB,KZN,547435429.0549681,76598022.86465962,670931673.507702,0.8159332025464197,20,42,0,False,False,False,3,A,0.2,0.015,0.3,0.15
ACC_000217,Retail_Mortgage,2026-09-16,Large_D-SIB,Western Cape,93439833.9880751,19734492.20944136,140425438.48138058,0.6654053211339238,6,129,0,False,False,False,5,A,0.2,0.015,0.3,0.15
ACC_000218,Retail_Mortgage,2026-09-16,Large_D-SIB,KZN,684525214.2199339,189324973.53197646,925438580.0789741,0.7396765479147396,8,226,0,False,False,False,1,A,0.2,0.015,0.3,0.15
ACC_000219,Retail_Mortgage,2026-09-16,Large_D-SIB,KZN,148511288.76401082,9195946.122394336,176788161.15168157,0.8400522285912029,16,56,0,False,False,False,4,BBB,0.2,0.015,0.3,0.15
ACC_000220,Retail_Mortgage,2026-09-16,Large_D-SIB,KZN,148105130.25256792,27872185.705942083,164575323.75533447,0.8999230678880393,24,68,0,False,False,False,3,BBB,0.2,0.015,0.3,0.15
ACC_000221,Retail_Mortgage,2026-09-16,Large_D-SIB,Mpumalanga,394091194.2476149,36439103.67028171,594402703.6252009,0.663003704128688,21,239,0,False,False,False,3,AA,0.2,0.015,0.3,0.15
ACC_000222,Retail_Mortgage,2026-09-16,Large_D-SIB,Gauteng,173419196.54974455,30448838.769818686,230227481.32004002,0.7532515039274305,25,47,0,False,False,False,3,B,0.2,0.015,0.3,0.15
ACC_000223,Retail_Mortgage,2026-09-16,Large_D-SIB,Gauteng,117281150.25468993,20621501.039676737,135051131.58569482,0.868420344780827,10,119,0,False,False,False,2,B,0.2,0.015,0.3,0.15
ACC_000224,Retail_Mortgage,2026-09-16,Large_D-SIB,Gauteng,961044337.2684408,187734302.97259218,1329033517.409938,0.7231151996387224,14,110,120,True,True,True,1,BB,0.2,0.015,0.3,0.15
ACC_000225,Retail_Mortgage,2026-09-16,Large_D-SIB,Free State,497587904.5875505,113073329.57242857,755179365.9300418,0.6589002918197396,27,130,0,False,False,False,4,BBB,0.2,0.015,0.3,0.15
ACC_000226,Retail_Mortgage,2026-09-16,Large_D-SIB,Western Cape,359050484.83949304,67114878.4940592,423384110.67777526,0.8480490310907189,23,19,0,False,False,False,3,BBB,0.2,0.015,0.3,0.15
ACC_000227,Retail_Mortgage,2026-09-16,Large_D-SIB,KZN,105954143.86777703,23615296.83463684,130590444.86630605,0.8113468330416456,24,36,0,False,False,False,5,A,0.2,0.015,0.3,0.15
ACC_000228,Retail_Mortgage,2026-09-16,Large_D-SIB,Western Cape,226097041.1320661,19958404.924283147,326613738.02443576,0.6922459615435728,5,126,0,False,False,False,4,A,0.2,0.015,0.3,0.15
ACC_000229,Retail_Mortgage,2026-09-16,Large_D-SIB,Gauteng,178579291.26154596,51678856.470944434,215375722.2878863,0.8291523731855179,8,80,0,False,False,False,2,B,0.2,0.015,0.3,0.15
ACC_000230,Retail_Mortgage,2026-09-16,Large_D-SIB,Western Cape,261316497.8025148,25420428.706294425,355333483.13278806,0.735411972715391,30,240,0,False,False,False,1,BBB,0.2,0.015,0.3,0.15
ACC_000231,Retail_Mortgage,2026-09-16,Large_D-SIB,Eastern Cape,282044154.50334334,56951145.1239676,367441262.9767522,0.7675897699088523,21,201,0,False,False,False,3,CCC,0.2,0.015,0.3,0.15
ACC_000232,Retail_Mortgage,2026-09-16,Large_D-SIB,Free State,471860131.0373024,133986378.96119225,603685460.3070568,0.7816324262593584,20,9,0,False,False,False,4,A,0.2,0.015,0.3,0.15
ACC_000233,Retail_Mortgage,2026-09-16,Large_D-SIB,Free State,212740204.3460219,10675068.9310418,245500926.58930892,0.8665556065371132,9,56,5,False,False,False,5,A,0.2,0.015,0.3,0.15
ACC_000234,Retail_Mortgage,2026-09-16,Large_D-SIB,North West,492253618.0014155,140678581.12186798,786641189.0267993,0.6257663911680137,14,83,0,False,False,False,4,A,0.2,0.015,0.3,0.15
ACC_000235,Retail_Mortgage,2026-09-16,Large_D-SIB,Gauteng,995344846.3279306,68449066.6927474,1478233202.233196,0.6733341159055577,16,169,0,False,False,False,3,BBB,0.2,0.015,0.3,0.15
ACC_000236,Retail_Mortgage,2026-09-16,Large_D-SIB,KZN,738624823.912891,39849554.34093688,1017961055.7135319,0.7255924180666791,21,12,30,False,False,False,3,CCC,0.2,0.015,0.3,0.15
ACC_000237,Retail_Mortgage,2026-09-16,Large_D-SIB,KZN,83013563.58943051,21090583.84004704,92748407.97823362,0.8950403074186707,11,136,0,False,False,False,4,BB,0.2,0.015,0.3,0.15
ACC_000238,Retail_Mortgage,2026-09-16,Large_D-SIB,Limpopo,113120957.03616716,13027919.730628276,168006593.43515852,0.6733126047212292,10,115,0,False,False,False,2,BBB,0.2,0.015,0.3,0.15
ACC_000239,Retail_Mortgage,2026-09-16,Large_D-SIB,Limpopo,348132460.56654674,25077140.572203334,522110028.5566412,0.6667798768948172,22,124,0,False,False,False,1,AA,0.2,0.015,0.3,0.15
ACC_000240,Retail_Mortgage,2026-09-16,Large_D-SIB,Gauteng,211649559.39403853,18602055.86429129,326481916.31199646,0.648273453503561,25,151,0,False,False,False,5,BB,0.2,0.015,0.3,0.15
ACC_000241,Retail_Mortgage,2026-09-16,Large_D-SIB,Limpopo,67093247.9005632,13589693.114817617,80553696.81528358,0.8329009164460034,15,83,0,False,False,False,4,BBB,0.2,0.015,0.3,0.15
ACC_000242,Retail_Mortgage,2026-09-16,Large_D-SIB,Gauteng,270724311.9468879,41221466.943905056,389146166.9314728,0.6956879829541311,28,189,0,False,False,False,2,A,0.2,0.015,0.3,0.15
ACC_000243,Retail_Mortgage,2026-09-16,Large_D-SIB,Free State,291925583.3465717,23578075.444640595,413237638.11704504,0.7064351269568697,6,37,0,False,False,False,5,BB,0.2,0.015,0.3,0.15
ACC_000244,Retail_Mortgage,2026-09-16,Large_D-SIB,Free State,193026380.47107866,35870314.343294136,253971169.3710577,0.7600326483871983,9,41,0,False,False,False,3,BB,0.2,0.015,0.3,0.15
ACC_000245,Retail_Mortgage,2026-09-16,Large_D-SIB,Eastern Cape,542423808.651777,133272618.66034746,865870974.3334131,0.6264487720810361,26,220,0,False,False,False,3,B,0.2,0.015,0.3,0.15
ACC_000246,Retail_Mortgage,2026-09-16,Large_D-SIB,Gauteng,211255297.8572668,62567471.051977515,275467725.28709954,0.7668967304140298,16,207,0,False,False,False,3,BB,0.2,0.015,0.3,0.15
ACC_000247,Retail_Mortgage,2026-09-16,Large_D-SIB,KZN,195867863.84183562,38185522.44256364,299048003.7510347,0.6549713135851619,11,104,90,True,True,False,4,BBB,0.2,0.015,0.3,0.15
ACC_000248,Retail_Mortgage,2026-09-16,Large_D-SIB,Gauteng,34968661.091546424,3541318.4328229316,50404048.37200573,0.693766913987963,23,155,0,False,False,False,1,BB,0.2,0.015,0.3,0.15
ACC_000249,Retail_Mortgage,2026-09-16,Large_D-SIB,KZN,179042763.98602402,18577441.933401667,240089447.1250331,0.7457335844202375,26,103,0,False,False,False,2,BB,0.2,0.015,0.3,0.15
ACC_000250,Retail_Mortgage,2026-09-16,Large_D-SIB,KZN,170608308.94435936,16659585.691837732,225592793.59891343,0.7562666618140638,7,172,0,False,False,False,3,BBB,0.2,0.015,0.3,0.15
ACC_000251,Retail_Mortgage,2026-09-16,Large_D-SIB,Western Cape,115631193.09066781,19525638.084410656,176278822.46961322,0.6559562372309369,6,96,0,False,False,False,2,BBB,0.2,0.015,0.3,0.15
ACC_000252,Retail_Mortgage,2026-09-16,Large_D-SIB,Gauteng,522236371.56214136,102305745.75212125,766149213.1864483,0.6816379401998435,21,227,0,False,False,False,3,BB,0.2,0.015,0.3,0.15
ACC_000253,Retail_Mortgage,2026-09-16,Large_D-SIB,Western Cape,276657488.2296377,54706638.82389377,380673486.0718722,0.7267579654271062,22,175,0,False,False,False,2,A,0.2,0.015,0.3,0.15
ACC_000254,Retail_Mortgage,2026-09-16,Large_D-SIB,KZN,1586772599.0940268,158370477.30122918,2136061219.2528973,0.7428497763978,27,78,0,False,False,False,2,BBB,0.2,0.015,0.3,0.15
ACC_000255,Retail_Mortgage,2026-09-16,Large_D-SIB,North West,232871028.727621,53528703.13891523,269515637.9531284,0.8640353134838125,10,92,90,True,False,False,2,BB,0.2,0.015,0.3,0.15
ACC_000256,Retail_Mortgage,2026-09-16,Large_D-SIB,KZN,221614608.16321826,29681858.94608384,311966845.17097116,0.7103787200263668,9,22,0,False,False,False,5,BB,0.2,0.015,0.3,0.15
ACC_000257,Retail_Mortgage,2026-09-16,Large_D-SIB,Free State,160640515.29073265,43205843.426910594,227732873.81946158,0.7053901028715014,24,67,0,False,False,False,2,BBB,0.2,0.015,0.3,0.15
ACC_000258,Retail_Mortgage,2026-09-16,Large_D-SIB,KZN,511194909.34244245,31113093.345270038,661557487.0723178,0.7727142679689172,15,136,0,False,False,False,5,BBB,0.2,0.015,0.3,0.15
ACC_000259,Retail_Mortgage,2026-09-16,Large_D-SIB,KZN,114496441.68013957,6365650.05932256,167605445.5696681,0.6831307973973145,29,140,5,False,False,False,2,BB,0.2,0.015,0.3,0.15
ACC_000260,Retail_Mortgage,2026-09-16,Large_D-SIB,KZN,218738384.59158045,39252138.41196208,255837631.04961407,0.8549890948183497,30,133,0,False,False,False,3,BBB,0.2,0.015,0.3,0.15
ACC_000261,Retail_Mortgage,2026-09-16,Large_D-SIB,Eastern Cape,133479920.99999845,36015106.29411747,209843443.74121362,0.6360928824853381,16,143,0,False,False,False,4,A,0.2,0.015,0.3,0.15
ACC_000262,Retail_Mortgage,2026-09-16,Large_D-SIB,KZN,943453425.1811217,74860816.91179855,1225179271.4442022,0.7700533686543758,17,231,0,False,False,False,4,AAA,0.2,0.015,0.3,0.15
ACC_000263,Retail_Mortgage,2026-09-16,Large_D-SIB,KZN,438839394.1854577,38681202.49050276,591258934.380523,0.7422118612807787,25,240,90,False,False,False,1,B,0.2,0.015,0.3,0.15
ACC_000264,Retail_Mortgage,2026-09-16,Large_D-SIB,KZN,832457819.4961016,144905489.28403783,958886591.0639333,0.8681504437062234,26,92,0,False,False,False,2,CCC,0.2,0.015,0.3,0.15
ACC_000265,Retail_Mortgage,2026-09-16,Large_D-SIB,Eastern Cape,693325468.947825,179876668.40606436,993778358.5930645,0.6976660972265447,22,9,90,False,False,False,3,AA,0.2,0.015,0.3,0.15
ACC_000266,Retail_Mortgage,2026-09-16,Large_D-SIB,Eastern Cape,395236806.49293417,33007404.885558464,588536984.4881332,0.6715581465737153,23,28,0,False,False,False,4,B,0.2,0.015,0.3,0.15
ACC_000267,Retail_Mortgage,2026-09-16,Large_D-SIB,Gauteng,204267562.1031204,11070169.985834057,272842276.1332404,0.748665364466348,18,29,0,False,False,False,4,BBB,0.2,0.015,0.3,0.15
ACC_000268,Retail_Mortgage,2026-09-16,Large_D-SIB,Gauteng,112150988.51867406,6464007.463887928,177944125.2159428,0.6302595737992139,21,149,0,False,False,False,2,BB,0.2,0.015,0.3,0.15
ACC_000269,Retail_Mortgage,2026-09-16,Large_D-SIB,Gauteng,184890904.02310142,44272945.38495254,267768990.07972762,0.690486616721565,29,34,90,False,True,False,1,BBB,0.2,0.015,0.3,0.15
ACC_000270,Retail_Mortgage,2026-09-16,Large_D-SIB,Western Cape,90712840.19372319,16281888.766934602,112312236.54616904,0.8076843893713502,5,224,30,False,False,False,2,AA,0.2,0.015,0.3,0.15
ACC_000271,Retail_Mortgage,2026-09-16,Large_D-SIB,Free State,140764663.23665363,27418639.770191986,198501871.19930413,0.7091351954829688,14,21,0,False,False,False,3,BBB,0.2,0.015,0.3,0.15
ACC_000272,Retail_Mortgage,2026-09-16,Large_D-SIB,Western Cape,199231954.4821828,43836300.265591174,245088863.69927216,0.8128968059790898,16,57,0,False,False,False,3,A,0.2,0.015,0.3,0.15
ACC_000273,Retail_Mortgage,2026-09-16,Large_D-SIB,Limpopo,290088619.90439135,70747109.67821853,365883384.915751,0.79284447412442,10,96,90,True,False,False,1,AA,0.2,0.015,0.3,0.15
ACC_000274,Retail_Mortgage,2026-09-16,Large_D-SIB,Gauteng,77330729.81010874,19573005.703420468,97623924.58655989,0.7921288776046096,20,96,0,False,False,False,3,CCC,0.2,0.015,0.3,0.15
ACC_000275,Retail_Mortgage,2026-09-16,Large_D-SIB,KZN,233837926.0182509,60064748.70107457,279642563.40098876,0.8362029126551201,26,144,0,False,False,False,2,A,0.2,0.015,0.3,0.15
ACC_000276,Retail_Mortgage,2026-09-16,Large_D-SIB,KZN,197767890.0162804,29969680.917967808,299922170.11114246,0.6593973694675301,24,109,90,False,True,False,3,A,0.2,0.015,0.3,0.15
ACC_000277,Retail_Mortgage,2026-09-16,Large_D-SIB,Free State,417699113.2099379,124933345.8632239,577899242.8207603,0.7227888224444177,17,8,5,False,False,False,3,AAA,0.2,0.015,0.3,0.15
ACC_000278,Retail_Mortgage,2026-09-16,Large_D-SIB,Eastern Cape,270538797.7781728,50054605.56398493,351601720.85078174,0.7694467396904132,19,230,0,False,False,False,2,BBB,0.2,0.015,0.3,0.15
ACC_000279,Retail_Mortgage,2026-09-16,Large_D-SIB,Gauteng,325063422.915096,87471269.72831309,481158755.4102044,0.6755845534556848,20,102,0,False,False,False,4,A,0.2,0.015,0.3,0.15
ACC_000280,Retail_Mortgage,2026-09-16,Large_D-SIB,Limpopo,739145330.9613723,159369683.5587671,1072177199.7171226,0.6893872870607437,6,39,0,False,False,False,3,BBB,0.2,0.015,0.3,0.15
ACC_000281,Retail_Mortgage,2026-09-16,Large_D-SIB,KZN,517622860.3078524,82270840.87767905,811095122.1492316,0.6381777502696115,6,60,30,False,False,False,4,A,0.2,0.015,0.3,0.15
ACC_000282,Retail_Mortgage,2026-09-16,Large_D-SIB,Gauteng,223281018.36612263,36663138.63588992,353744949.3774784,0.6311921025559611,23,73,5,False,False,False,4,A,0.2,0.015,0.3,0.15
ACC_000283,Retail_Mortgage,2026-09-16,Large_D-SIB,Gauteng,418173398.4978764,120168753.54131413,628104039.8536747,0.6657709104932609,21,40,0,False,False,False,5,BBB,0.2,0.015,0.3,0.15
ACC_000284,Retail_Mortgage,2026-09-16,Large_D-SIB,KZN,158852488.72763747,24753717.153814033,244043606.8020047,0.6509184600624112,28,36,15,False,False,False,2,BB,0.2,0.015,0.3,0.15
ACC_000285,Retail_Mortgage,2026-09-16,Large_D-SIB,Gauteng,354761994.90885955,87946161.3982509,394588186.78035855,0.8990689706236248,28,82,5,False,False,False,3,B,0.2,0.015,0.3,0.15
ACC_000286,Retail_Mortgage,2026-09-16,Large_D-SIB,Eastern Cape,129209398.54556417,18648214.57913065,172711560.09085533,0.7481224677583438,19,138,0,False,False,False,2,BBB,0.2,0.015,0.3,0.15
ACC_000287,Retail_Mortgage,2026-09-16,Large_D-SIB,KZN,177520511.39186475,42740334.0192045,252606555.75921437,0.7027549655563098,22,201,0,False,False,False,3,A,0.2,0.015,0.3,0.15
ACC_000288,Retail_Mortgage,2026-09-16,Large_D-SIB,KZN,93530839.58118547,18203206.557958264,134168752.83080336,0.6971134307191088,9,69,60,False,False,False,3,BBB,0.2,0.015,0.3,0.15
ACC_000289,Retail_Mortgage,2026-09-16,Large_D-SIB,Gauteng,92214159.11496331,15752600.826655941,125169383.18438178,0.7367149758909213,6,214,0,False,False,False,2,B,0.2,0.015,0.3,0.15
ACC_000290,Retail_Mortgage,2026-09-16,Large_D-SIB,North West,417857691.2395292,90183128.15141499,530909681.1843582,0.7870598447317224,19,131,0,False,False,False,2,CCC,0.2,0.015,0.3,0.15
ACC_000291,Retail_Mortgage,2026-09-16,Large_D-SIB,KZN,276656019.98841393,26907932.641151078,367101376.4136879,0.7536229438612871,25,222,0,False,False,False,4,AAA,0.2,0.015,0.3,0.15
ACC_000292,Retail_Mortgage,2026-09-16,Large_D-SIB,Limpopo,169610022.50494394,12276265.363643201,217174303.95931676,0.7809856848290715,19,93,0,False,False,False,3,A,0.2,0.015,0.3,0.15
ACC_000293,Retail_Mortgage,2026-09-16,Large_D-SIB,KZN,420339587.45032793,24154877.001634456,520499149.57424456,0.8075701714290126,30,1,0,False,False,False,3,CCC,0.2,0.015,0.3,0.15
ACC_000294,Retail_Mortgage,2026-09-16,Large_D-SIB,Gauteng,456781206.6017878,73503293.94345242,707356668.909536,0.6457579700294105,8,131,0,False,False,False,4,BBB,0.2,0.015,0.3,0.15
ACC_000295,Retail_Mortgage,2026-09-16,Large_D-SIB,Western Cape,153448227.75044054,32729586.889976047,215931735.42077306,0.7106330500768,8,41,0,False,False,False,4,BBB,0.2,0.015,0.3,0.15
ACC_000296,Retail_Mortgage,2026-09-16,Large_D-SIB,Gauteng,116618749.04822867,33187555.401368283,183328062.0712155,0.6361205574895948,27,54,0,False,False,False,3,BBB,0.2,0.015,0.3,0.15
ACC_000297,Retail_Mortgage,2026-09-16,Large_D-SIB,Eastern Cape,954964587.6953104,60188207.77097552,1133220011.6864343,0.8427000739901797,10,126,0,False,False,False,3,A,0.2,0.015,0.3,0.15
ACC_000298,Retail_Mortgage,2026-09-16,Large_D-SIB,KZN,344249146.18253285,18270829.063235827,547814777.4959626,0.6284042715241831,12,71,0,False,False,False,2,BBB,0.2,0.015,0.3,0.15
ACC_000299,Retail_Mortgage,2026-09-16,Large_D-SIB,Western Cape,854372039.4532204,89749763.50006923,1187762148.557115,0.7193123981018468,16,206,0,False,False,False,3,A,0.2,0.015,0.3,0.15
ACC_000300,Retail_Mortgage,2026-09-16,Large_D-SIB,Gauteng,570174730.0485454,52223038.74981871,718860596.3971072,0.7931645341339226,17,25,60,True,False,False,3,BBB,0.2,0.015,0.3,0.15
ACC_000301,Retail_Mortgage,2026-09-16,Large_D-SIB,Northern Cape,874305630.9672593,73371110.48207182,1243766043.556111,0.7029502336850185,19,101,0,False,False,False,2,B,0.2,0.015,0.3,0.15
ACC_000302,Retail_Mortgage,2026-09-16,Large_D-SIB,Western Cape,831632688.5369707,202307350.5143495,976406127.3943275,0.8517282565158574,16,130,0,False,False,False,3,BB,0.2,0.015,0.3,0.15
ACC_000303,Retail_Mortgage,2026-09-16,Large_D-SIB,Western Cape,277776803.67086035,82756439.73836303,393753120.7504034,0.705459306942079,23,46,5,False,False,False,5,A,0.2,0.015,0.3,0.15
ACC_000304,Retail_Mortgage,2026-09-16,Large_D-SIB,North West,338999398.809326,56731817.943275765,494016975.20067984,0.6862100207621762,16,51,90,True,False,False,2,BBB,0.2,0.015,0.3,0.15
ACC_000305,Retail_Mortgage,2026-09-16,Large_D-SIB,Mpumalanga,510370020.0601665,59100884.195090786,714908878.8780172,0.7138952041848251,11,240,0,False,False,False,3,A,0.2,0.015,0.3,0.15
ACC_000306,Retail_Mortgage,2026-09-16,Large_D-SIB,Northern Cape,179098743.48855734,20828800.19961301,267036679.848864,0.67068967300643,8,109,0,False,False,False,2,AA,0.2,0.015,0.3,0.15
ACC_000307,Retail_Mortgage,2026-09-16,Large_D-SIB,Eastern Cape,150859970.74954078,40453497.90769366,195322105.40070313,0.7723650655928149,19,49,0,False,False,False,5,A,0.2,0.015,0.3,0.15
ACC_000308,Retail_Mortgage,2026-09-16,Large_D-SIB,Gauteng,736383272.4634031,60734636.18153354,935966060.530155,0.7867627935635796,25,212,0,False,False,False,4,BB,0.2,0.015,0.3,0.15
ACC_000309,Retail_Mortgage,2026-09-16,Large_D-SIB,Gauteng,155251989.5064608,26086923.02866687,178515885.32296026,0.8696816489221011,9,111,5,False,False,False,2,BBB,0.2,0.015,0.3,0.15
ACC_000310,Retail_Mortgage,2026-09-16,Large_D-SIB,Gauteng,1322125392.6670713,211825407.7006767,1720462262.6835134,0.7684710216223337,8,219,0,False,False,False,2,BBB,0.2,0.015,0.3,0.15
ACC_000311,Retail_Mortgage,2026-09-16,Large_D-SIB,Gauteng,446915164.2665049,92560667.7771145,672447945.6266232,0.664609308680459,15,106,0,False,False,False,1,A,0.2,0.015,0.3,0.15
ACC_000312,Retail_Mortgage,2026-09-16,Large_D-SIB,Eastern Cape,205959153.777238,35757030.83275595,247133870.66573915,0.8333910411487384,25,125,0,False,False,False,1,BB,0.2,0.015,0.3,0.15
ACC_000313,Retail_Mortgage,2026-09-16,Large_D-SIB,Limpopo,762713555.7186036,107601954.69772902,907464615.1002176,0.8404884807925782,10,109,0,False,False,False,3,BB,0.2,0.015,0.3,0.15
ACC_000314,Retail_Mortgage,2026-09-16,Large_D-SIB,Gauteng,391858250.41346663,77136991.8846919,611762908.3781059,0.6405394067652022,24,179,0,False,False,False,1,AA,0.2,0.015,0.3,0.15
ACC_000315,Retail_Mortgage,2026-09-16,Large_D-SIB,KZN,247899734.82088313,68962634.59150961,287247292.26416934,0.8630185261864891,25,231,0,False,False,False,3,BB,0.2,0.015,0.3,0.15
ACC_000316,Retail_Mortgage,2026-09-16,Large_D-SIB,Gauteng,312765550.2194341,55678694.088112,473623777.45428133,0.6603670784869435,22,66,0,False,False,False,2,BBB,0.2,0.015,0.3,0.15
ACC_000317,Retail_Mortgage,2026-09-16,Large_D-SIB,Western Cape,201330248.67570066,18600596.29248714,248914615.78126732,0.8088325711360348,17,53,0,False,False,False,2,BBB,0.2,0.015,0.3,0.15
ACC_000318,Retail_Mortgage,2026-09-16,Large_D-SIB,Free State,243706994.00470403,53998135.574831925,365668617.618588,0.6664695362479903,10,181,0,False,False,False,1,AAA,0.2,0.015,0.3,0.15
ACC_000319,Retail_Mortgage,2026-09-16,Large_D-SIB,Western Cape,351329174.4013233,82941656.7322465,537560462.8066428,0.6535621547890778,13,165,0,False,False,False,2,CCC,0.2,0.015,0.3,0.15
ACC_000320,Retail_Mortgage,2026-09-16,Large_D-SIB,KZN,226644054.46894968,36011980.06500817,266165651.3090638,0.8515150371742641,24,123,0,False,False,False,3,B,0.2,0.015,0.3,0.15
ACC_000321,Retail_Mortgage,2026-09-16,Large_D-SIB,Eastern Cape,345139914.2050323,89674477.12906706,447122241.22394776,0.7719139921562611,11,59,0,False,False,False,2,A,0.2,0.015,0.3,0.15
ACC_000322,Retail_Mortgage,2026-09-16,Large_D-SIB,Eastern Cape,169640567.14262328,11210270.135339744,224534865.44700533,0.7555199358678744,30,100,0,False,False,False,1,BBB,0.2,0.015,0.3,0.15
ACC_000323,Retail_Mortgage,2026-09-16,Large_D-SIB,Limpopo,152843018.26287305,34390089.46653393,211500072.25992757,0.7226617779829093,26,8,0,False,False,False,5,A,0.2,0.015,0.3,0.15
ACC_000324,Retail_Mortgage,2026-09-16,Large_D-SIB,Limpopo,339158346.0215398,30130623.68832352,489277599.09192234,0.6931818392074413,28,68,0,False,False,False,2,AAA,0.2,0.015,0.3,0.15
ACC_000325,Retail_Mortgage,2026-09-16,Large_D-SIB,KZN,185663111.4664799,47476402.486440815,245622362.55808684,0.7558884685126043,30,98,0,False,False,False,2,BBB,0.2,0.015,0.3,0.15
ACC_000326,Retail_Mortgage,2026-09-16,Large_D-SIB,KZN,243860724.4330932,56970429.583028905,372521259.0655299,0.6546223027507696,19,210,0,False,False,False,1,BBB,0.2,0.015,0.3,0.15
ACC_000327,Retail_Mortgage,2026-09-16,Large_D-SIB,Gauteng,1292653102.2921176,352764157.26017505,2034094004.104587,0.6354932956312147,5,147,0,False,False,False,3,BBB,0.2,0.015,0.3,0.15
ACC_000328,Retail_Mortgage,2026-09-16,Large_D-SIB,Gauteng,254462448.9329719,23222539.87917671,299400533.1705043,0.8499064655574918,13,183,0,False,False,False,5,BB,0.2,0.015,0.3,0.15
ACC_000329,Retail_Mortgage,2026-09-16,Large_D-SIB,Western Cape,223294218.97600898,46087042.08838598,263232161.0830251,0.8482786375999875,24,13,0,False,False,False,2,BB,0.2,0.015,0.3,0.15
ACC_000330,Retail_Mortgage,2026-09-16,Large_D-SIB,Mpumalanga,98201349.32538918,11805707.423742145,151321772.82861108,0.6489571691485088,22,135,90,False,False,False,4,BB,0.2,0.015,0.3,0.15
ACC_000331,Retail_Mortgage,2026-09-16,Large_D-SIB,Gauteng,306933533.07554585,31359201.24976334,472092979.9167475,0.6501548341804889,7,211,0,False,False,False,3,A,0.2,0.015,0.3,0.15
ACC_000332,Retail_Mortgage,2026-09-16,Large_D-SIB,Gauteng,483287685.82999957,55453351.31813783,663140510.2926265,0.7287862501670082,11,26,0,False,False,False,3,BB,0.2,0.015,0.3,0.15
ACC_000333,Retail_Mortgage,2026-09-16,Large_D-SIB,Gauteng,227411637.6275163,14964381.098176828,363351950.4224608,0.6258715203347887,6,211,0,False,False,False,3,BBB,0.2,0.015,0.3,0.15
ACC_000334,Retail_Mortgage,2026-09-16,Large_D-SIB,KZN,274217404.53893393,56754153.00034184,431410440.62627983,0.6356299679276461,25,222,0,False,False,False,1,A,0.2,0.015,0.3,0.15
ACC_000335,Retail_Mortgage,2026-09-16,Large_D-SIB,Limpopo,311611427.48536855,43236985.83020509,458820603.457934,0.6791574422266283,26,166,0,False,False,False,4,BBB,0.2,0.015,0.3,0.15
ACC_000336,Retail_Mortgage,2026-09-16,Large_D-SIB,North West,354043573.7225635,47371196.21263798,395288548.0559116,0.8956585650249747,9,31,60,True,False,False,2,BB,0.2,0.015,0.3,0.15
ACC_000337,Retail_Mortgage,2026-09-16,Large_D-SIB,KZN,155637659.35946277,22728101.860988487,216341627.3142838,0.7194068995948008,16,106,0,False,False,False,2,A,0.2,0.015,0.3,0.15
ACC_000338,Retail_Mortgage,2026-09-16,Large_D-SIB,Western Cape,73371985.3986938,15658676.398949984,101083234.58309121,0.72585711865385,20,99,0,False,False,False,5,BB,0.2,0.015,0.3,0.15
ACC_000339,Retail_Mortgage,2026-09-16,Large_D-SIB,Gauteng,168943330.42586088,47107759.66678922,206468361.36120462,0.8182528757047873,21,235,0,False,False,False,2,A,0.2,0.015,0.3,0.15
ACC_000340,Retail_Mortgage,2026-09-16,Large_D-SIB,Western Cape,270459777.9959738,74077758.42795959,382823877.0410874,0.7064861786741325,26,231,0,False,False,False,5,B,0.2,0.015,0.3,0.15
ACC_000341,Retail_Mortgage,2026-09-16,Large_D-SIB,Gauteng,175155151.85895288,32268466.146120984,220961336.66917792,0.7926959281622838,20,134,0,False,False,False,1,BBB,0.2,0.015,0.3,0.15
ACC_000342,Retail_Mortgage,2026-09-16,Large_D-SIB,Western Cape,91304477.95423913,14291160.815693565,110324675.90866336,0.8275979711903177,13,133,0,False,False,False,3,BBB,0.2,0.015,0.3,0.15
ACC_000343,Retail_Mortgage,2026-09-16,Large_D-SIB,Gauteng,1178463346.3932543,186597617.76028746,1490112363.7892592,0.7908553576432977,7,19,0,False,False,False,3,CCC,0.2,0.015,0.3,0.15
ACC_000344,Retail_Mortgage,2026-09-16,Large_D-SIB,Limpopo,1218858246.9239066,244552324.24736872,1355403913.2000535,0.8992583207512157,17,64,0,False,False,False,3,A,0.2,0.015,0.3,0.15
ACC_000345,Retail_Mortgage,2026-09-16,Large_D-SIB,KZN,284035523.9201502,40899611.380124144,356551525.26476926,0.7966184514544711,7,92,0,False,False,False,3,BB,0.2,0.015,0.3,0.15
ACC_000346,Retail_Mortgage,2026-09-16,Large_D-SIB,Limpopo,1085219188.1319838,269708786.5114804,1259206336.8151958,0.8618279279603508,28,186,5,False,False,False,2,BB,0.2,0.015,0.3,0.15
ACC_000347,Retail_Mortgage,2026-09-16,Large_D-SIB,KZN,244043336.19834983,17417954.69528235,290692108.5355958,0.8395251506060967,21,99,120,True,True,True,3,A,0.2,0.015,0.3,0.15
ACC_000348,Retail_Mortgage,2026-09-16,Large_D-SIB,Mpumalanga,923743510.3641576,152379679.5471453,1265034754.1942017,0.7302119623998481,29,214,0,False,False,False,4,B,0.2,0.015,0.3,0.15
ACC_000349,Retail_Mortgage,2026-09-16,Large_D-SIB,KZN,177679459.08919019,43854494.57906149,224692015.8708037,0.7907689038285837,20,238,0,False,False,False,3,AA,0.2,0.015,0.3,0.15
ACC_000350,Retail_Mortgage,2026-09-16,Large_D-SIB,Gauteng,114986018.5354253,8581050.201359391,168709138.12324107,0.6815636652202484,24,43,0,False,False,False,2,CCC,0.2,0.015,0.3,0.15
ACC_000351,Retail_Mortgage,2026-09-16,Large_D-SIB,Western Cape,579005624.5288752,171681919.1806882,861064533.0610536,0.6724300006534132,14,24,0,False,False,False,3,BB,0.2,0.015,0.3,0.15
ACC_000352,Retail_Mortgage,2026-09-16,Large_D-SIB,Gauteng,185585916.63465813,39384291.11614911,279394038.7573467,0.6642443677756461,28,104,0,False,False,False,3,BB,0.2,0.015,0.3,0.15
ACC_000353,Retail_Mortgage,2026-09-16,Large_D-SIB,Eastern Cape,278258081.0551028,25428504.63219237,419337570.9532882,0.6635658245993398,17,53,0,False,False,False,2,BBB,0.2,0.015,0.3,0.15
ACC_000354,Retail_Mortgage,2026-09-16,Large_D-SIB,KZN,619214698.7791747,111293242.5628887,722747921.3701041,0.8567505771657388,25,151,0,False,False,False,3,BB,0.2,0.015,0.3,0.15
ACC_000355,Retail_Mortgage,2026-09-16,Large_D-SIB,Gauteng,63550504.1658758,17579116.72861349,80753554.77428064,0.7869685036591866,14,48,90,False,False,False,1,B,0.2,0.015,0.3,0.15
ACC_000356,Retail_Mortgage,2026-09-16,Large_D-SIB,Free State,1212802977.8139665,262321914.84603366,1654333332.7885773,0.7331067770783785,27,203,0,False,False,False,3,A,0.2,0.015,0.3,0.15
ACC_000357,Retail_Mortgage,2026-09-16,Large_D-SIB,Gauteng,274801333.5948687,62982872.41810259,362562126.18323797,0.7579427462205052,15,151,0,False,False,False,3,CCC,0.2,0.015,0.3,0.15
ACC_000358,Retail_Mortgage,2026-09-16,Large_D-SIB,KZN,169842441.2574785,10666691.306333343,258332900.47584635,0.6574557129371853,18,1,30,False,False,False,4,BBB,0.2,0.015,0.3,0.15
ACC_000359,Retail_Mortgage,2026-09-16,Large_D-SIB,Gauteng,163448986.94238073,28579010.790706396,240683133.90137434,0.6791044486289507,24,161,0,False,False,False,3,BB,0.2,0.015,0.3,0.15
ACC_000360,Retail_Mortgage,2026-09-16,Large_D-SIB,KZN,221731880.86765212,55757182.48702306,310933479.8607821,0.7131167765109462,21,22,0,False,False,False,2,AA,0.2,0.015,0.3,0.15
ACC_000361,Retail_Mortgage,2026-09-16,Large_D-SIB,Gauteng,189480429.93841752,49457012.32885173,298322765.47230774,0.6351524317576974,10,35,0,False,False,False,5,B,0.2,0.015,0.3,0.15
ACC_000362,Retail_Mortgage,2026-09-16,Large_D-SIB,Western Cape,614345643.1734418,110412584.04115948,913152209.9766276,0.6727746332554636,19,21,0,False,False,False,3,BB,0.2,0.015,0.3,0.15
ACC_000363,Retail_Mortgage,2026-09-16,Large_D-SIB,Western Cape,171873348.30756113,36489994.92643617,265461692.73437852,0.6474506605348062,25,150,0,False,False,False,2,AA,0.2,0.015,0.3,0.15
ACC_000364,Retail_Mortgage,2026-09-16,Large_D-SIB,Gauteng,330797682.1310597,18424259.89539886,458373677.59500587,0.7216768726046582,8,170,0,False,False,False,3,BB,0.2,0.015,0.3,0.15
ACC_000365,Retail_Mortgage,2026-09-16,Large_D-SIB,Limpopo,727652492.5268229,103784620.47594884,824252932.7350568,0.8828024306960099,12,34,0,False,False,False,2,CCC,0.2,0.015,0.3,0.15
ACC_000366,Retail_Mortgage,2026-09-16,Large_D-SIB,Gauteng,100177541.50240637,5616459.580029278,136547841.55399564,0.733644269746972,15,57,0,False,False,False,3,BB,0.2,0.015,0.3,0.15
ACC_000367,Retail_Mortgage,2026-09-16,Large_D-SIB,Western Cape,205453218.0089167,11290434.523694215,272989821.95130366,0.7526039488958155,12,226,0,False,False,False,1,AA,0.2,0.015,0.3,0.15
ACC_000368,Retail_Mortgage,2026-09-16,Large_D-SIB,Limpopo,327409999.94209677,71255531.01016174,473156445.11077434,0.6919698618190528,9,43,0,False,False,False,2,AAA,0.2,0.015,0.3,0.15
ACC_000369,Retail_Mortgage,2026-09-16,Large_D-SIB,Eastern Cape,21466454.980530024,3210907.0366927823,25933403.299424913,0.8277531002267664,5,64,0,False,False,False,2,AA,0.2,0.015,0.3,0.15
ACC_000370,Retail_Mortgage,2026-09-16,Large_D-SIB,Mpumalanga,273123319.735032,78932815.56113356,425481654.5155642,0.641915619243323,25,31,0,False,False,False,5,B,0.2,0.015,0.3,0.15
ACC_000371,Retail_Mortgage,2026-09-16,Large_D-SIB,KZN,150677802.93281567,24658196.81034428,210783764.3214324,0.7148453934195861,15,199,60,True,False,False,3,BB,0.2,0.015,0.3,0.15
ACC_000372,Retail_Mortgage,2026-09-16,Large_D-SIB,Western Cape,249243227.8424016,39224542.84010484,294230211.0494996,0.8471027735505732,28,14,0,False,False,False,3,BBB,0.2,0.015,0.3,0.15
ACC_000373,Retail_Mortgage,2026-09-16,Large_D-SIB,Western Cape,194625980.22083986,39252465.71751802,254552286.19241524,0.7645815448450647,21,153,0,False,False,False,3,AA,0.2,0.015,0.3,0.15
ACC_000374,Retail_Mortgage,2026-09-16,Large_D-SIB,Gauteng,97835213.69405851,28884102.321691107,137762965.55300936,0.7101706420250717,8,94,0,False,False,False,3,AA,0.2,0.015,0.3,0.15
ACC_000375,Retail_Mortgage,2026-09-16,Large_D-SIB,Gauteng,236524347.55342117,42107604.17080368,372864286.0184301,0.6343443349833996,30,10,0,False,False,False,4,B,0.2,0.015,0.3,0.15
ACC_000376,Retail_Mortgage,2026-09-16,Large_D-SIB,Western Cape,410060940.09596026,65590432.49622732,637357832.0475734,0.6433763256326512,28,43,0,False,False,False,2,B,0.2,0.015,0.3,0.15
ACC_000377,Retail_Mortgage,2026-09-16,Large_D-SIB,Western Cape,521297229.96081847,153845586.20791066,818436746.3817257,0.6369426009590253,7,45,5,False,False,False,2,A,0.2,0.015,0.3,0.15
ACC_000378,Retail_Mortgage,2026-09-16,Large_D-SIB,KZN,189946824.2596734,21542365.87069822,300912010.5077582,0.6312370979781019,26,140,0,False,False,False,1,AA,0.2,0.015,0.3,0.15
ACC_000379,Retail_Mortgage,2026-09-16,Large_D-SIB,KZN,353784430.4476267,63270751.034305006,393603862.16049516,0.8988337373157387,9,37,90,True,True,False,3,BB,0.2,0.015,0.3,0.15
ACC_000380,Retail_Mortgage,2026-09-16,Large_D-SIB,Gauteng,206279147.66461927,42125818.11889039,321222875.1664175,0.6421682999934274,15,92,0,False,False,False,2,AA,0.2,0.015,0.3,0.15
ACC_000381,Retail_Mortgage,2026-09-16,Large_D-SIB,KZN,457959720.1760446,109698255.32547611,612492386.9551911,0.7476986325538575,16,17,0,False,False,False,2,BBB,0.2,0.015,0.3,0.15
ACC_000382,Retail_Mortgage,2026-09-16,Large_D-SIB,KZN,185146975.3536416,16566548.680733357,285099232.13065785,0.6494123957120683,14,95,90,True,True,False,4,A,0.2,0.015,0.3,0.15
ACC_000383,Retail_Mortgage,2026-09-16,Large_D-SIB,Eastern Cape,160638173.72698036,41857314.152315475,216286680.49774775,0.7427095064628962,18,12,0,False,False,False,4,BBB,0.2,0.015,0.3,0.15
ACC_000384,Retail_Mortgage,2026-09-16,Large_D-SIB,Gauteng,213255746.31200218,41348971.67336725,281928289.8512976,0.7564184013760499,8,229,0,False,False,False,4,A,0.2,0.015,0.3,0.15
ACC_000385,Retail_Mortgage,2026-09-16,Large_D-SIB,KZN,438929368.10147846,120450634.6045124,618525837.5197012,0.7096378865296759,10,52,0,False,False,False,3,BB,0.2,0.015,0.3,0.15
ACC_000386,Retail_Mortgage,2026-09-16,Large_D-SIB,Gauteng,425669839.1067109,89955613.24217269,609044505.8974638,0.6989141761971249,20,51,0,False,False,False,3,CCC,0.2,0.015,0.3,0.15
ACC_000387,Retail_Mortgage,2026-09-16,Large_D-SIB,KZN,332855612.74708813,48202305.23924162,398793825.7457668,0.8346558829606489,9,95,0,False,False,False,2,BBB,0.2,0.015,0.3,0.15
ACC_000388,Retail_Mortgage,2026-09-16,Large_D-SIB,Western Cape,225454894.35502404,64019536.31622289,271335872.4178905,0.8309070685935543,23,185,0,False,False,False,2,BB,0.2,0.015,0.3,0.15
ACC_000389,Retail_Mortgage,2026-09-16,Large_D-SIB,Mpumalanga,553857853.5115383,110549241.68532144,848619698.1090261,0.6526573148675388,15,26,0,False,False,False,1,BB,0.2,0.015,0.3,0.15
ACC_000390,Retail_Mortgage,2026-09-16,Large_D-SIB,Gauteng,164559747.40078196,12009829.903120164,199902892.28344733,0.8231984316037237,27,107,0,False,False,False,4,BB,0.2,0.015,0.3,0.15
ACC_000391,Retail_Mortgage,2026-09-16,Large_D-SIB,KZN,218411286.39152446,32950157.59480356,267029851.91763836,0.817928350793118,30,157,0,False,False,False,1,A,0.2,0.015,0.3,0.15
ACC_000392,Retail_Mortgage,2026-09-16,Large_D-SIB,Limpopo,422499978.1819385,87227532.6824204,528805936.2393665,0.7989698095799967,15,240,0,False,False,False,2,BBB,0.2,0.015,0.3,0.15
ACC_000393,Retail_Mortgage,2026-09-16,Large_D-SIB,KZN,216837346.56378314,12149626.66632091,287187899.5254913,0.7550365002218218,18,192,0,False,False,False,4,CCC,0.2,0.015,0.3,0.15
ACC_000394,Retail_Mortgage,2026-09-16,Large_D-SIB,KZN,209936708.97703192,31967168.624384344,335404895.1703109,0.6259202295495147,6,181,0,False,False,False,4,BBB,0.2,0.015,0.3,0.15
ACC_000395,Retail_Mortgage,2026-09-16,Large_D-SIB,Gauteng,103920974.13921596,11656808.208766546,118586863.47123279,0.8763278755949682,8,23,15,False,False,False,3,BBB,0.2,0.015,0.3,0.15
ACC_000396,Retail_Mortgage,2026-09-16,Large_D-SIB,KZN,249287105.48905286,72695999.19989884,374474614.3352921,0.665698276855289,10,71,0,False,False,False,4,CCC,0.2,0.015,0.3,0.15
ACC_000397,Retail_Mortgage,2026-09-16,Large_D-SIB,Eastern Cape,909506734.34618,61079076.85429938,1275152534.5283856,0.7132532851707505,6,135,0,False,False,False,2,B,0.2,0.015,0.3,0.15
ACC_000398,Retail_Mortgage,2026-09-16,Large_D-SIB,Western Cape,343199680.7405862,38619537.76851599,501034603.05908424,0.68498199255135,21,189,90,True,True,False,2,CCC,0.2,0.015,0.3,0.15
ACC_000399,Retail_Mortgage,2026-09-16,Large_D-SIB,Gauteng,153986691.62232617,32047185.108488727,223987813.36061206,0.6874779895922878,27,43,0,False,False,False,3,BBB,0.2,0.015,0.3,0.15
ACC_000400,Retail_Mortgage,2026-09-16,Large_D-SIB,Western Cape,386508707.5755956,23013740.39603763,496396189.0094581,0.7786294821216511,21,115,0,False,False,False,4,BB,0.2,0.015,0.3,0.15
ACC_000401,Retail_Mortgage,2026-09-16,Large_D-SIB,Western Cape,239380373.69598716,48745884.311580494,339885792.4857706,0.7042964989659252,5,93,0,False,False,False,3,BB,0.2,0.015,0.3,0.15
ACC_000402,Retail_Mortgage,2026-09-16,Large_D-SIB,KZN,615273303.7853386,87239314.49057224,864775055.8441926,0.7114836391582888,13,129,0,False,False,False,3,AA,0.2,0.015,0.3,0.15
ACC_000403,Retail_Mortgage,2026-09-16,Large_D-SIB,Mpumalanga,148877803.71573403,12288401.743588436,202849375.9896456,0.733932766563371,28,83,0,False,False,False,2,BBB,0.2,0.015,0.3,0.15
ACC_000404,Retail_Mortgage,2026-09-16,Large_D-SIB,Limpopo,547302464.0341697,78000112.99877305,612895347.6470134,0.8929786563649674,9,7,5,False,False,False,3,BBB,0.2,0.015,0.3,0.15
ACC_000405,Retail_Mortgage,2026-09-16,Large_D-SIB,Eastern Cape,218291520.0154497,44046482.007421695,322434692.1675005,0.6770100281332326,29,173,0,False,False,False,2,AA,0.2,0.015,0.3,0.15
ACC_000406,Retail_Mortgage,2026-09-16,Large_D-SIB,Gauteng,108282024.25490372,31052601.654873706,132664126.6115357,0.8162117900340373,27,197,120,False,True,True,4,BBB,0.2,0.015,0.3,0.15
ACC_000407,Retail_Mortgage,2026-09-16,Large_D-SIB,Gauteng,1015992621.3779247,198483178.222823,1576144158.528008,0.6446064060071638,25,61,0,False,False,False,3,BB,0.2,0.015,0.3,0.15
ACC_000408,Retail_Mortgage,2026-09-16,Large_D-SIB,Gauteng,83320268.8242218,8602809.072451863,99982580.14615169,0.8333478562208197,8,62,0,False,False,False,3,BB,0.2,0.015,0.3,0.15
ACC_000409,Retail_Mortgage,2026-09-16,Large_D-SIB,Western Cape,303785447.74116474,47338430.92726834,439407538.9861403,0.6913523797113246,18,187,0,False,False,False,3,AA,0.2,0.015,0.3,0.15
ACC_000410,Retail_Mortgage,2026-09-16,Large_D-SIB,Gauteng,390463637.08260256,100610438.88303907,619144571.303547,0.6306501828167861,21,155,0,False,False,False,2,B,0.2,0.015,0.3,0.15
ACC_000411,Retail_Mortgage,2026-09-16,Large_D-SIB,KZN,539018431.4927628,117057364.45982675,693327203.9521273,0.7774373029360908,19,237,0,False,False,False,1,B,0.2,0.015,0.3,0.15
ACC_000412,Retail_Mortgage,2026-09-16,Large_D-SIB,KZN,582423148.9269483,33264219.180557538,862570186.9246836,0.6752182694876786,8,82,15,False,False,False,2,B,0.2,0.015,0.3,0.15
ACC_000413,Retail_Mortgage,2026-09-16,Large_D-SIB,Gauteng,150914082.15825862,18298586.3994246,224037507.29988876,0.6736107894480825,26,111,0,False,False,False,3,BBB,0.2,0.015,0.3,0.15
ACC_000414,Retail_Mortgage,2026-09-16,Large_D-SIB,KZN,539167547.0127683,110613038.4843016,829730850.3859881,0.6498101724938264,5,211,0,False,False,False,2,BBB,0.2,0.015,0.3,0.15
ACC_000415,Retail_Mortgage,2026-09-16,Large_D-SIB,Free State,258810393.03221866,33558195.86196425,310403595.17412907,0.8337867120612188,23,105,0,False,False,False,4,B,0.2,0.015,0.3,0.15
ACC_000416,Retail_Mortgage,2026-09-16,Large_D-SIB,Gauteng,395447140.92655706,47409012.45430324,525643310.1750094,0.7523108032990957,7,49,0,False,False,False,3,AA,0.2,0.015,0.3,0.15
ACC_000417,Retail_Mortgage,2026-09-16,Large_D-SIB,Mpumalanga,786157019.4919562,121725910.52228518,1007784906.4152787,0.7800841374855876,17,154,0,False,False,False,3,B,0.2,0.015,0.3,0.15
ACC_000418,Retail_Mortgage,2026-09-16,Large_D-SIB,Western Cape,336673848.2390058,86947938.11149517,399529017.4919032,0.8426768357215225,5,210,0,False,False,False,3,BBB,0.2,0.015,0.3,0.15
ACC_000419,Retail_Mortgage,2026-09-16,Large_D-SIB,Gauteng,70630313.03751129,19522685.498136282,80955198.18668754,0.8724617395739499,5,15,60,False,False,False,3,CCC,0.2,0.015,0.3,0.15
ACC_000420,Retail_Mortgage,2026-09-16,Large_D-SIB,Gauteng,178422534.70615095,37624480.04308964,280198848.02731836,0.6367711215170856,23,240,0,False,False,False,3,BB,0.2,0.015,0.3,0.15
ACC_000421,Retail_Mortgage,2026-09-16,Large_D-SIB,Gauteng,579124680.3735545,71419384.48488198,881656429.7275122,0.6568598161900103,28,37,0,False,False,False,1,BB,0.2,0.015,0.3,0.15
ACC_000422,Retail_Mortgage,2026-09-16,Large_D-SIB,Gauteng,387527361.9469162,21864072.16675236,553658838.9577453,0.6999389058367258,24,131,0,False,False,False,4,BBB,0.2,0.015,0.3,0.15
ACC_000423,Retail_Mortgage,2026-09-16,Large_D-SIB,Western Cape,665563881.230714,148178454.38658994,769107442.7958496,0.8653717857823149,29,118,0,False,False,False,3,AA,0.2,0.015,0.3,0.15
ACC_000424,Retail_Mortgage,2026-09-16,Large_D-SIB,Gauteng,807491169.5703379,89597804.92182963,1284585871.267542,0.6286003821399347,22,49,0,False,False,False,3,BBB,0.2,0.015,0.3,0.15
ACC_000425,Retail_Mortgage,2026-09-16,Large_D-SIB,KZN,587660024.54324,57435677.337380625,782111143.4420084,0.7513766163169538,15,176,0,False,False,False,2,A,0.2,0.015,0.3,0.15
ACC_000426,Retail_Mortgage,2026-09-16,Large_D-SIB,Gauteng,269558125.87326306,54368398.4890823,315750331.72216636,0.853706548471504,10,88,0,False,False,False,4,CCC,0.2,0.015,0.3,0.15
ACC_000427,Retail_Mortgage,2026-09-16,Large_D-SIB,Gauteng,204557617.97139564,45013985.87366054,278260452.2617613,0.7351300420476822,28,7,0,False,False,False,4,BBB,0.2,0.015,0.3,0.15
ACC_000428,Retail_Mortgage,2026-09-16,Large_D-SIB,Gauteng,121054879.03620927,14541777.411712531,160225947.47856718,0.7555260614227438,24,31,0,False,False,False,2,BB,0.2,0.015,0.3,0.15
ACC_000429,Retail_Mortgage,2026-09-16,Large_D-SIB,Western Cape,118667399.24264228,28144916.798259713,166679232.91946554,0.7119507161397776,22,199,90,True,True,False,2,A,0.2,0.015,0.3,0.15
ACC_000430,Retail_Mortgage,2026-09-16,Large_D-SIB,Gauteng,663812135.746986,156028674.13443175,837407645.2762152,0.7926989196856813,6,79,0,False,False,False,3,BBB,0.2,0.015,0.3,0.15
ACC_000431,Retail_Mortgage,2026-09-16,Large_D-SIB,Gauteng,185260795.5383069,18619950.12507151,245694301.76494873,0.7540296791886631,7,42,0,False,False,False,4,BBB,0.2,0.015,0.3,0.15
ACC_000432,Retail_Mortgage,2026-09-16,Large_D-SIB,Gauteng,243632702.75817704,31624854.616008997,311811024.42580265,0.781347302286135,27,176,0,False,False,False,2,BB,0.2,0.015,0.3,0.15
ACC_000433,Retail_Mortgage,2026-09-16,Large_D-SIB,Limpopo,759001163.1470407,186236615.71845135,1038962371.9816352,0.7305376822255666,17,174,0,False,False,False,3,BBB,0.2,0.015,0.3,0.15
ACC_000434,Retail_Mortgage,2026-09-16,Large_D-SIB,Eastern Cape,105619381.60205595,23405578.070351444,124346058.86849637,0.849398706827974,16,56,5,False,False,False,1,A,0.2,0.015,0.3,0.15
ACC_000435,Retail_Mortgage,2026-09-16,Large_D-SIB,Gauteng,799563818.8697257,178395443.81291348,1016812524.6053917,0.7863434010906025,12,85,0,False,False,False,2,B,0.2,0.015,0.3,0.15
ACC_000436,Retail_Mortgage,2026-09-16,Large_D-SIB,Mpumalanga,224933926.5262755,43944285.40179987,355840529.108118,0.6321200316615198,27,11,0,False,False,False,2,A,0.2,0.015,0.3,0.15
ACC_000437,Retail_Mortgage,2026-09-16,Large_D-SIB,Eastern Cape,126057066.835108,16370159.764903164,176336093.30720055,0.7148682069047548,15,169,15,False,False,False,4,BBB,0.2,0.015,0.3,0.15
ACC_000438,Retail_Mortgage,2026-09-16,Large_D-SIB,Free State,202260101.1924377,18016279.5725589,263431308.90389985,0.767790670114396,18,137,0,False,False,False,2,BBB,0.2,0.015,0.3,0.15
ACC_000439,Retail_Mortgage,2026-09-16,Large_D-SIB,Gauteng,270074825.8340522,21872078.73206552,372465474.42705846,0.7251002962072989,24,146,0,False,False,False,4,A,0.2,0.015,0.3,0.15
ACC_000440,Retail_Mortgage,2026-09-16,Large_D-SIB,Gauteng,512872385.324497,121342500.16900586,673642589.8553512,0.761341983194121,13,195,5,False,False,False,3,B,0.2,0.015,0.3,0.15
ACC_000441,Retail_Mortgage,2026-09-16,Large_D-SIB,Gauteng,205456062.4642549,49464263.38937216,318545273.08416706,0.6449822986698931,21,221,0,False,False,False,5,A,0.2,0.015,0.3,0.15
ACC_000442,Retail_Mortgage,2026-09-16,Large_D-SIB,KZN,159179919.45111132,17349457.252245516,243867217.20427573,0.6527319304167646,29,117,60,False,False,False,3,BBB,0.2,0.015,0.3,0.15
ACC_000443,Retail_Mortgage,2026-09-16,Large_D-SIB,Gauteng,263703529.6855524,61747002.75846846,318778591.27964205,0.8272309900956424,6,167,90,True,True,False,3,BBB,0.2,0.015,0.3,0.15
ACC_000444,Retail_Mortgage,2026-09-16,Large_D-SIB,Northern Cape,335967547.71841455,57525326.560746394,497227083.99800324,0.6756823160497101,29,14,0,False,False,False,5,BBB,0.2,0.015,0.3,0.15
ACC_000445,Retail_Mortgage,2026-09-16,Large_D-SIB,North West,685222339.3677484,165292670.98901126,1074723808.70055,0.6375799380458981,23,210,0,False,False,False,3,CCC,0.2,0.015,0.3,0.15
ACC_000446,Retail_Mortgage,2026-09-16,Large_D-SIB,Western Cape,1759479659.3098662,375660678.76609266,2307354922.2137794,0.7625526711866862,21,188,0,False,False,False,3,BBB,0.2,0.015,0.3,0.15
ACC_000447,Retail_Mortgage,2026-09-16,Large_D-SIB,KZN,576420292.4698064,149677190.57073465,912639270.9479536,0.6315970732566458,30,179,0,False,False,False,3,AAA,0.2,0.015,0.3,0.15
ACC_000448,Retail_Mortgage,2026-09-16,Large_D-SIB,KZN,317293406.7754435,25123389.901514024,483150200.69482595,0.6567179446870535,30,193,0,False,False,False,3,BB,0.2,0.015,0.3,0.15
ACC_000449,Retail_Mortgage,2026-09-16,Large_D-SIB,Gauteng,175329637.08732134,20456845.342343446,266812364.6035149,0.6571271063388027,5,198,0,False,False,False,5,BBB,0.2,0.015,0.3,0.15
ACC_000450,Retail_Mortgage,2026-09-16,Large_D-SIB,Limpopo,71655838.31722032,10647916.293345567,113988042.11031312,0.6286259241813683,7,43,0,False,False,False,3,AA,0.2,0.015,0.3,0.15
ACC_000451,Retail_Mortgage,2026-09-16,Large_D-SIB,KZN,146774164.8885131,22289228.255951617,207993904.18742839,0.7056657042999265,29,225,0,False,False,False,3,B,0.2,0.015,0.3,0.15
ACC_000452,Retail_Mortgage,2026-09-16,Large_D-SIB,Eastern Cape,121597573.9613195,25958655.092647485,165895496.21068874,0.7329769447561706,5,87,0,False,False,False,3,AA,0.2,0.015,0.3,0.15
ACC_000453,Retail_Mortgage,2026-09-16,Large_D-SIB,Limpopo,92086284.22603917,8466601.827153154,137257561.97184852,0.67090135438167,25,21,0,False,False,False,1,B,0.2,0.015,0.3,0.15
ACC_000454,Retail_Mortgage,2026-09-16,Large_D-SIB,Gauteng,972795864.5226034,236375182.80186284,1150306331.1922197,0.845684178330447,7,155,0,False,False,False,4,A,0.2,0.015,0.3,0.15
ACC_000455,Retail_Mortgage,2026-09-16,Large_D-SIB,Western Cape,146523523.04603413,16461453.129664784,221181693.02985227,0.6624577334538183,22,33,0,False,False,False,3,BBB,0.2,0.015,0.3,0.15
ACC_000456,Retail_Mortgage,2026-09-16,Large_D-SIB,Western Cape,653363940.239828,143192579.97031632,891957495.3637882,0.732505689605031,15,175,0,False,False,False,2,BBB,0.2,0.015,0.3,0.15
ACC_000457,Retail_Mortgage,2026-09-16,Large_D-SIB,Free State,425442255.8788717,96557722.90147763,477612166.78315294,0.8907693008416019,17,182,5,False,False,False,3,BB,0.2,0.015,0.3,0.15
ACC_000458,Retail_Mortgage,2026-09-16,Large_D-SIB,Western Cape,273710385.28978646,27850269.182538778,410200558.83532196,0.6672599034650987,17,119,0,False,False,False,1,BBB,0.2,0.015,0.3,0.15
ACC_000459,Retail_Mortgage,2026-09-16,Large_D-SIB,Gauteng,307298193.2265344,39425166.267324165,361933743.07953095,0.8490454374656331,19,232,5,False,False,False,3,A,0.2,0.015,0.3,0.15
ACC_000460,Retail_Mortgage,2026-09-16,Large_D-SIB,Western Cape,370421223.3539862,19758837.06021454,495685870.0816051,0.7472902612555882,8,234,0,False,False,False,3,BB,0.2,0.015,0.3,0.15
ACC_000461,Retail_Mortgage,2026-09-16,Large_D-SIB,Mpumalanga,289695978.0902175,83701465.86848171,329404736.1545892,0.8794529838036802,24,72,120,True,False,True,2,BBB,0.2,0.015,0.3,0.15
ACC_000462,Retail_Mortgage,2026-09-16,Large_D-SIB,Limpopo,183246099.7491017,17802373.839149587,212943040.83448592,0.8605404479573168,22,126,5,False,False,False,4,BBB,0.2,0.015,0.3,0.15
ACC_000463,Retail_Mortgage,2026-09-16,Large_D-SIB,Gauteng,206540919.27100423,46787834.543255106,227593165.7026485,0.9075005333897015,29,71,0,False,False,False,3,BBB,0.2,0.015,0.3,0.15
ACC_000464,Retail_Mortgage,2026-09-16,Large_D-SIB,KZN,823441030.8757582,144340320.34110796,917419027.4844505,0.8975626253726408,14,27,0,False,False,False,1,B,0.2,0.015,0.3,0.15
ACC_000465,Retail_Mortgage,2026-09-16,Large_D-SIB,Mpumalanga,166423815.08175904,22029576.986550976,236561404.78257197,0.703512118702213,12,208,0,False,False,False,3,BBB,0.2,0.015,0.3,0.15
ACC_000466,Retail_Mortgage,2026-09-16,Large_D-SIB,KZN,455731848.70894265,108768448.24028963,695272440.7430263,0.6554723328626538,5,110,0,False,False,False,3,BBB,0.2,0.015,0.3,0.15
ACC_000467,Retail_Mortgage,2026-09-16,Large_D-SIB,KZN,336434331.69276536,59727869.042899504,529051540.46734995,0.6359197657671846,30,170,5,False,False,False,5,CCC,0.2,0.015,0.3,0.15
ACC_000468,Retail_Mortgage,2026-09-16,Large_D-SIB,Gauteng,192713174.6786084,16006667.397978794,303071465.5708118,0.6358671025516967,17,121,0,False,False,False,3,AA,0.2,0.015,0.3,0.15
ACC_000469,Retail_Mortgage,2026-09-16,Large_D-SIB,Western Cape,1086276905.1259704,62022817.63274983,1612739970.946742,0.6735598575685346,17,67,0,False,False,False,4,BBB,0.2,0.015,0.3,0.15
ACC_000470,Retail_Mortgage,2026-09-16,Large_D-SIB,KZN,471286473.37735766,124635002.11092246,707479501.6105362,0.6661485913083012,26,6,0,False,False,False,3,BB,0.2,0.015,0.3,0.15
ACC_000471,Retail_Mortgage,2026-09-16,Large_D-SIB,Western Cape,201824779.26472002,26412696.526254013,256336040.29211316,0.7873445303856856,19,73,5,False,False,False,3,BBB,0.2,0.015,0.3,0.15
ACC_000472,Retail_Mortgage,2026-09-16,Large_D-SIB,KZN,402604658.1443314,105048359.81283867,536521685.11511296,0.7503977365946558,10,149,5,False,False,False,2,BB,0.2,0.015,0.3,0.15
ACC_000473,Retail_Mortgage,2026-09-16,Large_D-SIB,Gauteng,357213905.78936905,86625114.41925354,404281107.2568808,0.8835780336437903,12,107,0,False,False,False,3,B,0.2,0.015,0.3,0.15
ACC_000474,Retail_Mortgage,2026-09-16,Large_D-SIB,Eastern Cape,91646681.12351023,16540417.915575694,120563897.92663042,0.7601502829585199,23,81,0,False,False,False,2,BB,0.2,0.015,0.3,0.15
ACC_000475,Retail_Mortgage,2026-09-16,Large_D-SIB,Gauteng,420837715.9091068,56135855.901700735,570201096.48957,0.7380513971298627,18,50,0,False,False,False,1,BB,0.2,0.015,0.3,0.15
ACC_000476,Retail_Mortgage,2026-09-16,Large_D-SIB,KZN,105057758.44796416,28814821.559446707,156635111.55731043,0.6707165296685418,19,212,0,False,False,False,3,AA,0.2,0.015,0.3,0.15
ACC_000477,Retail_Mortgage,2026-09-16,Large_D-SIB,Gauteng,185088342.62682495,20281334.809929803,215490162.53046775,0.858917829256617,17,47,0,False,False,False,4,BBB,0.2,0.015,0.3,0.15
ACC_000478,Retail_Mortgage,2026-09-16,Large_D-SIB,Mpumalanga,224311926.0631636,49840421.00566318,325142109.34165406,0.6898888812567192,12,161,0,False,False,False,2,BB,0.2,0.015,0.3,0.15
ACC_000479,Retail_Mortgage,2026-09-16,Large_D-SIB,Western Cape,102522040.689,22211555.09089374,161233622.9619275,0.6358601810567066,10,188,0,False,False,False,4,BB,0.2,0.015,0.3,0.15
ACC_000480,Retail_Mortgage,2026-09-16,Large_D-SIB,Mpumalanga,745313864.0424545,157279873.38982293,887439796.5619862,0.8398472402633518,26,13,0,False,False,False,2,BBB,0.2,0.015,0.3,0.15
ACC_000481,Retail_Mortgage,2026-09-16,Large_D-SIB,Limpopo,214819531.64327514,37793988.27425527,244346827.24120775,0.8791582606931718,23,234,0,False,False,False,3,BBB,0.2,0.015,0.3,0.15
ACC_000482,Retail_Mortgage,2026-09-16,Large_D-SIB,Western Cape,908360633.8352262,149571943.14543507,1340931542.9744463,0.6774101471431614,8,79,0,False,False,False,1,B,0.2,0.015,0.3,0.15
ACC_000483,Retail_Mortgage,2026-09-16,Large_D-SIB,Western Cape,633005128.6600301,45649324.531581044,849402391.9083266,0.7452358678174624,30,151,0,False,False,False,1,A,0.2,0.015,0.3,0.15
ACC_000484,Retail_Mortgage,2026-09-16,Large_D-SIB,KZN,309260771.9471603,63712692.221894875,395293294.40475816,0.7823577488529179,14,96,0,False,False,False,5,BBB,0.2,0.015,0.3,0.15
ACC_000485,Retail_Mortgage,2026-09-16,Large_D-SIB,KZN,233613531.3631821,25184397.206930667,287546143.3068546,0.81243840962903,6,79,0,False,False,False,3,BBB,0.2,0.015,0.3,0.15
ACC_000486,Retail_Mortgage,2026-09-16,Large_D-SIB,Eastern Cape,729770769.1505331,187665221.1280308,991850724.1357719,0.7357667352477898,17,239,90,False,False,False,2,A,0.2,0.015,0.3,0.15
ACC_000487,Retail_Mortgage,2026-09-16,Large_D-SIB,Western Cape,342203044.61530596,50042808.81734308,390633088.63669664,0.8760216545136748,14,216,90,False,False,False,2,BBB,0.2,0.015,0.3,0.15
ACC_000488,Retail_Mortgage,2026-09-16,Large_D-SIB,Western Cape,474430396.74241745,23846632.019019764,537499676.9222188,0.8826617337875571,11,26,0,False,False,False,3,A,0.2,0.015,0.3,0.15
ACC_000489,Retail_Mortgage,2026-09-16,Large_D-SIB,Gauteng,81567936.8139225,9107889.583472753,104706797.56348506,0.7790128120809618,26,85,90,False,True,False,3,B,0.2,0.015,0.3,0.15
ACC_000490,Retail_Mortgage,2026-09-16,Large_D-SIB,Gauteng,388418902.69634026,81389423.13343543,466182410.7743599,0.833190814838232,14,75,0,False,False,False,3,AA,0.2,0.015,0.3,0.15
ACC_000491,Retail_Mortgage,2026-09-16,Large_D-SIB,North West,1501359714.954824,223693444.86632088,2165701675.7054663,0.6932440103809606,9,149,0,False,False,False,3,BBB,0.2,0.015,0.3,0.15
ACC_000492,Retail_Mortgage,2026-09-16,Large_D-SIB,Eastern Cape,270367664.4889042,63608057.58740208,348164235.73360837,0.7765520887555238,11,32,0,False,False,False,1,A,0.2,0.015,0.3,0.15
ACC_000493,Retail_Mortgage,2026-09-16,Large_D-SIB,Western Cape,575413304.9339916,63770761.64687997,766665084.9091651,0.7505406418790636,20,115,0,False,False,False,3,BBB,0.2,0.015,0.3,0.15
ACC_000494,Retail_Mortgage,2026-09-16,Large_D-SIB,KZN,333835475.91849893,85417423.91306296,458210982.31817603,0.7285627992361993,7,59,0,False,False,False,2,AA,0.2,0.015,0.3,0.15
ACC_000495,Retail_Mortgage,2026-09-16,Large_D-SIB,Gauteng,95071831.17958057,5357032.198560276,138022699.80717173,0.6888130091093942,14,136,0,False,False,False,4,BB,0.2,0.015,0.3,0.15
ACC_000496,Retail_Mortgage,2026-09-16,Large_D-SIB,Gauteng,342787694.1334143,96109551.12146752,480041840.4559284,0.7140787848989278,7,235,0,False,False,False,2,A,0.2,0.015,0.3,0.15
ACC_000497,Retail_Mortgage,2026-09-16,Large_D-SIB,Western Cape,730277232.8113818,127841854.63305585,876269599.245939,0.8333933226027825,25,25,0,False,False,False,3,BBB,0.2,0.015,0.3,0.15
ACC_000498,Retail_Mortgage,2026-09-16,Large_D-SIB,Mpumalanga,856941847.6467948,99122476.49744405,1259354389.4874527,0.6804612385522103,21,166,5,False,False,False,3,BB,0.2,0.015,0.3,0.15
ACC_000499,Retail_Mortgage,2026-09-16,Large_D-SIB,Eastern Cape,165776127.94186896,44182785.77130355,251693810.10424381,0.6586420535062408,17,199,0,False,False,False,2,BBB,0.2,0.015,0.3,0.15
ACC_000500,Retail_Mortgage,2026-09-16,Large_D-SIB,Limpopo,120338724.83256611,19665379.3262951,163984089.01123276,0.7338439086265437,16,100,120,True,False,True,3,A,0.2,0.015,0.3,0.15
ACC_000501,Retail_Mortgage,2026-09-16,Large_D-SIB,Gauteng,107319616.69280608,7895674.350111429,170925589.5786007,0.6278733158527723,19,111,0,False,False,False,3,BB,0.2,0.015,0.3,0.15
ACC_000502,Retail_Mortgage,2026-09-16,Large_D-SIB,Gauteng,531393059.0961055,126732772.22965124,729317277.4584196,0.7286171266200419,11,172,90,False,False,False,3,BBB,0.2,0.015,0.3,0.15
ACC_000503,Retail_Mortgage,2026-09-16,Large_D-SIB,Gauteng,361529151.3288268,81122481.12209263,419920084.4637006,0.8609475105020338,18,33,0,False,False,False,2,CCC,0.2,0.015,0.3,0.15
ACC_000504,Retail_Mortgage,2026-09-16,Large_D-SIB,KZN,598148461.447605,154158826.1836204,796462375.3357005,0.7510065509315387,25,104,5,False,False,False,3,A,0.2,0.015,0.3,0.15
ACC_000505,Retail_Mortgage,2026-09-16,Large_D-SIB,Western Cape,481329541.1422726,85824832.42231226,735230214.3637589,0.6546650718901663,15,37,0,False,False,False,3,A,0.2,0.015,0.3,0.15
ACC_000506,Retail_Mortgage,2026-09-16,Large_D-SIB,KZN,189235504.39458454,22433631.13129504,289602425.5073258,0.6534320424391529,23,85,0,False,False,False,4,A,0.2,0.015,0.3,0.15
ACC_000507,Retail_Mortgage,2026-09-16,Large_D-SIB,North West,451392194.70515305,126854952.56607753,624555284.1682391,0.7227417750636781,15,2,60,True,False,False,1,B,0.2,0.015,0.3,0.15
ACC_000508,Retail_Mortgage,2026-09-16,Large_D-SIB,Eastern Cape,534546609.3562733,76845473.49638489,675215214.0325146,0.7916684906488682,8,83,0,False,False,False,4,BBB,0.2,0.015,0.3,0.15
ACC_000509,Retail_Mortgage,2026-09-16,Large_D-SIB,Gauteng,243827788.7128648,23384049.99588724,386313135.5256998,0.6311661869355305,14,5,0,False,False,False,2,BB,0.2,0.015,0.3,0.15
ACC_000510,Retail_Mortgage,2026-09-16,Large_D-SIB,Free State,1033946102.8969816,65816596.00578073,1387260236.3629363,0.7453151728818671,8,80,0,False,False,False,2,A,0.2,0.015,0.3,0.15
ACC_000511,Retail_Mortgage,2026-09-16,Large_D-SIB,Gauteng,543148489.4365126,87095865.16911244,646363059.6144412,0.8403148684897052,12,201,0,False,False,False,4,A,0.2,0.015,0.3,0.15
ACC_000512,Retail_Mortgage,2026-09-16,Large_D-SIB,Mpumalanga,97331471.01020823,24945135.657387104,116832675.48253858,0.8330843285768549,29,225,0,False,False,False,3,BB,0.2,0.015,0.3,0.15
ACC_000513,Retail_Mortgage,2026-09-16,Large_D-SIB,Gauteng,243945660.77476576,13295519.530504309,273068525.26567066,0.8933496108254475,7,146,0,False,False,False,2,B,0.2,0.015,0.3,0.15
ACC_000514,Retail_Mortgage,2026-09-16,Large_D-SIB,Gauteng,838318114.8187159,191968181.94505468,982938321.5372624,0.8528694999983638,17,239,0,False,False,False,3,BB,0.2,0.015,0.3,0.15
ACC_000515,Retail_Mortgage,2026-09-16,Large_D-SIB,Eastern Cape,167774761.58633026,32258910.985443722,234453544.0855247,0.71559917015001,18,41,0,False,False,False,3,B,0.2,0.015,0.3,0.15
ACC_000516,Retail_Mortgage,2026-09-16,Large_D-SIB,Eastern Cape,561713552.6354133,31525116.711438477,866667827.749928,0.6481301539642389,29,54,0,False,False,False,3,BB,0.2,0.015,0.3,0.15
ACC_000517,Retail_Mortgage,2026-09-16,Large_D-SIB,Gauteng,1653126113.1786518,176811840.61455944,2148355282.3226495,0.7694845106771209,8,92,0,False,False,False,1,B,0.2,0.015,0.3,0.15
ACC_000518,Retail_Mortgage,2026-09-16,Large_D-SIB,Eastern Cape,483369232.03399265,32474154.61135013,768536883.2659256,0.6289473446998372,7,92,0,False,False,False,3,AA,0.2,0.015,0.3,0.15
ACC_000519,Retail_Mortgage,2026-09-16,Large_D-SIB,Northern Cape,374550767.7856298,25394724.826122753,592521907.2524552,0.6321298220388758,18,204,15,False,False,False,2,CCC,0.2,0.015,0.3,0.15
ACC_000520,Retail_Mortgage,2026-09-16,Large_D-SIB,KZN,189964353.70004937,34118951.90058769,265454494.47832945,0.7156192780738818,25,110,90,False,False,False,3,BB,0.2,0.015,0.3,0.15
ACC_000521,Retail_Mortgage,2026-09-16,Large_D-SIB,KZN,1601194963.317162,339907972.98256665,2365791157.818468,0.6768116272755235,8,39,0,False,False,False,5,A,0.2,0.015,0.3,0.15
ACC_000522,Retail_Mortgage,2026-09-16,Large_D-SIB,Western Cape,123721782.52776846,25102439.008064758,184920833.97557643,0.6690526960532155,26,68,0,False,False,False,3,BBB,0.2,0.015,0.3,0.15
ACC_000523,Retail_Mortgage,2026-09-16,Large_D-SIB,Gauteng,66884106.44915003,6434472.23239628,95254032.15052368,0.7021656190202792,26,236,0,False,False,False,3,BBB,0.2,0.015,0.3,0.15
ACC_000524,Retail_Mortgage,2026-09-16,Large_D-SIB,Free State,196618422.54818234,29871076.57480513,304568425.6940842,0.6455640373755307,28,43,0,False,False,False,4,BBB,0.2,0.015,0.3,0.15
ACC_000525,Retail_Mortgage,2026-09-16,Large_D-SIB,Eastern Cape,234808007.27768037,19150106.104419813,305226598.9229272,0.7692907764469497,10,50,0,False,False,False,5,AA,0.2,0.015,0.3,0.15
ACC_000526,Retail_Mortgage,2026-09-16,Large_D-SIB,Mpumalanga,202436742.44080698,45831931.276763484,283591174.32828045,0.7138330130347059,21,179,30,False,False,False,2,BB,0.2,0.015,0.3,0.15
ACC_000527,Retail_Mortgage,2026-09-16,Large_D-SIB,Western Cape,882149446.1411484,89759492.21206114,1001295079.3120736,0.8810084702975045,13,122,0,False,False,False,3,BB,0.2,0.015,0.3,0.15
ACC_000528,Retail_Mortgage,2026-09-16,Large_D-SIB,Free State,741739724.244974,109753549.13500068,1002795694.4020504,0.7396718278564813,30,221,15,False,False,False,1,A,0.2,0.015,0.3,0.15
ACC_000529,Retail_Mortgage,2026-09-16,Large_D-SIB,Mpumalanga,218293188.12832785,60928505.7777653,273974863.9279462,0.7967635607102178,10,200,0,False,False,False,2,BBB,0.2,0.015,0.3,0.15
ACC_000530,Retail_Mortgage,2026-09-16,Large_D-SIB,Northern Cape,429460570.88410926,52216769.46052149,583438756.9874802,0.7360850916068384,17,25,0,False,False,False,2,CCC,0.2,0.015,0.3,0.15
ACC_000531,Retail_Mortgage,2026-09-16,Large_D-SIB,Gauteng,105284784.88016398,16678238.900272118,154993452.99116316,0.6792853688224284,24,89,0,False,False,False,4,BB,0.2,0.015,0.3,0.15
ACC_000532,Retail_Mortgage,2026-09-16,Large_D-SIB,Mpumalanga,332655464.24279517,89680153.79185745,529436615.7027438,0.6283197164239337,8,77,0,False,False,False,3,B,0.2,0.015,0.3,0.15
ACC_000533,Retail_Mortgage,2026-09-16,Large_D-SIB,Free State,111565285.83564657,7587965.889296185,147080381.18528318,0.7585327488042284,22,128,0,False,False,False,5,AAA,0.2,0.015,0.3,0.15
ACC_000534,Retail_Mortgage,2026-09-16,Large_D-SIB,Gauteng,337673365.75637054,42903962.22727877,412996264.968447,0.817618449363383,13,54,0,False,False,False,3,A,0.2,0.015,0.3,0.15
ACC_000535,Retail_Mortgage,2026-09-16,Large_D-SIB,Gauteng,44240278.43756255,11254488.195494523,61242598.55470172,0.7223775522530653,27,17,0,False,False,False,2,BBB,0.2,0.015,0.3,0.15
ACC_000536,Retail_Mortgage,2026-09-16,Large_D-SIB,Western Cape,97815891.10942495,27521337.360845722,140618853.52271172,0.6956100740333973,9,72,0,False,False,False,2,BB,0.2,0.015,0.3,0.15
ACC_000537,Retail_Mortgage,2026-09-16,Large_D-SIB,KZN,34810167.81626326,8170457.235101947,41792951.49053356,0.8329195851158787,13,234,30,False,False,False,3,A,0.2,0.015,0.3,0.15
ACC_000538,Retail_Mortgage,2026-09-16,Large_D-SIB,Gauteng,529478256.8590771,111529448.77901025,830814214.2822618,0.6373004310193368,29,173,0,False,False,False,3,BB,0.2,0.015,0.3,0.15
ACC_000539,Retail_Mortgage,2026-09-16,Large_D-SIB,Limpopo,186531557.45326918,37548074.57433597,216189775.54588446,0.8628139651020611,23,227,0,False,False,False,3,AAA,0.2,0.015,0.3,0.15
ACC_000540,Retail_Mortgage,2026-09-16,Large_D-SIB,Eastern Cape,1095535459.0249383,164666673.10094643,1363346200.8993025,0.8035636570537195,13,233,0,False,False,False,3,B,0.2,0.015,0.3,0.15
ACC_000541,Retail_Mortgage,2026-09-16,Large_D-SIB,Western Cape,639634881.8143823,163121689.48817334,816775863.2103242,0.7831216746541798,11,41,0,False,False,False,3,A,0.2,0.015,0.3,0.15
ACC_000542,Retail_Mortgage,2026-09-16,Large_D-SIB,Western Cape,306157384.6420353,32480913.01952836,430698245.4121567,0.710839637503185,21,204,0,False,False,False,2,BB,0.2,0.015,0.3,0.15
ACC_000543,Retail_Mortgage,2026-09-16,Large_D-SIB,North West,155557730.13233525,42508522.582424134,219286397.6283792,0.7093815750302771,12,145,0,False,False,False,3,BB,0.2,0.015,0.3,0.15
ACC_000544,Retail_Mortgage,2026-09-16,Large_D-SIB,Gauteng,437124206.61617535,56996526.04323506,643050237.0306118,0.6797668073876575,14,112,0,False,False,False,5,AA,0.2,0.015,0.3,0.15
ACC_000545,Retail_Mortgage,2026-09-16,Large_D-SIB,KZN,302421019.2477298,27855760.60237321,447575123.9502105,0.6756877294220934,12,213,0,False,False,False,2,B,0.2,0.015,0.3,0.15
ACC_000546,Retail_Mortgage,2026-09-16,Large_D-SIB,Western Cape,274865649.1696551,32873870.589745995,358420966.3264088,0.7668793820485906,22,157,0,False,False,False,4,BBB,0.2,0.015,0.3,0.15
ACC_000547,Retail_Mortgage,2026-09-16,Large_D-SIB,Gauteng,384855785.1783529,74131896.44965373,528698588.0179449,0.7279304199036186,12,194,0,False,False,False,1,B,0.2,0.015,0.3,0.15
ACC_000548,Retail_Mortgage,2026-09-16,Large_D-SIB,Gauteng,239567471.3537107,15674936.820725089,315558299.34154415,0.7591860897133785,5,66,15,False,False,False,4,A,0.2,0.015,0.3,0.15
ACC_000549,Retail_Mortgage,2026-09-16,Large_D-SIB,KZN,128833722.3108801,29308748.227410436,167667419.43911135,0.7683885321421449,29,164,0,False,False,False,3,BBB,0.2,0.015,0.3,0.15
ACC_000550,Retail_Mortgage,2026-09-16,Large_D-SIB,KZN,532998204.92593056,128958915.84033714,733866497.0927106,0.72628769270359,7,102,0,False,False,False,2,BBB,0.2,0.015,0.3,0.15
ACC_000551,Retail_Mortgage,2026-09-16,Large_D-SIB,Free State,252959126.64815548,71962343.97874461,333505857.05894667,0.7584848100687039,29,46,0,False,False,False,3,BBB,0.2,0.015,0.3,0.15
ACC_000552,Retail_Mortgage,2026-09-16,Large_D-SIB,KZN,385342485.159041,76115237.57357456,453096055.90930694,0.8504653265756352,11,31,0,False,False,False,3,BB,0.2,0.015,0.3,0.15
ACC_000553,Retail_Mortgage,2026-09-16,Large_D-SIB,KZN,189311360.49894047,48671005.95393072,269492420.77505785,0.7024737836948536,14,74,0,False,False,False,2,AAA,0.2,0.015,0.3,0.15
ACC_000554,Retail_Mortgage,2026-09-16,Large_D-SIB,Eastern Cape,111579911.79590434,6873191.538430131,135398655.35389817,0.8240843419328087,12,180,15,False,False,False,2,CCC,0.2,0.015,0.3,0.15
ACC_000555,Retail_Mortgage,2026-09-16,Large_D-SIB,Eastern Cape,1022765412.0632613,250304412.00286812,1203722451.2772672,0.8496688011243847,30,67,0,False,False,False,4,BBB,0.2,0.015,0.3,0.15
ACC_000556,Retail_Mortgage,2026-09-16,Large_D-SIB,Mpumalanga,248780468.32867292,18031357.10340824,351344806.83579266,0.7080806759866098,11,232,0,False,False,False,4,BBB,0.2,0.015,0.3,0.15
ACC_000557,Retail_Mortgage,2026-09-16,Large_D-SIB,Limpopo,520064611.7010405,97790319.91122721,647066821.2143378,0.8037262839795205,16,181,0,False,False,False,4,A,0.2,0.015,0.3,0.15
ACC_000558,Retail_Mortgage,2026-09-16,Large_D-SIB,Gauteng,102801115.50009534,15557888.586784063,153230087.613491,0.67089379834724,22,237,0,False,False,False,2,BBB,0.2,0.015,0.3,0.15
ACC_000559,Retail_Mortgage,2026-09-16,Large_D-SIB,Mpumalanga,333597418.294594,55332486.68368195,414880191.61721605,0.8040813348890453,7,91,0,False,False,False,2,B,0.2,0.015,0.3,0.15
ACC_000560,Retail_Mortgage,2026-09-16,Large_D-SIB,Limpopo,179270362.17639467,33139138.342800125,232049394.87801692,0.7725525949793276,24,57,0,False,False,False,2,AA,0.2,0.015,0.3,0.15
ACC_000561,Retail_Mortgage,2026-09-16,Large_D-SIB,Gauteng,1151804417.5928068,286803934.1142065,1725826270.5246181,0.6673930263227945,17,67,0,False,False,False,2,CCC,0.2,0.015,0.3,0.15
ACC_000562,Retail_Mortgage,2026-09-16,Large_D-SIB,KZN,148482349.54379413,11269474.550848808,178938259.28381234,0.8297965462393798,25,65,0,False,False,False,3,A,0.2,0.015,0.3,0.15
ACC_000563,Retail_Mortgage,2026-09-16,Large_D-SIB,Mpumalanga,262529654.86388075,47755594.328232385,309236940.6234949,0.8489595529387879,11,6,0,False,False,False,3,BBB,0.2,0.015,0.3,0.15
ACC_000564,Retail_Mortgage,2026-09-16,Large_D-SIB,Mpumalanga,253378493.73065042,59218664.95927332,310124696.6806541,0.8170213351036755,24,2,0,False,False,False,4,AA,0.2,0.015,0.3,0.15
ACC_000565,Retail_Mortgage,2026-09-16,Large_D-SIB,KZN,146579072.3723326,8663748.646302437,225200438.312112,0.6508827135104608,10,211,0,False,False,False,1,BB,0.2,0.015,0.3,0.15
ACC_000566,Retail_Mortgage,2026-09-16,Large_D-SIB,Eastern Cape,381837866.41336876,37987471.4314243,543346203.8362176,0.70275243245919,5,76,0,False,False,False,3,A,0.2,0.015,0.3,0.15
ACC_000567,Retail_Mortgage,2026-09-16,Large_D-SIB,KZN,1055528430.9532993,139504722.1740588,1250297479.2091997,0.8442218340077836,30,99,0,False,False,False,5,CCC,0.2,0.015,0.3,0.15
ACC_000568,Retail_Mortgage,2026-09-16,Large_D-SIB,Eastern Cape,398366497.0049549,117844230.55355217,623899943.5818486,0.6385102308519341,28,119,0,False,False,False,2,BB,0.2,0.015,0.3,0.15
ACC_000569,Retail_Mortgage,2026-09-16,Large_D-SIB,Western Cape,771990314.6599901,136432892.26430616,1065331122.9116333,0.7246482319507199,22,211,0,False,False,False,2,BBB,0.2,0.015,0.3,0.15
ACC_000570,Retail_Mortgage,2026-09-16,Large_D-SIB,Gauteng,251325187.11956632,29665266.725364566,300900902.9592885,0.8352423826178093,5,83,0,False,False,False,4,A,0.2,0.015,0.3,0.15
ACC_000571,Retail_Mortgage,2026-09-16,Large_D-SIB,Gauteng,899206639.003286,85024493.80601093,1280959005.0420973,0.701979247941455,12,222,30,False,False,False,1,BBB,0.2,0.015,0.3,0.15
ACC_000572,Retail_Mortgage,2026-09-16,Large_D-SIB,Gauteng,155146229.2868245,34298095.94083388,246703351.87086058,0.6288776707340296,16,31,0,False,False,False,2,B,0.2,0.015,0.3,0.15
ACC_000573,Retail_Mortgage,2026-09-16,Large_D-SIB,KZN,321982984.35120326,31079384.073179096,453108172.8556121,0.7106095269082835,18,233,0,False,False,False,2,B,0.2,0.015,0.3,0.15
ACC_000574,Retail_Mortgage,2026-09-16,Large_D-SIB,KZN,628386935.314684,81212570.45356806,919002894.361703,0.6837703549901576,25,218,0,False,False,False,3,BBB,0.2,0.015,0.3,0.15
ACC_000575,Retail_Mortgage,2026-09-16,Large_D-SIB,Western Cape,571276236.2885981,92665832.09057774,866466084.8370206,0.6593174808406416,22,51,0,False,False,False,4,A,0.2,0.015,0.3,0.15
ACC_000576,Retail_Mortgage,2026-09-16,Large_D-SIB,KZN,253350130.9057522,12972239.163477631,376638956.5733724,0.6726604523618828,22,229,0,False,False,False,4,BBB,0.2,0.015,0.3,0.15
ACC_000577,Retail_Mortgage,2026-09-16,Large_D-SIB,Gauteng,170613242.2880225,12807584.5877297,257032403.65767562,0.6637810636329377,23,194,5,False,False,False,3,BBB,0.2,0.015,0.3,0.15
ACC_000578,Retail_Mortgage,2026-09-16,Large_D-SIB,Gauteng,1491296996.2349992,342661419.0438715,1841264095.3610928,0.8099310685480666,13,37,0,False,False,False,3,BB,0.2,0.015,0.3,0.15
ACC_000579,Retail_Mortgage,2026-09-16,Large_D-SIB,Western Cape,438799999.1476582,123261261.07961793,603054302.3706131,0.7276293319237266,10,126,0,False,False,False,2,CCC,0.2,0.015,0.3,0.15
ACC_000580,Retail_Mortgage,2026-09-16,Large_D-SIB,Limpopo,78112815.13426143,9827098.939557921,106989215.59096022,0.7300998956091176,26,221,0,False,False,False,3,BB,0.2,0.015,0.3,0.15
ACC_000581,Retail_Mortgage,2026-09-16,Large_D-SIB,Limpopo,115944049.14148022,22496510.427119497,136540524.54169187,0.8491548537011616,25,64,0,False,False,False,4,AA,0.2,0.015,0.3,0.15
ACC_000582,Retail_Mortgage,2026-09-16,Large_D-SIB,KZN,556058000.1304593,144943177.6043971,713529091.486197,0.7793066978842531,7,119,0,False,False,False,3,B,0.2,0.015,0.3,0.15
ACC_000583,Retail_Mortgage,2026-09-16,Large_D-SIB,KZN,145683397.11592782,19831910.664696988,229605768.19781098,0.6344936290555994,14,158,0,False,False,False,3,AAA,0.2,0.015,0.3,0.15
ACC_000584,Retail_Mortgage,2026-09-16,Large_D-SIB,KZN,185309544.6425529,33811290.007113956,239143825.270915,0.7748874319988162,28,114,5,False,False,False,2,BB,0.2,0.015,0.3,0.15
ACC_000585,Retail_Mortgage,2026-09-16,Large_D-SIB,KZN,391775857.34711677,87921283.83624785,575090120.9496757,0.6812425445600723,8,171,0,False,False,False,3,BBB,0.2,0.015,0.3,0.15
ACC_000586,Retail_Mortgage,2026-09-16,Large_D-SIB,KZN,2653825004.3516564,238312675.31179923,3907931337.032872,0.679086906978922,23,99,0,False,False,False,4,BB,0.2,0.015,0.3,0.15
ACC_000587,Retail_Mortgage,2026-09-16,Large_D-SIB,KZN,85396022.1234916,20724020.391037654,132562859.00730437,0.6441926702771715,11,61,0,False,False,False,2,B,0.2,0.015,0.3,0.15
ACC_000588,Retail_Mortgage,2026-09-16,Large_D-SIB,Eastern Cape,931352990.7085012,99750497.27185342,1477496694.8084896,0.6303587642402283,17,4,60,False,False,False,5,BB,0.2,0.015,0.3,0.15
ACC_000589,Retail_Mortgage,2026-09-16,Large_D-SIB,Gauteng,111758835.90632936,31918359.694593165,170102128.1031004,0.6570102158780244,17,23,0,False,False,False,3,BB,0.2,0.015,0.3,0.15
ACC_000590,Retail_Mortgage,2026-09-16,Large_D-SIB,Mpumalanga,201976130.59767538,12668140.314101826,245736577.40424436,0.8219213139988449,9,189,0,False,False,False,3,A,0.2,0.015,0.3,0.15
ACC_000591,Retail_Mortgage,2026-09-16,Large_D-SIB,Mpumalanga,281625421.07815856,30450275.88756909,416711306.83120614,0.6758286047473012,16,229,0,False,False,False,3,BBB,0.2,0.015,0.3,0.15
ACC_000592,Retail_Mortgage,2026-09-16,Large_D-SIB,Gauteng,92323585.51399645,24242069.507598147,137535621.46579897,0.6712703554908107,28,40,0,False,False,False,3,BBB,0.2,0.015,0.3,0.15
ACC_000593,Retail_Mortgage,2026-09-16,Large_D-SIB,Gauteng,273868840.92565316,19560982.907117106,327454278.50408363,0.8363574975314845,28,91,0,False,False,False,2,AA,0.2,0.015,0.3,0.15
ACC_000594,Retail_Mortgage,2026-09-16,Large_D-SIB,Free State,560652194.4795496,39268003.64020289,871774964.031317,0.6431157323983546,16,53,0,False,False,False,3,BBB,0.2,0.015,0.3,0.15
ACC_000595,Retail_Mortgage,2026-09-16,Large_D-SIB,Gauteng,1344914075.392212,142397510.82747176,1902021922.1416168,0.7070970422243509,23,213,0,False,False,False,1,BB,0.2,0.015,0.3,0.15
ACC_000596,Retail_Mortgage,2026-09-16,Large_D-SIB,Gauteng,285516442.9728889,40319642.7973099,400458227.9140605,0.7129743455643558,21,82,0,False,False,False,3,CCC,0.2,0.015,0.3,0.15
ACC_000597,Retail_Mortgage,2026-09-16,Large_D-SIB,Mpumalanga,208024689.41974053,14162200.56643425,243616899.1284305,0.8539008999949286,9,195,0,False,False,False,1,A,0.2,0.015,0.3,0.15
ACC_000598,Retail_Mortgage,2026-09-16,Large_D-SIB,KZN,289619096.2334319,20622287.091164373,376027613.1593084,0.77020699038592,6,182,0,False,False,False,3,BB,0.2,0.015,0.3,0.15
ACC_000599,Retail_Mortgage,2026-09-16,Large_D-SIB,KZN,206151502.86710963,25625504.46027029,324055710.05055887,0.6361606861824656,23,171,0,False,False,False,2,A,0.2,0.015,0.3,0.15
ACC_000600,Retail_Mortgage,2026-09-16,Large_D-SIB,KZN,234384994.2904956,36404572.63613822,262634589.17415318,0.8924376451232581,22,217,0,False,False,False,2,BBB,0.2,0.015,0.3,0.15
ACC_000601,Retail_Mortgage,2026-09-16,Large_D-SIB,Gauteng,323898944.0344223,41196452.21730967,450546107.72859395,0.7189029901231261,15,31,0,False,False,False,2,B,0.2,0.015,0.3,0.15
ACC_000602,Retail_Mortgage,2026-09-16,Large_D-SIB,Gauteng,351766876.33281714,21802729.538378753,411876055.346099,0.8540600303584723,29,109,0,False,False,False,2,BBB,0.2,0.015,0.3,0.15
ACC_000603,Retail_Mortgage,2026-09-16,Large_D-SIB,Western Cape,917654000.0668606,100250648.14112997,1254952284.146007,0.731226208087523,27,183,0,False,False,False,3,BBB,0.2,0.015,0.3,0.15
ACC_000604,Retail_Mortgage,2026-09-16,Large_D-SIB,KZN,283367716.7831423,18979255.709918402,337740833.49472785,0.8390093488283101,15,239,0,False,False,False,2,AAA,0.2,0.015,0.3,0.15
ACC_000605,Retail_Mortgage,2026-09-16,Large_D-SIB,Gauteng,525675802.69768035,95925389.15656008,696089533.7516692,0.7551841784841659,15,227,0,False,False,False,4,BBB,0.2,0.015,0.3,0.15
ACC_000606,Retail_Mortgage,2026-09-16,Large_D-SIB,Western Cape,364167711.68539286,65247234.345832,515219036.09945655,0.7068211501701868,7,133,0,False,False,False,2,BB,0.2,0.015,0.3,0.15
ACC_000607,Retail_Mortgage,2026-09-16,Large_D-SIB,Mpumalanga,370895770.1853786,63886782.80676764,494729958.27109206,0.7496933710696022,30,229,0,False,False,False,4,BB,0.2,0.015,0.3,0.15
ACC_000608,Retail_Mortgage,2026-09-16,Large_D-SIB,Gauteng,237271203.72180516,15857749.379424231,339186577.53732926,0.699530050524161,11,71,15,False,False,False,2,BB,0.2,0.015,0.3,0.15
ACC_000609,Retail_Mortgage,2026-09-16,Large_D-SIB,Western Cape,1174091492.262185,311570532.5583454,1755417266.2604833,0.6688389791011453,18,232,0,False,False,False,3,A,0.2,0.015,0.3,0.15
ACC_000610,Retail_Mortgage,2026-09-16,Large_D-SIB,KZN,115985800.10366276,11636106.106581789,129798319.2600248,0.8935847610731273,24,158,0,False,False,False,4,BB,0.2,0.015,0.3,0.15
ACC_000611,Retail_Mortgage,2026-09-16,Large_D-SIB,Gauteng,391144891.0447248,84255616.50011554,604154556.2010221,0.6474252110325525,29,36,0,False,False,False,1,CCC,0.2,0.015,0.3,0.15
ACC_000612,Retail_Mortgage,2026-09-16,Large_D-SIB,Gauteng,188480107.2152533,55462545.75306917,212991043.35297537,0.8849203433540546,29,160,90,False,False,False,2,BBB,0.2,0.015,0.3,0.15
ACC_000613,Retail_Mortgage,2026-09-16,Large_D-SIB,Western Cape,102745775.38406475,23160621.089987643,115337602.405707,0.8908263501321126,23,173,0,False,False,False,3,BB,0.2,0.015,0.3,0.15
ACC_000614,Retail_Mortgage,2026-09-16,Large_D-SIB,Gauteng,376911783.1358833,64694761.57671873,446308857.13295245,0.8445088577384063,18,80,0,False,False,False,5,A,0.2,0.015,0.3,0.15
ACC_000615,Retail_Mortgage,2026-09-16,Large_D-SIB,Western Cape,366656486.5720289,32915405.019699793,475967109.0822706,0.7703399658833412,10,115,0,False,False,False,4,BBB,0.2,0.015,0.3,0.15
ACC_000616,Retail_Mortgage,2026-09-16,Large_D-SIB,Mpumalanga,717259129.3810699,43815636.7850496,839419684.3362362,0.8544702283795457,5,96,0,False,False,False,5,CCC,0.2,0.015,0.3,0.15
ACC_000617,Retail_Mortgage,2026-09-16,Large_D-SIB,KZN,110085134.60855596,22869922.081769314,136559448.35659182,0.8061334161302071,25,213,0,False,False,False,5,BB,0.2,0.015,0.3,0.15
ACC_000618,Retail_Mortgage,2026-09-16,Large_D-SIB,KZN,1019253726.3475701,235350200.92415768,1157169697.434627,0.8808161228272672,28,113,0,False,False,False,4,BB,0.2,0.015,0.3,0.15
ACC_000619,Retail_Mortgage,2026-09-16,Large_D-SIB,Gauteng,285138559.0907162,76014658.41458526,354753796.0758648,0.8037646453534742,24,43,0,False,False,False,2,B,0.2,0.015,0.3,0.15
ACC_000620,Retail_Mortgage,2026-09-16,Large_D-SIB,Gauteng,241715366.39563796,42444901.60896395,372595535.6059376,0.6487339307556267,18,122,0,False,False,False,3,A,0.2,0.015,0.3,0.15
ACC_000621,Retail_Mortgage,2026-09-16,Large_D-SIB,Western Cape,425809106.53319806,69202290.27823798,544424929.6738399,0.782126393051649,16,151,30,False,False,False,3,BB,0.2,0.015,0.3,0.15
ACC_000622,Retail_Mortgage,2026-09-16,Large_D-SIB,Gauteng,603826119.0005165,175161079.1462846,833592953.6674547,0.7243656707316661,9,202,0,False,False,False,5,A,0.2,0.015,0.3,0.15
ACC_000623,Retail_Mortgage,2026-09-16,Large_D-SIB,KZN,916383123.7821981,202810837.75262582,1266322949.8211215,0.7236567290450234,7,206,0,False,False,False,4,BB,0.2,0.015,0.3,0.15
ACC_000624,Retail_Mortgage,2026-09-16,Large_D-SIB,KZN,975680197.8302735,146117568.45373106,1516953690.4749808,0.6431839046614359,25,198,0,False,False,False,3,BBB,0.2,0.015,0.3,0.15
ACC_000625,Retail_Mortgage,2026-09-16,Large_D-SIB,Gauteng,442836684.0752112,91083839.47649676,558386669.1432562,0.7930645707474793,19,58,0,False,False,False,1,B,0.2,0.015,0.3,0.15
ACC_000626,Retail_Mortgage,2026-09-16,Large_D-SIB,Mpumalanga,489158915.58004946,63149657.9407682,572396948.665704,0.8545798797850197,20,200,0,False,False,False,1,A,0.2,0.015,0.3,0.15
ACC_000627,Retail_Mortgage,2026-09-16,Large_D-SIB,Gauteng,254796557.09924904,52200903.33413574,292520473.0094107,0.8710383737518843,8,169,5,False,False,False,4,A,0.2,0.015,0.3,0.15
ACC_000628,Retail_Mortgage,2026-09-16,Large_D-SIB,Gauteng,217511159.79525572,20884427.28304969,275810940.4724877,0.7886241184727499,5,161,0,False,False,False,2,BB,0.2,0.015,0.3,0.15
ACC_000629,Retail_Mortgage,2026-09-16,Large_D-SIB,Free State,349465154.1110964,62636343.787715256,544370994.9451219,0.641961378097167,15,227,0,False,False,False,1,BB,0.2,0.015,0.3,0.15
ACC_000630,Retail_Mortgage,2026-09-16,Large_D-SIB,KZN,688017464.8875847,205330848.33048823,856932338.7206538,0.8028842346115116,14,177,0,False,False,False,3,BBB,0.2,0.015,0.3,0.15
ACC_000631,Retail_Mortgage,2026-09-16,Large_D-SIB,Gauteng,1530297520.729951,317015496.83898735,2241796750.1767898,0.6826209916707527,6,151,0,False,False,False,3,A,0.2,0.015,0.3,0.15
ACC_000632,Retail_Mortgage,2026-09-16,Large_D-SIB,Gauteng,291782060.7675482,30373420.11579341,445305650.2687299,0.6552399696511051,13,118,0,False,False,False,4,BBB,0.2,0.015,0.3,0.15
ACC_000633,Retail_Mortgage,2026-09-16,Large_D-SIB,Eastern Cape,1461636731.9286227,155193812.74658093,2180719247.084359,0.6702544281584362,7,78,0,False,False,False,2,BB,0.2,0.015,0.3,0.15
ACC_000634,Retail_Mortgage,2026-09-16,Large_D-SIB,KZN,825398469.8337935,47059390.57069701,1206081571.8535235,0.6843637189193673,25,60,0,False,False,False,2,AA,0.2,0.015,0.3,0.15
ACC_000635,Retail_Mortgage,2026-09-16,Large_D-SIB,Western Cape,69021777.78627141,10586626.4052997,81688989.61128567,0.8449336699438839,25,49,0,False,False,False,3,BB,0.2,0.015,0.3,0.15
ACC_000636,Retail_Mortgage,2026-09-16,Large_D-SIB,Western Cape,339526001.7328878,67964541.81014502,379407722.8654175,0.8948842663735751,22,57,0,False,False,False,1,BBB,0.2,0.015,0.3,0.15
ACC_000637,Retail_Mortgage,2026-09-16,Large_D-SIB,KZN,314412442.3733706,59170909.45318019,384116186.6273756,0.8185347384966534,16,76,30,False,False,False,3,A,0.2,0.015,0.3,0.15
ACC_000638,Retail_Mortgage,2026-09-16,Large_D-SIB,Gauteng,312147126.0313372,49539169.338922784,348675425.1789497,0.8952369553177854,6,38,0,False,False,False,4,BB,0.2,0.015,0.3,0.15
ACC_000639,Retail_Mortgage,2026-09-16,Large_D-SIB,Gauteng,289728249.5322773,39750701.14629782,420538374.1041751,0.688946044815654,12,58,60,False,False,False,3,B,0.2,0.015,0.3,0.15
ACC_000640,Retail_Mortgage,2026-09-16,Large_D-SIB,Gauteng,449404109.4026405,42449065.25374628,715998204.3730563,0.6276609447591402,14,193,0,False,False,False,1,CCC,0.2,0.015,0.3,0.15
ACC_000641,Retail_Mortgage,2026-09-16,Large_D-SIB,Gauteng,183129297.90093833,47305903.80271615,222592133.930042,0.8227123513650022,10,191,0,False,False,False,3,AA,0.2,0.015,0.3,0.15
ACC_000642,Retail_Mortgage,2026-09-16,Large_D-SIB,Eastern Cape,603989235.8922039,75505952.59161259,919511172.818793,0.6568590504894619,19,138,0,False,False,False,3,A,0.2,0.015,0.3,0.15
ACC_000643,Retail_Mortgage,2026-09-16,Large_D-SIB,KZN,177276862.78365573,41527994.20836707,222531280.68437815,0.7966379478806491,28,63,0,False,False,False,1,BB,0.2,0.015,0.3,0.15
ACC_000644,Retail_Mortgage,2026-09-16,Large_D-SIB,Western Cape,368274234.902043,38915195.75345703,416427460.4975757,0.884365873619391,8,186,0,False,False,False,2,BB,0.2,0.015,0.3,0.15
ACC_000645,Retail_Mortgage,2026-09-16,Large_D-SIB,KZN,543853159.7890208,42464307.3991714,859879107.9997536,0.6324763036214814,22,109,0,False,False,False,3,AA,0.2,0.015,0.3,0.15
ACC_000646,Retail_Mortgage,2026-09-16,Large_D-SIB,North West,68159208.15331861,13968066.645009676,90758985.82485639,0.7509912934114308,21,168,0,False,False,False,4,BB,0.2,0.015,0.3,0.15
ACC_000647,Retail_Mortgage,2026-09-16,Large_D-SIB,Gauteng,303535862.56759644,30234296.161651846,481901100.2128948,0.6298716944898031,11,27,0,False,False,False,3,BB,0.2,0.015,0.3,0.15
ACC_000648,Retail_Mortgage,2026-09-16,Large_D-SIB,Western Cape,324515998.92141664,82428353.10860917,498713055.3079958,0.6507068452840113,29,120,0,False,False,False,3,BB,0.2,0.015,0.3,0.15
ACC_000649,Retail_Mortgage,2026-09-16,Large_D-SIB,Gauteng,958079743.0926763,119260849.37080827,1137947470.5820916,0.8419367043389024,16,146,0,False,False,False,1,A,0.2,0.015,0.3,0.15
ACC_000650,Retail_Mortgage,2026-09-16,Large_D-SIB,North West,498717112.73723364,116946684.63625471,773375677.3674324,0.6448575088821834,22,50,0,False,False,False,2,BBB,0.2,0.015,0.3,0.15
ACC_000651,Retail_Mortgage,2026-09-16,Large_D-SIB,KZN,582439778.2164325,113775617.29673791,837062403.6806144,0.6958140464264185,9,130,60,True,False,False,4,BBB,0.2,0.015,0.3,0.15
ACC_000652,Retail_Mortgage,2026-09-16,Large_D-SIB,Gauteng,223307643.66267326,50573514.72195167,276136654.79778796,0.808685264280467,15,20,0,False,False,False,3,A,0.2,0.015,0.3,0.15
ACC_000653,Retail_Mortgage,2026-09-16,Large_D-SIB,Western Cape,509590553.01323944,113585636.74132241,800253090.7474439,0.6367867352280727,8,29,30,False,False,False,4,BBB,0.2,0.015,0.3,0.15
ACC_000654,Retail_Mortgage,2026-09-16,Large_D-SIB,Mpumalanga,89631478.5794998,20078193.55111641,134051478.083939,0.6686347652457458,12,77,0,False,False,False,2,BBB,0.2,0.015,0.3,0.15
ACC_000655,Retail_Mortgage,2026-09-16,Large_D-SIB,North West,1168888259.6760528,311462492.2198994,1294074384.0996203,0.9032620334953401,19,104,0,False,False,False,3,BB,0.2,0.015,0.3,0.15
ACC_000656,Retail_Mortgage,2026-09-16,Large_D-SIB,Mpumalanga,156370539.64499548,11918469.785031652,226108512.96598223,0.6915729867655237,25,72,0,False,False,False,4,BBB,0.2,0.015,0.3,0.15
ACC_000657,Retail_Mortgage,2026-09-16,Large_D-SIB,Western Cape,227148181.52025405,63505884.26510494,354079706.4017165,0.6415170861629276,21,102,0,False,False,False,5,A,0.2,0.015,0.3,0.15
ACC_000658,Retail_Mortgage,2026-09-16,Large_D-SIB,Mpumalanga,110750145.41945438,20938121.351146623,141945589.61740068,0.7802295634402568,10,205,0,False,False,False,3,B,0.2,0.015,0.3,0.15
ACC_000659,Retail_Mortgage,2026-09-16,Large_D-SIB,Free State,624736591.1458427,41644428.54343908,908168020.4750727,0.6879085995772413,23,138,0,False,False,False,2,BB,0.2,0.015,0.3,0.15
ACC_000660,Retail_Mortgage,2026-09-16,Large_D-SIB,Gauteng,172599614.28039834,24376491.343144387,249942464.72880054,0.6905573827467739,23,226,0,False,False,False,5,BBB,0.2,0.015,0.3,0.15
ACC_000661,Retail_Mortgage,2026-09-16,Large_D-SIB,Western Cape,143384069.4901292,35350457.35448917,192938061.79434896,0.7431611376036371,24,177,0,False,False,False,2,B,0.2,0.015,0.3,0.15
ACC_000662,Retail_Mortgage,2026-09-16,Large_D-SIB,KZN,127712581.1145376,19308314.59878654,141860222.70371854,0.9002705528051445,8,53,0,False,False,False,3,CCC,0.2,0.015,0.3,0.15
ACC_000663,Retail_Mortgage,2026-09-16,Large_D-SIB,Gauteng,194771100.4637538,30055674.436720897,249051943.9912809,0.7820501110827408,11,225,0,False,False,False,2,B,0.2,0.015,0.3,0.15
ACC_000664,Retail_Mortgage,2026-09-16,Large_D-SIB,Western Cape,31773857.106361695,2563546.7355070943,40637909.2274918,0.7818772596909704,23,12,0,False,False,False,2,BB,0.2,0.015,0.3,0.15
ACC_000665,Retail_Mortgage,2026-09-16,Large_D-SIB,KZN,172088939.9684627,26586709.99645949,197234283.5957931,0.8725102798108739,19,148,0,False,False,False,4,A,0.2,0.015,0.3,0.15
ACC_000666,Retail_Mortgage,2026-09-16,Large_D-SIB,Eastern Cape,157063086.77915096,32434954.308220875,198246230.8420376,0.7922626630127394,9,196,0,False,False,False,5,BB,0.2,0.015,0.3,0.15
ACC_000667,Retail_Mortgage,2026-09-16,Large_D-SIB,Western Cape,433318592.53298604,106193142.06648913,483581736.7006784,0.8960607062817932,9,214,0,False,False,False,5,AA,0.2,0.015,0.3,0.15
ACC_000668,Retail_Mortgage,2026-09-16,Large_D-SIB,Eastern Cape,227922944.93018225,51544298.59958828,277421234.8669809,0.8215771407674243,10,202,0,False,False,False,3,BB,0.2,0.015,0.3,0.15
ACC_000669,Retail_Mortgage,2026-09-16,Large_D-SIB,KZN,432090455.8779895,57761384.60110156,540056186.2594997,0.8000842632147313,11,209,0,False,False,False,5,BB,0.2,0.015,0.3,0.15
ACC_000670,Retail_Mortgage,2026-09-16,Large_D-SIB,Gauteng,277752412.2452952,28999216.669899292,401827179.3131503,0.6912235571522611,14,200,0,False,False,False,3,BB,0.2,0.015,0.3,0.15
ACC_000671,Retail_Mortgage,2026-09-16,Large_D-SIB,Gauteng,149866981.55493158,11494064.381660197,180681737.53202355,0.8294528467680335,17,201,0,False,False,False,4,BBB,0.2,0.015,0.3,0.15
ACC_000672,Retail_Mortgage,2026-09-16,Large_D-SIB,Gauteng,125746169.40631384,35262432.74926701,161113362.7927688,0.7804825572913785,16,38,0,False,False,False,4,BBB,0.2,0.015,0.3,0.15
ACC_000673,Retail_Mortgage,2026-09-16,Large_D-SIB,Western Cape,77112964.10443455,16450701.410791997,110069488.54715654,0.7005843773989866,6,26,0,False,False,False,3,B,0.2,0.015,0.3,0.15
ACC_000674,Retail_Mortgage,2026-09-16,Large_D-SIB,Gauteng,201189408.89387053,39742325.35564988,233691727.86827385,0.860917973986978,5,233,30,False,False,False,2,A,0.2,0.015,0.3,0.15
ACC_000675,Retail_Mortgage,2026-09-16,Large_D-SIB,Gauteng,504225745.51517254,83047488.29719837,803057381.7800134,0.6278825859212366,27,193,0,False,False,False,2,BB,0.2,0.015,0.3,0.15
ACC_000676,Retail_Mortgage,2026-09-16,Large_D-SIB,Gauteng,578529701.4348186,114386280.6392877,730649965.6171026,0.7918014489280046,25,161,0,False,False,False,4,BB,0.2,0.015,0.3,0.15
ACC_000677,Retail_Mortgage,2026-09-16,Large_D-SIB,Gauteng,359237573.4105347,52188522.796893395,485425111.5222705,0.7400473623706495,30,175,5,False,False,False,1,BBB,0.2,0.015,0.3,0.15
ACC_000678,Retail_Mortgage,2026-09-16,Large_D-SIB,North West,310417834.98915225,90555978.58496062,350415666.033892,0.8858560420615693,8,147,0,False,False,False,2,AA,0.2,0.015,0.3,0.15
ACC_000679,Retail_Mortgage,2026-09-16,Large_D-SIB,North West,402601431.2761813,43046633.937831156,634337257.0972717,0.6346804113611205,17,147,0,False,False,False,2,BBB,0.2,0.015,0.3,0.15
ACC_000680,Retail_Mortgage,2026-09-16,Large_D-SIB,Gauteng,281714157.21771634,75938020.54657263,409404573.18890697,0.6881070111733415,10,219,0,False,False,False,2,BBB,0.2,0.015,0.3,0.15
ACC_000681,Retail_Mortgage,2026-09-16,Large_D-SIB,North West,234410545.83905476,16051119.464306924,345384440.6279951,0.6786945741181564,12,70,30,False,False,False,2,BB,0.2,0.015,0.3,0.15
ACC_000682,Retail_Mortgage,2026-09-16,Large_D-SIB,Free State,188729913.56919223,24823254.707426578,274262008.7143754,0.6881372832273724,15,96,0,False,False,False,3,A,0.2,0.015,0.3,0.15
ACC_000683,Retail_Mortgage,2026-09-16,Large_D-SIB,Gauteng,750093849.4574986,60259103.22376233,1106067025.0766037,0.6781631062598117,7,180,0,False,False,False,5,A,0.2,0.015,0.3,0.15
ACC_000684,Retail_Mortgage,2026-09-16,Large_D-SIB,Western Cape,348575344.2912243,89982783.29801956,497606194.66660064,0.7005044310687732,20,87,0,False,False,False,3,BBB,0.2,0.015,0.3,0.15
ACC_000685,Retail_Mortgage,2026-09-16,Large_D-SIB,Gauteng,799514722.7947085,172863192.0912397,1202780798.155298,0.664721887829372,12,94,0,False,False,False,5,CCC,0.2,0.015,0.3,0.15
ACC_000686,Retail_Mortgage,2026-09-16,Large_D-SIB,KZN,445578777.6583533,24438560.27262367,708163972.3726728,0.629202833018264,10,93,0,False,False,False,1,A,0.2,0.015,0.3,0.15
ACC_000687,Retail_Mortgage,2026-09-16,Large_D-SIB,Gauteng,251671552.2225677,21975603.633079857,281825348.70619345,0.8930053786075096,16,87,0,False,False,False,1,B,0.2,0.015,0.3,0.15
ACC_000688,Retail_Mortgage,2026-09-16,Large_D-SIB,Eastern Cape,357224882.9572078,97796480.65675417,472209532.75339603,0.7564965511692938,13,97,0,False,False,False,4,CCC,0.2,0.015,0.3,0.15
ACC_000689,Retail_Mortgage,2026-09-16,Large_D-SIB,Gauteng,105660742.10912998,25088355.816010293,128472047.43408847,0.8224414899539789,13,72,60,True,False,False,3,BBB,0.2,0.015,0.3,0.15
ACC_000690,Retail_Mortgage,2026-09-16,Large_D-SIB,KZN,437464012.7610027,38404428.14301621,512471975.7501396,0.8536349955929928,5,59,0,False,False,False,4,AA,0.2,0.015,0.3,0.15
ACC_000691,Retail_Mortgage,2026-09-16,Large_D-SIB,Free State,157126088.50643194,8194799.087666094,200374319.27149343,0.7841628062802644,14,100,0,False,False,False,1,BBB,0.2,0.015,0.3,0.15
ACC_000692,Retail_Mortgage,2026-09-16,Large_D-SIB,Mpumalanga,312382284.86739326,84218513.4419013,434503588.1413803,0.7189406333872419,13,8,0,False,False,False,3,BB,0.2,0.015,0.3,0.15
ACC_000693,Retail_Mortgage,2026-09-16,Large_D-SIB,Gauteng,261231616.53598872,75445590.88141884,410787264.3754886,0.6359292003201067,30,13,0,False,False,False,2,BB,0.2,0.015,0.3,0.15
ACC_000694,Retail_Mortgage,2026-09-16,Large_D-SIB,Western Cape,164018582.3070218,10894632.133077256,248332160.3680247,0.660480632327076,5,166,0,False,False,False,5,A,0.2,0.015,0.3,0.15
ACC_000695,Retail_Mortgage,2026-09-16,Large_D-SIB,Gauteng,140476441.67495307,37969003.917874575,160443740.029204,0.8755495331222242,15,175,0,False,False,False,4,AA,0.2,0.015,0.3,0.15
ACC_000696,Retail_Mortgage,2026-09-16,Large_D-SIB,Gauteng,2091194040.0140216,245866701.57423106,2311336600.069143,0.9047553004402147,10,32,0,False,False,False,2,A,0.2,0.015,0.3,0.15
ACC_000697,Retail_Mortgage,2026-09-16,Large_D-SIB,Gauteng,165203741.40875804,14289540.82233043,256386220.45988375,0.6443549934642729,12,166,0,False,False,False,5,CCC,0.2,0.015,0.3,0.15
ACC_000698,Retail_Mortgage,2026-09-16,Large_D-SIB,Mpumalanga,220750232.87392968,42476222.495614834,303665569.5687506,0.7269518015737747,23,185,0,False,False,False,3,B,0.2,0.015,0.3,0.15
ACC_000699,Retail_Mortgage,2026-09-16,Large_D-SIB,Eastern Cape,538962166.3102715,99849355.63520709,593474229.3349131,0.9081475482335072,14,83,0,False,False,False,1,BBB,0.2,0.015,0.3,0.15
ACC_000700,Retail_Mortgage,2026-09-16,Large_D-SIB,Western Cape,280539107.7686359,23333021.276075337,434831059.7285784,0.645168052033239,16,31,0,False,False,False,4,BB,0.2,0.015,0.3,0.15
ACC_000701,Retail_Vehicle,2026-09-16,Large_D-SIB,KZN,134474625.09104714,3259259.4388791663,136595694.44051546,0.9844719164966652,5,76,0,False,False,False,2,CCC,0.6,0.035,0.4,0.1
ACC_000702,Retail_Vehicle,2026-09-16,Large_D-SIB,Gauteng,194872914.61403015,15463181.115343437,117387629.28872319,1.66008050247549,6,184,0,False,False,False,3,BBB,0.6,0.035,0.4,0.1
ACC_000703,Retail_Vehicle,2026-09-16,Large_D-SIB,KZN,629801348.3088361,55923226.1402116,417151554.4585295,1.5097662745769462,3,177,0,False,False,False,3,BBB,0.6,0.035,0.4,0.1
ACC_000704,Retail_Vehicle,2026-09-16,Large_D-SIB,Gauteng,63573827.279005095,979915.8273684814,47450522.99196355,1.3397919194646657,1,7,0,False,False,False,2,A,0.6,0.035,0.4,0.1
ACC_000705,Retail_Vehicle,2026-09-16,Large_D-SIB,Western Cape,1150524383.971073,92069881.98099735,1004036480.9095272,1.1458989845955065,7,159,0,False,False,False,3,B,0.6,0.035,0.4,0.1
ACC_000706,Retail_Vehicle,2026-09-16,Large_D-SIB,Limpopo,252373301.16743267,8046259.512058662,180060860.18263692,1.4015999974200322,3,166,0,False,False,False,1,BBB,0.6,0.035,0.4,0.1
ACC_000707,Retail_Vehicle,2026-09-16,Large_D-SIB,Gauteng,352554393.02999187,3449113.599802697,317337291.5472428,1.1109768767201638,2,29,0,False,False,False,1,BBB,0.6,0.035,0.4,0.1
ACC_000708,Retail_Vehicle,2026-09-16,Large_D-SIB,Gauteng,99760241.63194841,5583027.023771899,68253799.63839367,1.4616071509641193,5,44,0,False,False,False,2,B,0.6,0.035,0.4,0.1
ACC_000709,Retail_Vehicle,2026-09-16,Large_D-SIB,KZN,146906026.62871215,10847247.147724342,104680545.60925797,1.4033746745748692,6,116,0,False,False,False,2,BB,0.6,0.035,0.4,0.1
ACC_000710,Retail_Vehicle,2026-09-16,Large_D-SIB,Gauteng,95062307.56570496,1885050.4053507242,93207282.09559025,1.0199021517247147,3,226,0,False,False,False,4,BBB,0.6,0.035,0.4,0.1
ACC_000711,Retail_Vehicle,2026-09-16,Large_D-SIB,Western Cape,317947872.9898696,24823507.093422588,212922670.81471035,1.493255141753103,4,12,0,False,False,False,5,BB,0.6,0.035,0.4,0.1
ACC_000712,Retail_Vehicle,2026-09-16,Large_D-SIB,Western Cape,298178201.6681036,19727441.733401857,212326465.96063608,1.4043383631854158,7,91,0,False,False,False,1,A,0.6,0.035,0.4,0.1
ACC_000713,Retail_Vehicle,2026-09-16,Large_D-SIB,KZN,830437207.5445981,68869440.80681628,711898976.1553054,1.166509905702453,2,230,0,False,False,False,3,AA,0.6,0.035,0.4,0.1
ACC_000714,Retail_Vehicle,2026-09-16,Large_D-SIB,Gauteng,210469342.75142983,2196601.9233465786,169884821.08897233,1.238894336776577,2,48,0,False,False,False,4,BB,0.6,0.035,0.4,0.1
ACC_000715,Retail_Vehicle,2026-09-16,Large_D-SIB,Western Cape,129228905.74360405,12844751.480091235,102915102.18664944,1.2556845691046512,1,121,5,False,False,False,2,CCC,0.6,0.035,0.4,0.1
ACC_000716,Retail_Vehicle,2026-09-16,Large_D-SIB,North West,651922727.3941026,38640513.135881424,665459330.4275169,0.9796582564636701,1,33,0,False,False,False,5,A,0.6,0.035,0.4,0.1
ACC_000717,Retail_Vehicle,2026-09-16,Large_D-SIB,Limpopo,410350271.8723853,9773577.476744799,423717212.6209431,0.9684531561371431,1,73,0,False,False,False,2,AA,0.6,0.035,0.4,0.1
ACC_000718,Retail_Vehicle,2026-09-16,Large_D-SIB,Gauteng,734052920.8761036,17677721.53665552,487471936.7768165,1.5058362656313926,7,25,0,False,False,False,3,BBB,0.6,0.035,0.4,0.1
ACC_000719,Retail_Vehicle,2026-09-16,Large_D-SIB,Eastern Cape,1052119933.7606716,11833772.617754254,1129681226.9035068,0.9313423191465852,4,114,0,False,False,False,2,B,0.6,0.035,0.4,0.1
ACC_000720,Retail_Vehicle,2026-09-16,Large_D-SIB,Limpopo,562396351.2258955,48946501.75784241,422382288.7720835,1.3314865849627593,1,49,0,False,False,False,2,BBB,0.6,0.035,0.4,0.1
ACC_000721,Retail_Vehicle,2026-09-16,Large_D-SIB,Western Cape,94506846.58673786,7498768.794434649,58144354.54176628,1.6253830200978783,4,38,0,False,False,False,2,A,0.6,0.035,0.4,0.1
ACC_000722,Retail_Vehicle,2026-09-16,Large_D-SIB,Eastern Cape,206010680.5069136,14650683.325884696,175289600.85901606,1.1752589970959328,1,119,0,False,False,False,1,BBB,0.6,0.035,0.4,0.1
ACC_000723,Retail_Vehicle,2026-09-16,Large_D-SIB,Gauteng,242423344.00000185,15151858.114885373,152102834.09439078,1.593812143234364,2,185,0,False,False,False,2,BBB,0.6,0.035,0.4,0.1
ACC_000724,Retail_Vehicle,2026-09-16,Large_D-SIB,Mpumalanga,224071069.02540293,15688529.093595935,222611875.4799526,1.0065548773725763,2,229,0,False,False,False,1,AAA,0.6,0.035,0.4,0.1
ACC_000725,Retail_Vehicle,2026-09-16,Large_D-SIB,Western Cape,56748506.404710345,400029.583820452,52539020.55062568,1.0801211330163354,2,225,0,False,False,False,1,A,0.6,0.035,0.4,0.1
ACC_000726,Retail_Vehicle,2026-09-16,Large_D-SIB,Gauteng,198369017.5626869,9576250.088679902,120782229.27080539,1.6423692356093582,1,24,0,False,False,False,3,BB,0.6,0.035,0.4,0.1
ACC_000727,Retail_Vehicle,2026-09-16,Large_D-SIB,KZN,669193838.7243434,6668021.5011229385,462117802.89171535,1.4481022685922158,5,91,0,False,False,False,5,CCC,0.6,0.035,0.4,0.1
ACC_000728,Retail_Vehicle,2026-09-16,Large_D-SIB,Gauteng,2357513505.4339705,226933076.07587406,1489066458.3416233,1.5832157740357262,5,201,0,False,False,False,5,AAA,0.6,0.035,0.4,0.1
ACC_000729,Retail_Vehicle,2026-09-16,Large_D-SIB,Gauteng,1656400711.0948865,39486183.19301622,1710233328.9043472,0.9685232319475681,7,7,0,False,False,False,5,CCC,0.6,0.035,0.4,0.1
ACC_000730,Retail_Vehicle,2026-09-16,Large_D-SIB,Gauteng,269128638.755635,3151489.283913931,219584439.269559,1.2256270965778964,4,113,90,True,False,False,5,A,0.6,0.035,0.4,0.1
ACC_000731,Retail_Vehicle,2026-09-16,Large_D-SIB,KZN,636327215.9296868,46008488.90915588,429594946.14990777,1.4812260284543466,4,95,0,False,False,False,3,BB,0.6,0.035,0.4,0.1
ACC_000732,Retail_Vehicle,2026-09-16,Large_D-SIB,Gauteng,517904567.9529987,12480432.344584199,482702892.2212333,1.0729261752913462,4,178,0,False,False,False,3,BBB,0.6,0.035,0.4,0.1
ACC_000733,Retail_Vehicle,2026-09-16,Large_D-SIB,Eastern Cape,1119328783.9318788,10374879.458056975,970097444.2394594,1.1538312883706383,3,57,0,False,False,False,3,BB,0.6,0.035,0.4,0.1
ACC_000734,Retail_Vehicle,2026-09-16,Large_D-SIB,Eastern Cape,286055492.6453715,6201098.169310399,248879742.76095906,1.1493723413243742,7,5,0,False,False,False,3,BB,0.6,0.035,0.4,0.1
ACC_000735,Retail_Vehicle,2026-09-16,Large_D-SIB,Gauteng,288054965.69815314,19045922.76346574,218597603.47136015,1.3177407305652051,3,109,0,False,False,False,3,BB,0.6,0.035,0.4,0.1
ACC_000736,Retail_Vehicle,2026-09-16,Large_D-SIB,Eastern Cape,229471520.6069031,1332634.2406385536,208049483.43102005,1.102966067603747,4,233,0,False,False,False,3,BBB,0.6,0.035,0.4,0.1
ACC_000737,Retail_Vehicle,2026-09-16,Large_D-SIB,Western Cape,1211125046.5063148,117593593.23355928,1137402956.184042,1.064816158531545,5,22,0,False,False,False,1,A,0.6,0.035,0.4,0.1
ACC_000738,Retail_Vehicle,2026-09-16,Large_D-SIB,North West,454586297.2887029,14325478.133114839,486331906.63079435,0.93472439519336,6,3,0,False,False,False,4,BBB,0.6,0.035,0.4,0.1
ACC_000739,Retail_Vehicle,2026-09-16,Large_D-SIB,KZN,155945090.4177349,8480614.687700713,106807930.81011412,1.460051601364491,7,137,0,False,False,False,2,A,0.6,0.035,0.4,0.1
ACC_000740,Retail_Vehicle,2026-09-16,Large_D-SIB,Western Cape,672722749.5646569,35839052.61867608,489126458.2744479,1.3753554692950047,7,144,0,False,False,False,3,AA,0.6,0.035,0.4,0.1
ACC_000741,Retail_Vehicle,2026-09-16,Large_D-SIB,North West,327448739.5124328,19426817.76852931,294618859.24698305,1.1114316997539115,7,101,0,False,False,False,3,B,0.6,0.035,0.4,0.1
ACC_000742,Retail_Vehicle,2026-09-16,Large_D-SIB,Gauteng,1338471393.3629587,14926525.822375381,1218363616.803099,1.098581223949394,6,152,0,False,False,False,5,BB,0.6,0.035,0.4,0.1
ACC_000743,Retail_Vehicle,2026-09-16,Large_D-SIB,Gauteng,158858867.36739793,15403014.499969475,148871531.18934783,1.0670869446848594,6,158,0,False,False,False,2,CCC,0.6,0.035,0.4,0.1
ACC_000744,Retail_Vehicle,2026-09-16,Large_D-SIB,Mpumalanga,636599263.9120933,39952830.57755146,592503716.4607161,1.0744223980817862,3,86,0,False,False,False,1,A,0.6,0.035,0.4,0.1
ACC_000745,Retail_Vehicle,2026-09-16,Large_D-SIB,Gauteng,2512654748.006717,125077167.39308235,2080485641.5320442,1.2077251089108354,1,23,0,False,False,False,3,BBB,0.6,0.035,0.4,0.1
ACC_000746,Retail_Vehicle,2026-09-16,Large_D-SIB,KZN,1362906657.895164,29727272.38290021,1279998340.4839416,1.0647722069544845,7,25,0,False,False,False,5,AA,0.6,0.035,0.4,0.1
ACC_000747,Retail_Vehicle,2026-09-16,Large_D-SIB,Gauteng,197178805.07872987,5140946.926228785,215287676.09247667,0.915885240890574,7,68,0,False,False,False,3,BBB,0.6,0.035,0.4,0.1
ACC_000748,Retail_Vehicle,2026-09-16,Large_D-SIB,Gauteng,343467187.1513857,6638999.479306065,293545092.18103933,1.1700661884667372,7,24,0,False,False,False,1,BB,0.6,0.035,0.4,0.1
ACC_000749,Retail_Vehicle,2026-09-16,Large_D-SIB,Eastern Cape,185427410.29624698,13481068.518765494,114732552.51015158,1.616170879488106,1,7,0,False,False,False,3,BB,0.6,0.035,0.4,0.1
ACC_000750,Retail_Vehicle,2026-09-16,Large_D-SIB,Western Cape,326866499.6630533,10202133.028936611,287767000.0439171,1.135872075718095,3,160,0,False,False,False,5,BBB,0.6,0.035,0.4,0.1
ACC_000751,Retail_Vehicle,2026-09-16,Large_D-SIB,Limpopo,428824026.9474384,16520745.947039366,358605714.2956536,1.1958092407693568,3,13,0,False,False,False,2,B,0.6,0.035,0.4,0.1
ACC_000752,Retail_Vehicle,2026-09-16,Large_D-SIB,KZN,218443893.25309238,11296699.613084888,150144723.86516163,1.454888907380237,6,103,0,False,False,False,1,B,0.6,0.035,0.4,0.1
ACC_000753,Retail_Vehicle,2026-09-16,Large_D-SIB,Mpumalanga,314917436.1496018,21348916.057612102,241949986.3831588,1.3015807144989449,4,227,0,False,False,False,5,AA,0.6,0.035,0.4,0.1
ACC_000754,Retail_Vehicle,2026-09-16,Large_D-SIB,Western Cape,381435301.7261651,24800672.452443335,408131239.012786,0.93458982127613,4,204,0,False,False,False,3,BB,0.6,0.035,0.4,0.1
ACC_000755,Retail_Vehicle,2026-09-16,Large_D-SIB,Mpumalanga,493302520.52561444,11363305.390755929,480650763.907918,1.0263221398314895,3,45,0,False,False,False,1,A,0.6,0.035,0.4,0.1
ACC_000756,Retail_Vehicle,2026-09-16,Large_D-SIB,Limpopo,576037269.8506149,11225815.146255262,532482871.01101077,1.0817949293972755,2,11,0,False,False,False,2,CCC,0.6,0.035,0.4,0.1
ACC_000757,Retail_Vehicle,2026-09-16,Large_D-SIB,Mpumalanga,95989084.83867702,7142361.317661603,89414487.9594091,1.073529436104947,7,33,0,False,False,False,5,B,0.6,0.035,0.4,0.1
ACC_000758,Retail_Vehicle,2026-09-16,Large_D-SIB,KZN,49220202.96834295,3989814.652297755,30151979.129594263,1.6324037223822951,7,167,0,False,False,False,2,BB,0.6,0.035,0.4,0.1
ACC_000759,Retail_Vehicle,2026-09-16,Large_D-SIB,KZN,874056312.9467707,26639240.086048506,682539446.5090669,1.280594575767365,1,132,0,False,False,False,1,BBB,0.6,0.035,0.4,0.1
ACC_000760,Retail_Vehicle,2026-09-16,Large_D-SIB,Gauteng,108111434.99962473,9308597.736762926,113826190.6728618,0.9497940180598562,5,212,5,False,False,False,2,BBB,0.6,0.035,0.4,0.1
ACC_000761,Retail_Vehicle,2026-09-16,Large_D-SIB,Gauteng,854718077.4288855,5523944.445949767,587479116.1400099,1.4548909977340987,5,193,0,False,False,False,3,BBB,0.6,0.035,0.4,0.1
ACC_000762,Retail_Vehicle,2026-09-16,Large_D-SIB,Mpumalanga,196156103.41595185,2179821.9227817706,176593848.0299926,1.1107754069815432,4,126,30,False,False,False,4,B,0.6,0.035,0.4,0.1
ACC_000763,Retail_Vehicle,2026-09-16,Large_D-SIB,KZN,198577435.97207096,14465671.95800721,174250732.71787086,1.139607466062065,2,73,30,False,False,False,5,B,0.6,0.035,0.4,0.1
ACC_000764,Retail_Vehicle,2026-09-16,Large_D-SIB,North West,348753543.55291545,31899915.915702313,294527615.009921,1.184111525641383,3,201,0,False,False,False,2,BB,0.6,0.035,0.4,0.1
ACC_000765,Retail_Vehicle,2026-09-16,Large_D-SIB,Gauteng,138478183.45661023,228160.79437478282,104881706.25980441,1.3203273325243523,2,196,0,False,False,False,3,AA,0.6,0.035,0.4,0.1
ACC_000766,Retail_Vehicle,2026-09-16,Large_D-SIB,Gauteng,243045692.535227,13134627.645513775,146684871.50110877,1.6569240580027358,6,176,0,False,False,False,3,BBB,0.6,0.035,0.4,0.1
ACC_000767,Retail_Vehicle,2026-09-16,Large_D-SIB,Western Cape,305313276.3321706,20366375.539169233,244264268.30228147,1.2499301615180975,4,89,0,False,False,False,4,A,0.6,0.035,0.4,0.1
ACC_000768,Retail_Vehicle,2026-09-16,Large_D-SIB,Western Cape,49154346.434315324,2551857.91736119,45331809.33134539,1.084323506150609,2,148,90,True,False,False,4,BB,0.6,0.035,0.4,0.1
ACC_000769,Retail_Vehicle,2026-09-16,Large_D-SIB,Gauteng,515814120.48867595,12554636.14444682,318887713.4684714,1.6175415317143436,4,35,0,False,False,False,3,CCC,0.6,0.035,0.4,0.1
ACC_000770,Retail_Vehicle,2026-09-16,Large_D-SIB,Eastern Cape,80906098.25808914,3231807.56029451,79313657.14603822,1.0200777667977003,4,159,0,False,False,False,2,BBB,0.6,0.035,0.4,0.1
ACC_000771,Retail_Vehicle,2026-09-16,Large_D-SIB,Gauteng,635719135.1712754,38892031.433738604,510463548.899322,1.2453761616123884,1,219,0,False,False,False,2,BBB,0.6,0.035,0.4,0.1
ACC_000772,Retail_Vehicle,2026-09-16,Large_D-SIB,Gauteng,65010709.433712624,1324334.8110729228,47444418.50830781,1.3702498940381966,6,187,0,False,False,False,2,BB,0.6,0.035,0.4,0.1
ACC_000773,Retail_Vehicle,2026-09-16,Large_D-SIB,KZN,340140123.68364495,14839810.62993311,217072112.40197992,1.5669452879961125,1,135,0,False,False,False,1,A,0.6,0.035,0.4,0.1
ACC_000774,Retail_Vehicle,2026-09-16,Large_D-SIB,KZN,670140996.9375234,64955137.759347774,528653331.8038305,1.2676378954255703,5,39,0,False,False,False,4,BBB,0.6,0.035,0.4,0.1
ACC_000775,Retail_Vehicle,2026-09-16,Large_D-SIB,Western Cape,370401710.14163244,31426471.803933233,372596629.2594337,0.9941091278196375,6,131,0,False,False,False,1,A,0.6,0.035,0.4,0.1
ACC_000776,Retail_Vehicle,2026-09-16,Large_D-SIB,Western Cape,420305490.62356967,31566952.833023317,253017295.06757635,1.6611729665014152,5,43,0,False,False,False,4,BB,0.6,0.035,0.4,0.1
ACC_000777,Retail_Vehicle,2026-09-16,Large_D-SIB,Gauteng,194398539.12455365,14331329.28961425,151436711.3744363,1.283694933416057,2,40,0,False,False,False,5,AA,0.6,0.035,0.4,0.1
ACC_000778,Retail_Vehicle,2026-09-16,Large_D-SIB,Gauteng,49466058.40188549,2086567.529680747,46101440.9188201,1.0729829136792088,3,240,0,False,False,False,3,A,0.6,0.035,0.4,0.1
ACC_000779,Retail_Vehicle,2026-09-16,Large_D-SIB,Free State,150884275.70850366,12261404.22033155,102394073.37369551,1.4735645407702378,3,25,0,False,False,False,3,BBB,0.6,0.035,0.4,0.1
ACC_000780,Retail_Vehicle,2026-09-16,Large_D-SIB,Gauteng,205086138.01910987,11318852.140695253,131411574.5069566,1.5606398354830846,1,179,0,False,False,False,4,B,0.6,0.035,0.4,0.1
ACC_000781,Retail_Vehicle,2026-09-16,Large_D-SIB,Eastern Cape,73405616.49743205,5997167.211673156,57289197.53663842,1.2813168913822999,1,234,30,False,False,False,2,BB,0.6,0.035,0.4,0.1
ACC_000782,Retail_Vehicle,2026-09-16,Large_D-SIB,Western Cape,307320120.3619172,8629316.977662856,234663241.19256124,1.3096219024339426,6,135,0,False,False,False,1,BBB,0.6,0.035,0.4,0.1
ACC_000783,Retail_Vehicle,2026-09-16,Large_D-SIB,Mpumalanga,364201299.3244261,581193.4959362628,333224745.21044403,1.0929599453798644,3,123,0,False,False,False,1,BBB,0.6,0.035,0.4,0.1
ACC_000784,Retail_Vehicle,2026-09-16,Large_D-SIB,Gauteng,343437717.45364714,20917386.625290543,352818874.39329034,0.9734108415946423,3,100,0,False,False,False,4,A,0.6,0.035,0.4,0.1
ACC_000785,Retail_Vehicle,2026-09-16,Large_D-SIB,Mpumalanga,140658705.5595815,3767128.5662020715,134545239.6548081,1.045437994836965,7,128,0,False,False,False,3,BB,0.6,0.035,0.4,0.1
ACC_000786,Retail_Vehicle,2026-09-16,Large_D-SIB,Gauteng,154580218.03316313,9064003.24494854,167909400.23543748,0.9206168196444954,6,71,0,False,False,False,2,BB,0.6,0.035,0.4,0.1
ACC_000787,Retail_Vehicle,2026-09-16,Large_D-SIB,Western Cape,210058880.26972058,10368200.767722556,140863152.50170982,1.4912266021248592,2,34,0,False,False,False,3,BBB,0.6,0.035,0.4,0.1
ACC_000788,Retail_Vehicle,2026-09-16,Large_D-SIB,Eastern Cape,2680852558.136974,40980306.20533071,2202153279.5304832,1.217377819725861,2,153,0,False,False,False,4,A,0.6,0.035,0.4,0.1
ACC_000789,Retail_Vehicle,2026-09-16,Large_D-SIB,Gauteng,218848507.1805987,2267494.3736952543,210103574.63886493,1.0416220074159372,6,3,120,False,False,True,2,BBB,0.6,0.035,0.4,0.1
ACC_000790,Retail_Vehicle,2026-09-16,Large_D-SIB,Western Cape,142447492.2056773,10243621.563831061,109012594.77929807,1.3067067387403264,4,185,0,False,False,False,4,CCC,0.6,0.035,0.4,0.1
ACC_000791,Retail_Vehicle,2026-09-16,Large_D-SIB,Western Cape,302709998.6488474,20203441.363825656,237153040.2194701,1.2764331351970377,6,58,15,False,False,False,2,BBB,0.6,0.035,0.4,0.1
ACC_000792,Retail_Vehicle,2026-09-16,Large_D-SIB,KZN,574804713.6653739,16246192.988290781,414949532.9471211,1.385240054574598,3,187,0,False,False,False,3,B,0.6,0.035,0.4,0.1
ACC_000793,Retail_Vehicle,2026-09-16,Large_D-SIB,KZN,356264463.8255344,33183868.06209118,330788244.8445352,1.077016699892019,6,168,0,False,False,False,2,B,0.6,0.035,0.4,0.1
ACC_000794,Retail_Vehicle,2026-09-16,Large_D-SIB,Gauteng,177997204.8092972,7949147.621953514,115656662.67877887,1.5390138422345885,4,108,0,False,False,False,4,A,0.6,0.035,0.4,0.1
ACC_000795,Retail_Vehicle,2026-09-16,Large_D-SIB,Gauteng,102952513.92140402,5517531.39526442,102763685.7180312,1.001837499327252,1,206,15,False,False,False,4,BB,0.6,0.035,0.4,0.1
ACC_000796,Retail_Vehicle,2026-09-16,Large_D-SIB,Gauteng,494130824.9319891,3873385.836422626,310939581.84563476,1.5891538220994301,3,148,0,False,False,False,5,AA,0.6,0.035,0.4,0.1
ACC_000797,Retail_Vehicle,2026-09-16,Large_D-SIB,Gauteng,351542708.18804526,1772048.748040363,341131394.81734127,1.03051995075469,7,160,15,False,False,False,2,BB,0.6,0.035,0.4,0.1
ACC_000798,Retail_Vehicle,2026-09-16,Large_D-SIB,Gauteng,195308099.0180604,12299119.003117993,163708722.0813887,1.1930219510293525,6,33,0,False,False,False,1,BBB,0.6,0.035,0.4,0.1
ACC_000799,Retail_Vehicle,2026-09-16,Large_D-SIB,KZN,255999902.4601831,17607039.042176027,177308436.87181985,1.443811174339386,1,181,0,False,False,False,2,BBB,0.6,0.035,0.4,0.1
ACC_000800,Retail_Vehicle,2026-09-16,Large_D-SIB,Eastern Cape,634186748.8013388,1075355.4043713505,583016732.0353673,1.087767664209794,6,102,0,False,False,False,2,BB,0.6,0.035,0.4,0.1
ACC_000801,Retail_Vehicle,2026-09-16,Large_D-SIB,KZN,70726105.2987291,3570194.8073355686,67092513.946198866,1.054157925211209,6,39,60,False,False,False,3,A,0.6,0.035,0.4,0.1
ACC_000802,Retail_Vehicle,2026-09-16,Large_D-SIB,KZN,1251553018.9346476,91394483.50326847,899578762.6761597,1.3912656354974393,4,151,0,False,False,False,2,BBB,0.6,0.035,0.4,0.1
ACC_000803,Retail_Vehicle,2026-09-16,Large_D-SIB,KZN,352343039.0415615,8760037.353570888,238662550.93733123,1.4763231083291355,2,86,0,False,False,False,1,BBB,0.6,0.035,0.4,0.1
ACC_000804,Retail_Vehicle,2026-09-16,Large_D-SIB,Eastern Cape,227516291.9639936,17586439.84996792,170358461.89629745,1.335515062952904,3,236,60,False,False,False,4,AA,0.6,0.035,0.4,0.1
ACC_000805,Retail_Vehicle,2026-09-16,Large_D-SIB,Western Cape,165898850.51128867,5078625.376407592,132803284.99282683,1.2492074312788983,4,11,60,False,False,False,5,BBB,0.6,0.035,0.4,0.1
ACC_000806,Retail_Vehicle,2026-09-16,Large_D-SIB,Gauteng,296540160.3663515,13759107.537514126,298866993.78000665,0.9922144851653711,7,125,0,False,False,False,3,A,0.6,0.035,0.4,0.1
ACC_000807,Retail_Vehicle,2026-09-16,Large_D-SIB,Gauteng,1079899346.395857,16389948.502759773,836112827.7500525,1.291571317356564,5,196,0,False,False,False,2,B,0.6,0.035,0.4,0.1
ACC_000808,Retail_Vehicle,2026-09-16,Large_D-SIB,KZN,1495550215.134774,79063376.62649825,1616253730.4839249,0.9253189563788287,3,209,0,False,False,False,3,AA,0.6,0.035,0.4,0.1
ACC_000809,Retail_Vehicle,2026-09-16,Large_D-SIB,North West,81551536.14990634,2228529.1136502353,87995456.3740544,0.9267698527892622,6,181,0,False,False,False,1,CCC,0.6,0.035,0.4,0.1
ACC_000810,Retail_Vehicle,2026-09-16,Large_D-SIB,Gauteng,355937250.93467957,24872068.103085563,333596498.5673614,1.0669693850602782,3,105,0,False,False,False,4,AA,0.6,0.035,0.4,0.1
ACC_000811,Retail_Vehicle,2026-09-16,Large_D-SIB,Gauteng,1260076761.5924435,12723942.555885687,1154395095.7218592,1.0915472235305193,6,90,0,False,False,False,2,BB,0.6,0.035,0.4,0.1
ACC_000812,Retail_Vehicle,2026-09-16,Large_D-SIB,KZN,126413030.54569857,2428012.011849177,114979960.80263217,1.0994353247579527,2,225,0,False,False,False,3,CCC,0.6,0.035,0.4,0.1
ACC_000813,Retail_Vehicle,2026-09-16,Large_D-SIB,Gauteng,456270362.51293707,39887395.38648338,289314696.4237804,1.5770728834480103,7,178,0,False,False,False,5,CCC,0.6,0.035,0.4,0.1
ACC_000814,Retail_Vehicle,2026-09-16,Large_D-SIB,Eastern Cape,850579280.0785205,71274219.4881264,659586309.5727838,1.289564788919654,2,106,0,False,False,False,4,BBB,0.6,0.035,0.4,0.1
ACC_000815,Retail_Vehicle,2026-09-16,Large_D-SIB,Gauteng,138603348.25303215,2571451.0894319876,135068703.20428398,1.0261692380610348,4,39,0,False,False,False,2,BBB,0.6,0.035,0.4,0.1
ACC_000816,Retail_Vehicle,2026-09-16,Large_D-SIB,Mpumalanga,146062129.0144498,2955290.3093264685,148736946.9073286,0.9820164528821117,3,34,0,False,False,False,3,BB,0.6,0.035,0.4,0.1
ACC_000817,Retail_Vehicle,2026-09-16,Large_D-SIB,KZN,287622261.2602745,15218681.568453215,238518271.05273506,1.2058709799916454,1,157,0,False,False,False,3,BB,0.6,0.035,0.4,0.1
ACC_000818,Retail_Vehicle,2026-09-16,Large_D-SIB,Western Cape,463431904.792637,26546905.11016083,495159209.8560658,0.935925043032823,4,195,30,False,False,False,2,B,0.6,0.035,0.4,0.1
ACC_000819,Retail_Vehicle,2026-09-16,Large_D-SIB,KZN,245534371.52593192,6623091.5318805035,245964005.1591558,0.9982532662332203,6,102,0,False,False,False,2,BB,0.6,0.035,0.4,0.1
ACC_000820,Retail_Vehicle,2026-09-16,Large_D-SIB,Mpumalanga,703441150.7122636,27066644.94537845,633721994.6830823,1.1100153641724981,6,210,0,False,False,False,5,B,0.6,0.035,0.4,0.1
ACC_000821,Retail_Vehicle,2026-09-16,Large_D-SIB,Gauteng,1078345917.0432482,2214506.8654715396,929701147.2900711,1.159884464148993,7,98,0,False,False,False,3,BB,0.6,0.035,0.4,0.1
ACC_000822,Retail_Vehicle,2026-09-16,Large_D-SIB,Gauteng,217462295.15976846,5461332.0861751735,174614409.88302535,1.2453857348053177,2,151,0,False,False,False,5,B,0.6,0.035,0.4,0.1
ACC_000823,Retail_Vehicle,2026-09-16,Large_D-SIB,Gauteng,147478449.25681055,8167539.3024857445,123196846.2324731,1.197095979052239,5,161,0,False,False,False,2,B,0.6,0.035,0.4,0.1
ACC_000824,Retail_Vehicle,2026-09-16,Large_D-SIB,Gauteng,372543586.87881225,16427982.677718077,244783694.1911841,1.521929751529297,2,202,0,False,False,False,1,BBB,0.6,0.035,0.4,0.1
ACC_000825,Retail_Vehicle,2026-09-16,Large_D-SIB,KZN,268079246.2411926,10095526.676762214,275502967.0998017,0.9730539350020145,7,102,0,False,False,False,3,AAA,0.6,0.035,0.4,0.1
ACC_000826,Retail_Vehicle,2026-09-16,Large_D-SIB,Limpopo,238885216.61163107,4230015.785838755,194156698.4431223,1.2303732939794085,7,96,0,False,False,False,4,BBB,0.6,0.035,0.4,0.1
ACC_000827,Retail_Vehicle,2026-09-16,Large_D-SIB,KZN,1130323785.5098546,9935471.012594925,747568545.9879066,1.5120001925925597,7,232,0,False,False,False,2,BB,0.6,0.035,0.4,0.1
ACC_000828,Retail_Vehicle,2026-09-16,Large_D-SIB,Gauteng,434052508.3519209,5120780.325601975,422029881.2961604,1.028487620399854,7,76,0,False,False,False,3,B,0.6,0.035,0.4,0.1
ACC_000829,Retail_Vehicle,2026-09-16,Large_D-SIB,Gauteng,201948220.33632356,148313.1339264859,211371892.7537249,0.9554166247241722,1,95,0,False,False,False,1,A,0.6,0.035,0.4,0.1
ACC_000830,Retail_Vehicle,2026-09-16,Large_D-SIB,KZN,46312481.91685221,4143044.610750059,34841189.77349188,1.3292451324979724,3,141,0,False,False,False,3,BB,0.6,0.035,0.4,0.1
ACC_000831,Retail_Vehicle,2026-09-16,Large_D-SIB,Gauteng,334480794.3720424,13758197.09725045,366647794.90029144,0.9122673012747923,2,205,0,False,False,False,4,B,0.6,0.035,0.4,0.1
ACC_000832,Retail_Vehicle,2026-09-16,Large_D-SIB,Gauteng,354851674.8608529,11225123.47442989,223770122.24132133,1.585786660464746,2,83,0,False,False,False,1,CCC,0.6,0.035,0.4,0.1
ACC_000833,Retail_Vehicle,2026-09-16,Large_D-SIB,Free State,416144575.60178924,25041636.112126715,342198159.2526312,1.2160923849229894,6,141,0,False,False,False,2,BB,0.6,0.035,0.4,0.1
ACC_000834,Retail_Vehicle,2026-09-16,Large_D-SIB,Limpopo,247763497.52145246,19386059.325739324,170782915.78666002,1.4507510682798956,3,20,0,False,False,False,2,BB,0.6,0.035,0.4,0.1
ACC_000835,Retail_Vehicle,2026-09-16,Large_D-SIB,Gauteng,80963930.78397441,2744.703529197652,74394758.41680832,1.0883015484822367,4,166,0,False,False,False,4,AA,0.6,0.035,0.4,0.1
ACC_000836,Retail_Vehicle,2026-09-16,Large_D-SIB,Limpopo,157091284.04496294,6877804.962467501,139783903.2365712,1.1238152634720797,3,37,0,False,False,False,2,BBB,0.6,0.035,0.4,0.1
ACC_000837,Retail_Vehicle,2026-09-16,Large_D-SIB,Mpumalanga,482270006.2504337,8257571.879207481,297643783.5354236,1.6202925541464808,3,143,0,False,False,False,4,BBB,0.6,0.035,0.4,0.1
ACC_000838,Retail_Vehicle,2026-09-16,Large_D-SIB,KZN,294146930.38650787,12894467.111918785,286175943.412382,1.027853448752817,5,238,0,False,False,False,5,CCC,0.6,0.035,0.4,0.1
ACC_000839,Retail_Vehicle,2026-09-16,Large_D-SIB,North West,218927536.33392835,6344450.322144229,135165525.31728414,1.6196995189418557,3,37,0,False,False,False,2,BB,0.6,0.035,0.4,0.1
ACC_000840,Retail_Vehicle,2026-09-16,Large_D-SIB,KZN,59449476.75101636,2536315.422888573,59645579.78479859,0.9967121950278668,6,44,0,False,False,False,1,AAA,0.6,0.035,0.4,0.1
ACC_000841,Retail_Vehicle,2026-09-16,Large_D-SIB,Mpumalanga,140278959.353971,11969328.669762172,97188054.55370744,1.4433765548465727,3,201,0,False,False,False,2,BB,0.6,0.035,0.4,0.1
ACC_000842,Retail_Vehicle,2026-09-16,Large_D-SIB,Eastern Cape,51975199.74983164,4942098.075649515,43257268.940021224,1.2015367826826595,6,80,0,False,False,False,4,B,0.6,0.035,0.4,0.1
ACC_000843,Retail_Vehicle,2026-09-16,Large_D-SIB,KZN,226040054.4474705,9748754.324710585,225031113.22186363,1.0044835632333744,2,165,0,False,False,False,3,B,0.6,0.035,0.4,0.1
ACC_000844,Retail_Vehicle,2026-09-16,Large_D-SIB,Gauteng,154096763.14607498,3722414.967050226,135545049.63126796,1.1368675105824555,4,149,30,False,False,False,3,A,0.6,0.035,0.4,0.1
ACC_000845,Retail_Vehicle,2026-09-16,Large_D-SIB,KZN,184093649.93597937,7168247.20282651,145915354.97461137,1.261646863471023,6,178,0,False,False,False,2,A,0.6,0.035,0.4,0.1
ACC_000846,Retail_Vehicle,2026-09-16,Large_D-SIB,Mpumalanga,259899742.10735023,3832683.204756422,156665795.96724477,1.65894374392793,5,157,0,False,False,False,4,B,0.6,0.035,0.4,0.1
ACC_000847,Retail_Vehicle,2026-09-16,Large_D-SIB,Western Cape,269863188.83293635,17693222.672545724,294613785.5553886,0.9159896856971784,7,71,120,False,False,True,3,B,0.6,0.035,0.4,0.1
ACC_000848,Retail_Vehicle,2026-09-16,Large_D-SIB,Gauteng,753855384.5852128,7904747.285184981,590213755.6263239,1.277258243134702,7,38,0,False,False,False,1,AA,0.6,0.035,0.4,0.1
ACC_000849,Retail_Vehicle,2026-09-16,Large_D-SIB,Western Cape,315294945.2693939,22889529.892381206,232735388.33368295,1.3547357259538961,3,151,0,False,False,False,2,A,0.6,0.035,0.4,0.1
ACC_000850,Retail_Vehicle,2026-09-16,Large_D-SIB,KZN,571129080.8334992,9087431.393906338,613765636.6307658,0.9305328398127374,5,208,0,False,False,False,1,BBB,0.6,0.035,0.4,0.1
ACC_000851,Retail_Vehicle,2026-09-16,Large_D-SIB,Western Cape,612137996.4148425,12037311.120951382,368210558.90022844,1.6624672530933842,5,29,0,False,False,False,2,BB,0.6,0.035,0.4,0.1
ACC_000852,Retail_Vehicle,2026-09-16,Large_D-SIB,Gauteng,779867352.3448516,12515881.943769911,538081003.0078919,1.4493493507211097,7,110,0,False,False,False,5,AA,0.6,0.035,0.4,0.1
ACC_000853,Retail_Vehicle,2026-09-16,Large_D-SIB,Gauteng,104274446.42875016,6244240.855868369,88813495.39775611,1.174083352555277,2,114,0,False,False,False,1,A,0.6,0.035,0.4,0.1
ACC_000854,Retail_Vehicle,2026-09-16,Large_D-SIB,Gauteng,607711695.8071597,54831834.23918237,473749193.76147324,1.2827709340928923,7,163,0,False,False,False,1,BB,0.6,0.035,0.4,0.1
ACC_000855,Retail_Vehicle,2026-09-16,Large_D-SIB,Gauteng,185635516.78785622,14256937.154650938,140681739.84208205,1.3195423727076139,3,77,0,False,False,False,3,CCC,0.6,0.035,0.4,0.1
ACC_000856,Retail_Vehicle,2026-09-16,Large_D-SIB,Gauteng,286921214.17215383,5809162.414195321,187858200.36004853,1.5273286639723014,5,88,0,False,False,False,2,BBB,0.6,0.035,0.4,0.1
ACC_000857,Retail_Vehicle,2026-09-16,Large_D-SIB,Mpumalanga,443155746.9520508,14440345.600827008,466794266.49471015,0.9493598759895496,3,99,0,False,False,False,3,B,0.6,0.035,0.4,0.1
ACC_000858,Retail_Vehicle,2026-09-16,Large_D-SIB,KZN,281855879.20872235,18906250.254573,179352655.62487432,1.5715177354175285,2,187,15,False,False,False,2,B,0.6,0.035,0.4,0.1
ACC_000859,Retail_Vehicle,2026-09-16,Large_D-SIB,Eastern Cape,906937484.7907618,70333513.15924835,820200985.9708459,1.105750298162893,4,237,0,False,False,False,4,BBB,0.6,0.035,0.4,0.1
ACC_000860,Retail_Vehicle,2026-09-16,Large_D-SIB,Gauteng,828240420.1266471,26529743.013852824,524749721.5534807,1.5783532341374205,1,153,0,False,False,False,3,BBB,0.6,0.035,0.4,0.1
ACC_000861,Retail_Vehicle,2026-09-16,Large_D-SIB,Gauteng,196554742.89958897,2674593.559676262,140623047.05246487,1.3977420274946581,3,2,60,True,False,False,1,BBB,0.6,0.035,0.4,0.1
ACC_000862,Retail_Vehicle,2026-09-16,Large_D-SIB,Gauteng,1760986900.4605799,83651544.39118241,1206858063.3282065,1.4591499646646329,5,50,5,False,False,False,5,A,0.6,0.035,0.4,0.1
ACC_000863,Retail_Vehicle,2026-09-16,Large_D-SIB,Northern Cape,286801274.1796928,20986106.43769549,241117946.23128337,1.1894646527247268,3,230,0,False,False,False,3,BBB,0.6,0.035,0.4,0.1
ACC_000864,Retail_Vehicle,2026-09-16,Large_D-SIB,Limpopo,501120006.32902414,10145865.075299758,406329813.4505485,1.2332838736924527,3,153,0,False,False,False,1,B,0.6,0.035,0.4,0.1
ACC_000865,Retail_Vehicle,2026-09-16,Large_D-SIB,Western Cape,233065500.69107413,2837509.366696906,236919561.1476095,0.9837326203127055,7,146,0,False,False,False,2,BB,0.6,0.035,0.4,0.1
ACC_000866,Retail_Vehicle,2026-09-16,Large_D-SIB,Western Cape,446984180.49299294,39222009.35262081,482401867.0140988,0.9265805359744373,5,162,5,False,False,False,1,BBB,0.6,0.035,0.4,0.1
ACC_000867,Retail_Vehicle,2026-09-16,Large_D-SIB,Western Cape,338773100.52995557,23783189.637256768,325143313.85973907,1.0419193201558379,6,228,0,False,False,False,4,BBB,0.6,0.035,0.4,0.1
ACC_000868,Retail_Vehicle,2026-09-16,Large_D-SIB,Northern Cape,516273066.31689245,26111371.257139977,478881653.3735303,1.078080696305558,3,175,0,False,False,False,2,CCC,0.6,0.035,0.4,0.1
ACC_000869,Retail_Vehicle,2026-09-16,Large_D-SIB,Eastern Cape,116568775.61477827,6158041.372893382,70929078.33190115,1.6434553832676853,2,240,90,False,False,False,1,BBB,0.6,0.035,0.4,0.1
ACC_000870,Retail_Vehicle,2026-09-16,Large_D-SIB,Eastern Cape,302561700.01362944,66348.50698667509,185534549.05854306,1.6307566517875869,4,111,0,False,False,False,2,BB,0.6,0.035,0.4,0.1
ACC_000871,Retail_Vehicle,2026-09-16,Large_D-SIB,Western Cape,84062725.70154306,1649786.4309402697,63468941.51353861,1.3244702636739512,5,58,0,False,False,False,1,BBB,0.6,0.035,0.4,0.1
ACC_000872,Retail_Vehicle,2026-09-16,Large_D-SIB,Gauteng,172622580.4061936,5589333.042172131,115506816.39096105,1.4944795969608433,1,237,0,False,False,False,1,B,0.6,0.035,0.4,0.1
ACC_000873,Retail_Vehicle,2026-09-16,Large_D-SIB,Limpopo,237885680.08100677,12430491.977225577,202657100.03077084,1.1738334361090084,5,214,0,False,False,False,3,B,0.6,0.035,0.4,0.1
ACC_000874,Retail_Vehicle,2026-09-16,Large_D-SIB,KZN,1866155080.650425,14690414.45842669,1821403202.3645737,1.0245700008805045,6,13,0,False,False,False,4,BBB,0.6,0.035,0.4,0.1
ACC_000875,Retail_Vehicle,2026-09-16,Large_D-SIB,Gauteng,334833753.61155653,6728255.500561303,296099471.61031157,1.130815100042536,5,157,30,False,False,False,2,BBB,0.6,0.035,0.4,0.1
ACC_000876,Retail_Vehicle,2026-09-16,Large_D-SIB,Gauteng,346638307.9661875,33149154.941159017,366591180.5249569,0.9455718696500091,3,80,0,False,False,False,5,BB,0.6,0.035,0.4,0.1
ACC_000877,Retail_Vehicle,2026-09-16,Large_D-SIB,KZN,360954616.61787087,27180438.027329247,317771621.484773,1.1358931767768543,4,141,0,False,False,False,4,A,0.6,0.035,0.4,0.1
ACC_000878,Retail_Vehicle,2026-09-16,Large_D-SIB,Gauteng,230827350.9171806,22990855.179189816,153625688.78221223,1.502530942233323,6,223,0,False,False,False,5,BB,0.6,0.035,0.4,0.1
ACC_000879,Retail_Vehicle,2026-09-16,Large_D-SIB,Gauteng,307492984.25840384,3558165.2686932716,224877955.8950631,1.3673771759197784,1,137,30,False,False,False,3,BB,0.6,0.035,0.4,0.1
ACC_000880,Retail_Vehicle,2026-09-16,Large_D-SIB,Limpopo,699232156.682742,58072684.46482025,506024199.9020486,1.3818156460068367,4,139,30,False,False,False,2,A,0.6,0.035,0.4,0.1
ACC_000881,Retail_Vehicle,2026-09-16,Large_D-SIB,Gauteng,475472458.43233395,30963864.988497768,340734482.2223607,1.3954339324014888,2,68,0,False,False,False,2,CCC,0.6,0.035,0.4,0.1
ACC_000882,Retail_Vehicle,2026-09-16,Large_D-SIB,Gauteng,195734496.87976578,14841681.196766881,208200490.41683766,0.9401250520010124,1,86,0,False,False,False,2,BBB,0.6,0.035,0.4,0.1
ACC_000883,Retail_Vehicle,2026-09-16,Large_D-SIB,KZN,466194691.28507507,19620531.008811567,466987161.02577716,0.9983030159994948,1,118,0,False,False,False,3,BBB,0.6,0.035,0.4,0.1
ACC_000884,Retail_Vehicle,2026-09-16,Large_D-SIB,KZN,219680827.97273654,21757983.506032884,220302303.31991452,0.9971789884272091,6,117,0,False,False,False,3,CCC,0.6,0.035,0.4,0.1
ACC_000885,Retail_Vehicle,2026-09-16,Large_D-SIB,KZN,867515406.2127172,6411602.257736812,819818116.1363606,1.0581803318779346,5,137,0,False,False,False,4,BB,0.6,0.035,0.4,0.1
ACC_000886,Retail_Vehicle,2026-09-16,Large_D-SIB,Gauteng,135048763.82227525,5436078.015253038,108258518.74449357,1.2474654686622002,3,213,0,False,False,False,5,BBB,0.6,0.035,0.4,0.1
ACC_000887,Retail_Vehicle,2026-09-16,Large_D-SIB,KZN,1528591281.7529368,987407.6257633003,1150418030.81777,1.3287268113021002,4,41,0,False,False,False,2,A,0.6,0.035,0.4,0.1
ACC_000888,Retail_Vehicle,2026-09-16,Large_D-SIB,Mpumalanga,252022817.54482275,8982883.260094082,198178929.0532388,1.2716933063914142,7,106,0,False,False,False,1,B,0.6,0.035,0.4,0.1
ACC_000889,Retail_Vehicle,2026-09-16,Large_D-SIB,Western Cape,128112378.3049866,1139532.6991686905,93411790.97395077,1.3714797347233454,6,9,0,False,False,False,3,A,0.6,0.035,0.4,0.1
ACC_000890,Retail_Vehicle,2026-09-16,Large_D-SIB,Northern Cape,831724016.4829752,30688246.22618647,572183313.1922983,1.4535971205498106,1,8,0,False,False,False,5,B,0.6,0.035,0.4,0.1
ACC_000891,Retail_Vehicle,2026-09-16,Large_D-SIB,Gauteng,269385525.27043724,19586099.105316695,233512888.39150015,1.1536216571429418,5,93,0,False,False,False,3,BBB,0.6,0.035,0.4,0.1
ACC_000892,Retail_Vehicle,2026-09-16,Large_D-SIB,Mpumalanga,139317536.0591246,4335597.972948817,94024318.41526003,1.4817181172622413,2,69,15,False,False,False,4,BB,0.6,0.035,0.4,0.1
ACC_000893,Retail_Vehicle,2026-09-16,Large_D-SIB,KZN,256950121.31933004,15302116.886022396,161377586.15280375,1.5922293017571314,7,64,0,False,False,False,1,BB,0.6,0.035,0.4,0.1
ACC_000894,Retail_Vehicle,2026-09-16,Large_D-SIB,Gauteng,678897587.0110593,33747575.856321506,625560480.4160213,1.0852629094465283,2,1,0,False,False,False,3,BBB,0.6,0.035,0.4,0.1
ACC_000895,Retail_Vehicle,2026-09-16,Large_D-SIB,KZN,116934816.93300451,6796367.774267526,124815452.57310228,0.9368616987910033,5,200,0,False,False,False,2,A,0.6,0.035,0.4,0.1
ACC_000896,Retail_Vehicle,2026-09-16,Large_D-SIB,Gauteng,117156084.5054376,199974.57774990288,80501555.0341107,1.4553269741906896,4,104,0,False,False,False,2,BB,0.6,0.035,0.4,0.1
ACC_000897,Retail_Vehicle,2026-09-16,Large_D-SIB,Limpopo,859014159.7075975,7307062.755745058,604079112.1051373,1.4220226167298593,5,120,0,False,False,False,3,BBB,0.6,0.035,0.4,0.1
ACC_000898,Retail_Vehicle,2026-09-16,Large_D-SIB,Western Cape,181735047.42197987,355829.92803013837,192464624.78143442,0.9442516910749744,4,36,0,False,False,False,3,BBB,0.6,0.035,0.4,0.1
ACC_000899,Retail_Vehicle,2026-09-16,Large_D-SIB,Free State,560257366.9577955,51729210.0445226,336375660.5927419,1.6655704695474758,6,44,15,False,False,False,5,B,0.6,0.035,0.4,0.1
ACC_000900,Retail_Vehicle,2026-09-16,Large_D-SIB,KZN,249214019.08439872,9572460.669670705,153761549.78683713,1.6207824350748894,1,118,0,False,False,False,3,B,0.6,0.035,0.4,0.1
ACC_000901,Retail_Vehicle,2026-09-16,Large_D-SIB,Free State,147378124.12104893,11910111.852566987,158087182.11336845,0.9322585307097208,5,149,0,False,False,False,2,A,0.6,0.035,0.4,0.1
ACC_000902,Retail_Vehicle,2026-09-16,Large_D-SIB,KZN,180235536.9386859,6375010.4719229145,148572983.40661785,1.2131111108229768,2,226,0,False,False,False,1,BBB,0.6,0.035,0.4,0.1
ACC_000903,Retail_Vehicle,2026-09-16,Large_D-SIB,KZN,345394494.1755881,696163.5921123832,345835088.3379652,0.998725999248675,1,63,0,False,False,False,3,BBB,0.6,0.035,0.4,0.1
ACC_000904,Retail_Vehicle,2026-09-16,Large_D-SIB,Western Cape,363577712.1458767,10724181.93125367,369922127.162005,0.9828493227350258,2,178,0,False,False,False,2,BB,0.6,0.035,0.4,0.1
ACC_000905,Retail_Vehicle,2026-09-16,Large_D-SIB,Gauteng,37536038.86187333,1413702.8423082165,31510564.36571107,1.191220773650091,6,218,0,False,False,False,2,A,0.6,0.035,0.4,0.1
ACC_000906,Retail_Vehicle,2026-09-16,Large_D-SIB,Gauteng,293779206.2792747,4336654.51856464,219934343.16581112,1.335758672567981,2,111,0,False,False,False,3,BBB,0.6,0.035,0.4,0.1
ACC_000907,Retail_Vehicle,2026-09-16,Large_D-SIB,Mpumalanga,559463628.0953513,35486086.46698224,370747594.95440876,1.509014854605191,4,192,0,False,False,False,4,BB,0.6,0.035,0.4,0.1
ACC_000908,Retail_Vehicle,2026-09-16,Large_D-SIB,Western Cape,258312928.47771153,5051837.225574001,172384865.98852265,1.4984663937663179,5,223,0,False,False,False,4,BB,0.6,0.035,0.4,0.1
ACC_000909,Retail_Vehicle,2026-09-16,Large_D-SIB,KZN,234224006.94180998,10630076.085833205,178590818.87080544,1.3115120274533834,7,162,0,False,False,False,3,BBB,0.6,0.035,0.4,0.1
ACC_000910,Retail_Vehicle,2026-09-16,Large_D-SIB,Free State,265075734.0706125,15942724.088608446,182577930.1425672,1.4518498148359242,3,4,0,False,False,False,3,BBB,0.6,0.035,0.4,0.1
ACC_000911,Retail_Vehicle,2026-09-16,Large_D-SIB,Western Cape,88718937.56220919,8076498.681225576,78213884.21061681,1.1343118738778404,4,145,0,False,False,False,5,BBB,0.6,0.035,0.4,0.1
ACC_000912,Retail_Vehicle,2026-09-16,Large_D-SIB,Mpumalanga,235120980.34299514,21797472.448299233,200209915.47845772,1.1743723070913228,2,40,0,False,False,False,3,AAA,0.6,0.035,0.4,0.1
ACC_000913,Retail_Vehicle,2026-09-16,Large_D-SIB,Gauteng,252291008.2454138,3489015.036157719,248780226.25116137,1.0141119816761806,5,232,15,False,False,False,4,BB,0.6,0.035,0.4,0.1
ACC_000914,Retail_Vehicle,2026-09-16,Large_D-SIB,Gauteng,998805350.1185864,77272911.76777962,710966262.0557303,1.4048561843575824,6,45,0,False,False,False,1,A,0.6,0.035,0.4,0.1
ACC_000915,Retail_Vehicle,2026-09-16,Large_D-SIB,Free State,600596380.0332547,33174149.21992901,393259388.2851633,1.5272270616404093,2,229,0,False,False,False,1,B,0.6,0.035,0.4,0.1
ACC_000916,Retail_Vehicle,2026-09-16,Large_D-SIB,Mpumalanga,179712037.05332404,13400707.017487776,163154168.00566557,1.1014860315862938,5,133,0,False,False,False,4,B,0.6,0.035,0.4,0.1
ACC_000917,Retail_Vehicle,2026-09-16,Large_D-SIB,Gauteng,359378086.28742474,24253782.98407966,372776404.8854477,0.9640580293644385,1,171,0,False,False,False,2,BBB,0.6,0.035,0.4,0.1
ACC_000918,Retail_Vehicle,2026-09-16,Large_D-SIB,Free State,190298908.3568165,4539526.201902177,166067212.97712925,1.1459149879454196,5,11,0,False,False,False,2,BBB,0.6,0.035,0.4,0.1
ACC_000919,Retail_Vehicle,2026-09-16,Large_D-SIB,Eastern Cape,129305583.63616945,11765198.453077039,103671812.49089567,1.2472588308179227,7,208,0,False,False,False,5,AAA,0.6,0.035,0.4,0.1
ACC_000920,Retail_Vehicle,2026-09-16,Large_D-SIB,Gauteng,292510802.7820052,17479871.26777605,186892709.04146788,1.5651268809908614,2,36,0,False,False,False,3,B,0.6,0.035,0.4,0.1
ACC_000921,Retail_Vehicle,2026-09-16,Large_D-SIB,Eastern Cape,42565204.484737135,576355.9376818272,30172228.48640952,1.410741155692553,7,228,0,False,False,False,3,AA,0.6,0.035,0.4,0.1
ACC_000922,Retail_Vehicle,2026-09-16,Large_D-SIB,Free State,340354680.03591335,5476804.283688489,338280956.8309445,1.0061301801449178,4,52,0,False,False,False,2,BBB,0.6,0.035,0.4,0.1
ACC_000923,Retail_Vehicle,2026-09-16,Large_D-SIB,Gauteng,216851867.7347393,8907065.210767519,138350662.08841637,1.5674075169669577,7,231,0,False,False,False,5,A,0.6,0.035,0.4,0.1
ACC_000924,Retail_Vehicle,2026-09-16,Large_D-SIB,Gauteng,139041806.83356574,118158.06825257876,141745190.58206865,0.980927862614586,2,193,30,False,False,False,2,A,0.6,0.035,0.4,0.1
ACC_000925,Retail_Vehicle,2026-09-16,Large_D-SIB,Gauteng,800188456.7773403,56787013.77171921,876778180.8033202,0.9126464073777395,6,135,0,False,False,False,3,A,0.6,0.035,0.4,0.1
ACC_000926,Retail_Vehicle,2026-09-16,Large_D-SIB,Eastern Cape,221466610.38555142,12794902.437837675,231512146.32249516,0.9566090328455149,4,189,0,False,False,False,4,A,0.6,0.035,0.4,0.1
ACC_000927,Retail_Vehicle,2026-09-16,Large_D-SIB,Gauteng,79401310.13601023,6048833.10816751,87003472.24278225,0.9126223136755017,6,46,5,False,False,False,2,BBB,0.6,0.035,0.4,0.1
ACC_000928,Retail_Vehicle,2026-09-16,Large_D-SIB,Western Cape,416549249.731003,11102131.798820417,284300405.67333525,1.465172899575892,1,185,0,False,False,False,3,A,0.6,0.035,0.4,0.1
ACC_000929,Retail_Vehicle,2026-09-16,Large_D-SIB,Gauteng,398644029.24826676,32827749.735674724,299750517.8989433,1.3299194011156439,4,17,0,False,False,False,3,BB,0.6,0.035,0.4,0.1
ACC_000930,Retail_Vehicle,2026-09-16,Large_D-SIB,Northern Cape,467752993.10138613,33643655.33812289,415516337.7197032,1.1257150456907437,3,103,0,False,False,False,2,BBB,0.6,0.035,0.4,0.1
ACC_000931,Retail_Vehicle,2026-09-16,Large_D-SIB,Western Cape,120516717.26556434,4239998.164245537,117114256.54569234,1.029052489596299,5,36,0,False,False,False,3,BB,0.6,0.035,0.4,0.1
ACC_000932,Retail_Vehicle,2026-09-16,Large_D-SIB,Gauteng,305747403.3425688,9743879.136513507,239768489.081991,1.2751775869848174,3,125,0,False,False,False,2,B,0.6,0.035,0.4,0.1
ACC_000933,Retail_Vehicle,2026-09-16,Large_D-SIB,Gauteng,423168600.27888453,37638280.99950324,435485322.9012926,0.9717172497563142,4,152,0,False,False,False,1,BB,0.6,0.035,0.4,0.1
ACC_000934,Retail_Vehicle,2026-09-16,Large_D-SIB,North West,129466775.94023728,3183673.358154482,105129162.98066886,1.2315020139943815,6,3,0,False,False,False,2,BB,0.6,0.035,0.4,0.1
ACC_000935,Retail_Vehicle,2026-09-16,Large_D-SIB,KZN,78799734.8530782,5227384.131070349,75279009.13408741,1.0467690231246223,2,221,0,False,False,False,5,BB,0.6,0.035,0.4,0.1
ACC_000936,Retail_Vehicle,2026-09-16,Large_D-SIB,Gauteng,104409973.49471028,6809580.806358027,103695015.57725008,1.0068948146975065,1,3,0,False,False,False,2,BBB,0.6,0.035,0.4,0.1
ACC_000937,Retail_Vehicle,2026-09-16,Large_D-SIB,KZN,263137015.36717275,20069304.930940524,208015680.06864867,1.2649864437158445,2,168,60,True,False,False,3,BBB,0.6,0.035,0.4,0.1
ACC_000938,Retail_Vehicle,2026-09-16,Large_D-SIB,KZN,514906060.16033274,38220900.80521804,528520519.3064962,0.9742404341007842,3,38,0,False,False,False,3,BBB,0.6,0.035,0.4,0.1
ACC_000939,Retail_Vehicle,2026-09-16,Large_D-SIB,KZN,437358216.7893526,31049802.98330198,301593222.9666759,1.4501592989630203,6,128,5,False,False,False,4,BBB,0.6,0.035,0.4,0.1
ACC_000940,Retail_Vehicle,2026-09-16,Large_D-SIB,KZN,92340816.32676943,5983612.497983705,95625269.06527652,0.9656528784639024,5,11,0,False,False,False,4,A,0.6,0.035,0.4,0.1
ACC_000941,Retail_Vehicle,2026-09-16,Large_D-SIB,Gauteng,148676040.39998564,14343032.289033,103964063.11600763,1.4300714683889033,2,220,30,False,False,False,4,B,0.6,0.035,0.4,0.1
ACC_000942,Retail_Vehicle,2026-09-16,Large_D-SIB,KZN,179838259.11782274,2107963.0816629357,141743196.25794464,1.2687611389159914,7,22,0,False,False,False,2,BB,0.6,0.035,0.4,0.1
ACC_000943,Retail_Vehicle,2026-09-16,Large_D-SIB,Mpumalanga,78753640.90194403,6403668.418076837,72795550.74293593,1.0818468999574988,4,205,0,False,False,False,4,BBB,0.6,0.035,0.4,0.1
ACC_000944,Retail_Vehicle,2026-09-16,Large_D-SIB,Gauteng,254071084.88353208,5363000.552541865,179386494.07223657,1.4163334101463683,7,174,0,False,False,False,4,BBB,0.6,0.035,0.4,0.1
ACC_000945,Retail_Vehicle,2026-09-16,Large_D-SIB,Western Cape,402823275.8514438,17186070.13217252,380732676.07021385,1.0580212867706582,6,55,30,False,False,False,1,A,0.6,0.035,0.4,0.1
ACC_000946,Retail_Vehicle,2026-09-16,Large_D-SIB,Western Cape,501442101.11781704,30453582.99248898,343403218.53107363,1.4602137489065,1,97,120,False,False,True,3,BB,0.6,0.035,0.4,0.1
ACC_000947,Retail_Vehicle,2026-09-16,Large_D-SIB,Gauteng,125609986.95142102,9595529.6697571,98230115.96890366,1.278731941955407,6,112,0,False,False,False,4,A,0.6,0.035,0.4,0.1
ACC_000948,Retail_Vehicle,2026-09-16,Large_D-SIB,KZN,57066081.410312206,2076701.8466312604,54598649.435444936,1.0451921796670933,5,230,0,False,False,False,5,BBB,0.6,0.035,0.4,0.1
ACC_000949,Retail_Vehicle,2026-09-16,Large_D-SIB,KZN,289374606.0639939,26176512.342000466,185716669.36558905,1.5581509567908034,5,86,0,False,False,False,3,CCC,0.6,0.035,0.4,0.1
ACC_000950,Retail_Vehicle,2026-09-16,Large_D-SIB,Gauteng,341372424.66046953,31030290.917329304,361341355.825667,0.9447366573373026,2,193,0,False,False,False,1,BBB,0.6,0.035,0.4,0.1
ACC_000951,Retail_Vehicle,2026-09-16,Large_D-SIB,Eastern Cape,273385186.9039531,25708983.296208,249342629.59878767,1.0964237737600337,1,140,0,False,False,False,2,BBB,0.6,0.035,0.4,0.1
ACC_000952,Retail_Vehicle,2026-09-16,Large_D-SIB,Gauteng,347529266.0911066,11535801.74848356,337818123.6149167,1.0287466592149441,7,38,30,False,False,False,5,BBB,0.6,0.035,0.4,0.1
ACC_000953,Retail_Vehicle,2026-09-16,Large_D-SIB,Eastern Cape,541507615.5925882,29100907.675830778,345685894.51750165,1.5664729865486957,3,90,0,False,False,False,2,AA,0.6,0.035,0.4,0.1
ACC_000954,Retail_Vehicle,2026-09-16,Large_D-SIB,Eastern Cape,400245504.4072,14922660.309243504,440017115.1698539,0.9096134914040754,4,98,0,False,False,False,4,A,0.6,0.035,0.4,0.1
ACC_000955,Retail_Vehicle,2026-09-16,Large_D-SIB,Western Cape,342261843.15232885,20040530.30344976,273683323.75978184,1.2505761712129013,2,81,0,False,False,False,2,BBB,0.6,0.035,0.4,0.1
ACC_000956,Retail_Vehicle,2026-09-16,Large_D-SIB,Gauteng,183647292.41024372,6914145.710641398,152691318.14846963,1.2027356541101701,7,16,0,False,False,False,2,A,0.6,0.035,0.4,0.1
ACC_000957,Retail_Vehicle,2026-09-16,Large_D-SIB,Mpumalanga,97633377.47485434,3228579.31327297,92934264.8070989,1.050563833237496,4,226,0,False,False,False,2,A,0.6,0.035,0.4,0.1
ACC_000958,Retail_Vehicle,2026-09-16,Large_D-SIB,Western Cape,261243433.10468066,24199337.66881072,273122743.0612704,0.9565055995577606,5,32,0,False,False,False,3,BB,0.6,0.035,0.4,0.1
ACC_000959,Retail_Vehicle,2026-09-16,Large_D-SIB,KZN,728366444.1513852,66805719.75918723,506269513.6554317,1.4386930765242822,4,237,0,False,False,False,2,BBB,0.6,0.035,0.4,0.1
ACC_000960,Retail_Vehicle,2026-09-16,Large_D-SIB,Gauteng,213067352.1995963,10973575.39285645,150769006.26402935,1.4132039301663166,1,227,5,False,False,False,3,CCC,0.6,0.035,0.4,0.1
ACC_000961,Retail_Vehicle,2026-09-16,Large_D-SIB,KZN,399554740.42370176,31900539.535728868,382308908.96776545,1.0451096771521753,4,228,0,False,False,False,3,AA,0.6,0.035,0.4,0.1
ACC_000962,Retail_Vehicle,2026-09-16,Large_D-SIB,Mpumalanga,105694981.8769669,6623586.225064558,65937787.6040871,1.6029500794232816,6,171,0,False,False,False,3,BBB,0.6,0.035,0.4,0.1
ACC_000963,Retail_Vehicle,2026-09-16,Large_D-SIB,North West,302462623.8062977,20493052.383546967,330971764.3735538,0.9138623180704954,2,178,0,False,False,False,3,BBB,0.6,0.035,0.4,0.1
ACC_000964,Retail_Vehicle,2026-09-16,Large_D-SIB,Gauteng,543238199.1035087,33154424.033276144,475506084.4971279,1.1424421617612128,4,238,0,False,False,False,2,BBB,0.6,0.035,0.4,0.1
ACC_000965,Retail_Vehicle,2026-09-16,Large_D-SIB,Gauteng,54584092.24277497,1343038.451005208,49887765.45149358,1.0941378461989377,5,213,0,False,False,False,4,BBB,0.6,0.035,0.4,0.1
ACC_000966,Retail_Vehicle,2026-09-16,Large_D-SIB,Western Cape,315520427.4569771,23489154.280240096,239324532.75448808,1.318378955243401,5,46,0,False,False,False,3,BB,0.6,0.035,0.4,0.1
ACC_000967,Retail_Vehicle,2026-09-16,Large_D-SIB,Northern Cape,167951219.6549381,1206389.3589195795,133223742.90911332,1.2606703278822924,6,186,0,False,False,False,2,B,0.6,0.035,0.4,0.1
ACC_000968,Retail_Vehicle,2026-09-16,Large_D-SIB,Gauteng,502715951.34509766,39250750.01856906,330650434.77897507,1.5203849699491265,4,105,0,False,False,False,4,BBB,0.6,0.035,0.4,0.1
ACC_000969,Retail_Vehicle,2026-09-16,Large_D-SIB,North West,664670125.3975614,17821224.317276843,639104454.4310981,1.0400023357515489,6,184,0,False,False,False,2,AA,0.6,0.035,0.4,0.1
ACC_000970,Retail_Vehicle,2026-09-16,Large_D-SIB,Mpumalanga,1146905117.9349556,22109340.033249285,922794433.8889145,1.242860897092298,7,171,60,True,False,False,2,AA,0.6,0.035,0.4,0.1
ACC_000971,Retail_Vehicle,2026-09-16,Large_D-SIB,Gauteng,319934058.12418276,21129592.63734123,330224434.1346578,0.968838235615603,1,84,0,False,False,False,5,CCC,0.6,0.035,0.4,0.1
ACC_000972,Retail_Vehicle,2026-09-16,Large_D-SIB,KZN,191075233.9839415,11700033.752008935,155673243.7468784,1.2274121704216947,7,159,15,False,False,False,2,BB,0.6,0.035,0.4,0.1
ACC_000973,Retail_Vehicle,2026-09-16,Large_D-SIB,KZN,188265560.57192308,11976696.423972452,123749663.96034895,1.5213419943689372,1,196,0,False,False,False,2,BB,0.6,0.035,0.4,0.1
ACC_000974,Retail_Vehicle,2026-09-16,Large_D-SIB,Gauteng,291389536.6209145,5781692.448175198,291531328.67020714,0.9995136301476092,6,80,0,False,False,False,2,B,0.6,0.035,0.4,0.1
ACC_000975,Retail_Vehicle,2026-09-16,Large_D-SIB,Western Cape,705443771.7323714,33832234.333554916,757475238.8318758,0.931309349227384,5,56,0,False,False,False,2,B,0.6,0.035,0.4,0.1
ACC_000976,Retail_Vehicle,2026-09-16,Large_D-SIB,KZN,1811905342.4251819,144082563.83397067,1348304097.1110783,1.3438402703866519,3,134,0,False,False,False,1,B,0.6,0.035,0.4,0.1
ACC_000977,Retail_Vehicle,2026-09-16,Large_D-SIB,Free State,138058791.54543486,10103599.694908889,125942749.71395473,1.0962027735538447,1,151,0,False,False,False,4,AA,0.6,0.035,0.4,0.1
ACC_000978,Retail_Vehicle,2026-09-16,Large_D-SIB,Gauteng,482029060.49672014,34779479.044773825,398023832.0370555,1.2110557753030322,1,196,0,False,False,False,3,BBB,0.6,0.035,0.4,0.1
ACC_000979,Retail_Vehicle,2026-09-16,Large_D-SIB,Gauteng,154725759.80996674,1525315.1210670716,124228349.0921164,1.2454947758762878,5,30,0,False,False,False,2,BBB,0.6,0.035,0.4,0.1
ACC_000980,Retail_Vehicle,2026-09-16,Large_D-SIB,Gauteng,123014819.37206134,1196047.4591973175,134200130.641389,0.916652009086212,2,59,0,False,False,False,2,B,0.6,0.035,0.4,0.1
ACC_000981,Retail_Vehicle,2026-09-16,Large_D-SIB,Eastern Cape,261643253.25320768,9886719.392044675,171032117.05118123,1.5297901807232566,5,194,15,False,False,False,1,BB,0.6,0.035,0.4,0.1
ACC_000982,Retail_Vehicle,2026-09-16,Large_D-SIB,KZN,212418141.01310533,11383904.926777948,215730002.7981026,0.9846481168959296,3,23,5,False,False,False,3,BBB,0.6,0.035,0.4,0.1
ACC_000983,Retail_Vehicle,2026-09-16,Large_D-SIB,Gauteng,270404820.06488407,1393772.8268382284,282818364.0606803,0.9561077158584622,1,25,0,False,False,False,2,BBB,0.6,0.035,0.4,0.1
ACC_000984,Retail_Vehicle,2026-09-16,Large_D-SIB,Gauteng,81886316.66982535,1944290.42407569,50292551.92448071,1.6281996744326244,7,186,30,False,False,False,4,A,0.6,0.035,0.4,0.1
ACC_000985,Retail_Vehicle,2026-09-16,Large_D-SIB,Eastern Cape,820314576.5999305,53331969.37146986,898733686.4237969,0.9127448864903369,7,13,0,False,False,False,3,B,0.6,0.035,0.4,0.1
ACC_000986,Retail_Vehicle,2026-09-16,Large_D-SIB,KZN,154201415.9749451,7248345.595071379,107020257.67033191,1.4408619389606714,6,240,5,False,False,False,3,A,0.6,0.035,0.4,0.1
ACC_000987,Retail_Vehicle,2026-09-16,Large_D-SIB,Free State,216982324.4854697,14733417.369822597,152628779.26928413,1.421634409475595,7,159,0,False,False,False,3,BB,0.6,0.035,0.4,0.1
ACC_000988,Retail_Vehicle,2026-09-16,Large_D-SIB,KZN,572468725.2567222,41188416.75523343,480137075.2610044,1.1923026876137943,3,183,0,False,False,False,5,BBB,0.6,0.035,0.4,0.1
ACC_000989,Retail_Vehicle,2026-09-16,Large_D-SIB,Western Cape,210001944.59773806,8955639.922059638,167934500.70887947,1.2504991154961305,7,234,0,False,False,False,4,A,0.6,0.035,0.4,0.1
ACC_000990,Retail_Vehicle,2026-09-16,Large_D-SIB,KZN,179209899.60283116,14808501.672145113,170596911.77828503,1.0504873607310075,5,123,0,False,False,False,5,BBB,0.6,0.035,0.4,0.1
ACC_000991,Retail_Vehicle,2026-09-16,Large_D-SIB,Gauteng,154194885.97021928,13753892.628699366,131226981.81086272,1.1750242506717115,1,77,0,False,False,False,5,BB,0.6,0.035,0.4,0.1
ACC_000992,Retail_Vehicle,2026-09-16,Large_D-SIB,Gauteng,330254724.0809689,29289290.386505876,229819223.9888222,1.4370195771657102,2,79,0,False,False,False,2,B,0.6,0.035,0.4,0.1
ACC_000993,Retail_Vehicle,2026-09-16,Large_D-SIB,Limpopo,1074494017.6898549,34689406.942046426,929421660.2987189,1.1560888492145849,3,213,0,False,False,False,5,BB,0.6,0.035,0.4,0.1
ACC_000994,Retail_Vehicle,2026-09-16,Large_D-SIB,Gauteng,147203565.82525235,10304317.284410106,92879531.2892349,1.5848870443461616,2,143,30,False,False,False,4,BBB,0.6,0.035,0.4,0.1
ACC_000995,Retail_Vehicle,2026-09-16,Large_D-SIB,KZN,345579895.1422747,28440147.137242943,279922292.23276824,1.2345565349075847,4,195,5,False,False,False,3,AA,0.6,0.035,0.4,0.1
ACC_000996,Retail_Vehicle,2026-09-16,Large_D-SIB,Gauteng,296136083.0670097,22438063.386593036,241234687.55480912,1.2275849964558967,1,203,0,False,False,False,3,BB,0.6,0.035,0.4,0.1
ACC_000997,Retail_Vehicle,2026-09-16,Large_D-SIB,KZN,178517191.8746831,4233385.779276233,114605999.22733802,1.5576600970126158,1,62,15,False,False,False,4,A,0.6,0.035,0.4,0.1
ACC_000998,Retail_Vehicle,2026-09-16,Large_D-SIB,Limpopo,351241153.32817847,15863682.890740737,224195146.14235583,1.5666759935344585,6,32,0,False,False,False,3,AA,0.6,0.035,0.4,0.1
ACC_000999,Retail_Vehicle,2026-09-16,Large_D-SIB,KZN,56758362.944068134,1028547.5392326149,38456095.54026823,1.4759263036632306,1,124,0,False,False,False,5,BB,0.6,0.035,0.4,0.1
ACC_001000,Retail_Vehicle,2026-09-16,Large_D-SIB,Eastern Cape,659741401.482374,18638638.52191713,483099404.31108177,1.3656431690765392,4,107,5,False,False,False,2,BBB,0.6,0.035,0.4,0.1
ACC_001001,Retail_CreditCard,2026-09-16,Large_D-SIB,Gauteng,226252589.48422724,100482969.47723018,0.0,inf,0,24,0,False,False,False,3,BB,0.85,0.08,0.5,0.08
ACC_001002,Retail_CreditCard,2026-09-16,Large_D-SIB,Free State,220846196.93818617,131432162.91167678,0.0,inf,0,176,0,False,False,False,2,BB,0.85,0.08,0.5,0.08
ACC_001003,Retail_CreditCard,2026-09-16,Large_D-SIB,Gauteng,555810786.2152734,256328889.74844936,0.0,inf,0,240,0,False,False,False,1,B,0.85,0.08,0.5,0.08
ACC_001004,Retail_CreditCard,2026-09-16,Large_D-SIB,KZN,119738772.38664559,68625485.59129272,0.0,inf,0,61,90,False,False,False,2,A,0.85,0.08,0.5,0.08
ACC_001005,Retail_CreditCard,2026-09-16,Large_D-SIB,Gauteng,134851653.04790306,116851723.37853919,0.0,inf,0,225,0,False,False,False,5,BBB,0.85,0.08,0.5,0.08
ACC_001006,Retail_CreditCard,2026-09-16,Large_D-SIB,Limpopo,354124968.1125707,245255179.48480412,0.0,inf,0,238,60,False,False,False,4,BBB,0.85,0.08,0.5,0.08
ACC_001007,Retail_CreditCard,2026-09-16,Large_D-SIB,Western Cape,714455380.6929905,609820169.608915,0.0,inf,0,87,0,False,False,False,5,AA,0.85,0.08,0.5,0.08
ACC_001008,Retail_CreditCard,2026-09-16,Large_D-SIB,KZN,451721153.5305995,294619257.08732605,0.0,inf,0,82,0,False,False,False,4,BBB,0.85,0.08,0.5,0.08
ACC_001009,Retail_CreditCard,2026-09-16,Large_D-SIB,KZN,1926118514.1417441,1371030230.2199538,0.0,inf,0,60,0,False,False,False,3,BB,0.85,0.08,0.5,0.08
ACC_001010,Retail_CreditCard,2026-09-16,Large_D-SIB,Gauteng,673114722.0160619,526496802.3684721,0.0,inf,0,139,0,False,False,False,1,BBB,0.85,0.08,0.5,0.08
ACC_001011,Retail_CreditCard,2026-09-16,Large_D-SIB,Eastern Cape,126402264.06850435,69053592.34039044,0.0,inf,0,226,0,False,False,False,4,B,0.85,0.08,0.5,0.08
ACC_001012,Retail_CreditCard,2026-09-16,Large_D-SIB,Free State,422801496.4089947,194385679.00414515,0.0,inf,0,222,0,False,False,False,3,AAA,0.85,0.08,0.5,0.08
ACC_001013,Retail_CreditCard,2026-09-16,Large_D-SIB,Eastern Cape,313584354.55460846,209826863.60942683,0.0,inf,0,22,0,False,False,False,4,B,0.85,0.08,0.5,0.08
ACC_001014,Retail_CreditCard,2026-09-16,Large_D-SIB,Gauteng,915278322.6241621,280429136.96933943,0.0,inf,0,232,0,False,False,False,1,CCC,0.85,0.08,0.5,0.08
ACC_001015,Retail_CreditCard,2026-09-16,Large_D-SIB,Western Cape,562778287.8312613,461014994.693646,0.0,inf,0,126,0,False,False,False,2,A,0.85,0.08,0.5,0.08
ACC_001016,Retail_CreditCard,2026-09-16,Large_D-SIB,Free State,130494127.91799834,85429847.24525616,0.0,inf,0,21,0,False,False,False,1,CCC,0.85,0.08,0.5,0.08
ACC_001017,Retail_CreditCard,2026-09-16,Large_D-SIB,Gauteng,225551820.45374772,185861726.20820525,0.0,inf,0,83,0,False,False,False,4,B,0.85,0.08,0.5,0.08
ACC_001018,Retail_CreditCard,2026-09-16,Large_D-SIB,Free State,229172324.25105223,204313226.67519048,0.0,inf,0,124,0,False,False,False,4,B,0.85,0.08,0.5,0.08
ACC_001019,Retail_CreditCard,2026-09-16,Large_D-SIB,Northern Cape,576010580.2749561,388385123.7378752,0.0,inf,0,208,120,False,True,True,3,A,0.85,0.08,0.5,0.08
ACC_001020,Retail_CreditCard,2026-09-16,Large_D-SIB,Gauteng,383107752.0312237,228797355.35181478,0.0,inf,0,189,0,False,False,False,1,AA,0.85,0.08,0.5,0.08
ACC_001021,Retail_CreditCard,2026-09-16,Large_D-SIB,Gauteng,450726216.8338301,255573374.6239512,0.0,inf,0,179,0,False,False,False,3,BB,0.85,0.08,0.5,0.08
ACC_001022,Retail_CreditCard,2026-09-16,Large_D-SIB,KZN,482190531.7995976,459955589.8659161,0.0,inf,0,188,0,False,False,False,5,BB,0.85,0.08,0.5,0.08
ACC_001023,Retail_CreditCard,2026-09-16,Large_D-SIB,Limpopo,51844454.57395553,20797802.693534695,0.0,inf,0,113,0,False,False,False,3,A,0.85,0.08,0.5,0.08
ACC_001024,Retail_CreditCard,2026-09-16,Large_D-SIB,Western Cape,187892330.41326898,174347205.65730396,0.0,inf,0,89,0,False,False,False,2,BBB,0.85,0.08,0.5,0.08
ACC_001025,Retail_CreditCard,2026-09-16,Large_D-SIB,Limpopo,418114161.31597894,392321078.4046565,0.0,inf,0,202,0,False,False,False,3,B,0.85,0.08,0.5,0.08
ACC_001026,Retail_CreditCard,2026-09-16,Large_D-SIB,Gauteng,225032599.8048312,98908147.54763635,0.0,inf,0,157,0,False,False,False,3,A,0.85,0.08,0.5,0.08
ACC_001027,Retail_CreditCard,2026-09-16,Large_D-SIB,KZN,585531069.1819526,296880870.804935,0.0,inf,0,184,0,False,False,False,5,BB,0.85,0.08,0.5,0.08
ACC_001028,Retail_CreditCard,2026-09-16,Large_D-SIB,Free State,231787568.1773216,105621272.35318506,0.0,inf,0,166,0,False,False,False,2,CCC,0.85,0.08,0.5,0.08
ACC_001029,Retail_CreditCard,2026-09-16,Large_D-SIB,KZN,274534491.129556,93444397.0479637,0.0,inf,0,47,0,False,False,False,2,BBB,0.85,0.08,0.5,0.08
ACC_001030,Retail_CreditCard,2026-09-16,Large_D-SIB,Gauteng,636020573.8606414,506089077.09419024,0.0,inf,0,64,0,False,False,False,4,BB,0.85,0.08,0.5,0.08
ACC_001031,Retail_CreditCard,2026-09-16,Large_D-SIB,Free State,145177374.46324322,135261236.6572419,0.0,inf,0,139,90,False,True,False,3,BBB,0.85,0.08,0.5,0.08
ACC_001032,Retail_CreditCard,2026-09-16,Large_D-SIB,Gauteng,466991716.9465387,323034438.370171,0.0,inf,0,2,0,False,False,False,2,BB,0.85,0.08,0.5,0.08
ACC_001033,Retail_CreditCard,2026-09-16,Large_D-SIB,KZN,172168558.6372603,77043795.0101107,0.0,inf,0,55,0,False,False,False,3,A,0.85,0.08,0.5,0.08
ACC_001034,Retail_CreditCard,2026-09-16,Large_D-SIB,KZN,362512190.9452892,336580086.0896642,0.0,inf,0,3,0,False,False,False,2,BBB,0.85,0.08,0.5,0.08
ACC_001035,Retail_CreditCard,2026-09-16,Large_D-SIB,KZN,677156257.3708022,389104841.0876134,0.0,inf,0,116,90,False,False,False,4,A,0.85,0.08,0.5,0.08
ACC_001036,Retail_CreditCard,2026-09-16,Large_D-SIB,North West,380708828.0880026,249327323.24869502,0.0,inf,0,45,5,False,False,False,3,BB,0.85,0.08,0.5,0.08
ACC_001037,Retail_CreditCard,2026-09-16,Large_D-SIB,Western Cape,729973949.0401114,363270114.95637965,0.0,inf,0,98,0,False,False,False,1,CCC,0.85,0.08,0.5,0.08
ACC_001038,Retail_CreditCard,2026-09-16,Large_D-SIB,Gauteng,718063116.5431901,713916581.5257267,0.0,inf,0,145,0,False,False,False,3,CCC,0.85,0.08,0.5,0.08
ACC_001039,Retail_CreditCard,2026-09-16,Large_D-SIB,Gauteng,226502946.80806017,68021140.87308879,0.0,inf,0,104,0,False,False,False,3,AAA,0.85,0.08,0.5,0.08
ACC_001040,Retail_CreditCard,2026-09-16,Large_D-SIB,KZN,397966290.64945257,365278980.57132864,0.0,inf,0,105,0,False,False,False,2,BB,0.85,0.08,0.5,0.08
ACC_001041,Retail_CreditCard,2026-09-16,Large_D-SIB,North West,415405139.24285597,300592316.8443879,0.0,inf,0,96,0,False,False,False,3,BB,0.85,0.08,0.5,0.08
ACC_001042,Retail_CreditCard,2026-09-16,Large_D-SIB,Limpopo,214307297.4325647,66393501.45296433,0.0,inf,0,146,0,False,False,False,3,BBB,0.85,0.08,0.5,0.08
ACC_001043,Retail_CreditCard,2026-09-16,Large_D-SIB,Gauteng,418816091.6295719,322376534.1463268,0.0,inf,0,42,0,False,False,False,1,BB,0.85,0.08,0.5,0.08
ACC_001044,Retail_CreditCard,2026-09-16,Large_D-SIB,Eastern Cape,355167902.9471145,332295692.4350925,0.0,inf,0,38,0,False,False,False,2,BB,0.85,0.08,0.5,0.08
ACC_001045,Retail_CreditCard,2026-09-16,Large_D-SIB,Eastern Cape,921605707.6266167,283064781.5861598,0.0,inf,0,212,0,False,False,False,5,A,0.85,0.08,0.5,0.08
ACC_001046,Retail_CreditCard,2026-09-16,Large_D-SIB,Gauteng,217268957.38375825,192421777.90680096,0.0,inf,0,69,60,False,False,False,1,BBB,0.85,0.08,0.5,0.08
ACC_001047,Retail_CreditCard,2026-09-16,Large_D-SIB,KZN,184517729.79253495,135577293.93932435,0.0,inf,0,136,0,False,False,False,4,CCC,0.85,0.08,0.5,0.08
ACC_001048,Retail_CreditCard,2026-09-16,Large_D-SIB,Western Cape,852457528.0619096,718619476.2237282,0.0,inf,0,129,0,False,False,False,5,A,0.85,0.08,0.5,0.08
ACC_001049,Retail_CreditCard,2026-09-16,Large_D-SIB,KZN,145674237.82407758,54391660.139091596,0.0,inf,0,3,0,False,False,False,2,A,0.85,0.08,0.5,0.08
ACC_001050,Retail_CreditCard,2026-09-16,Large_D-SIB,North West,245776461.1688305,169867181.7692524,0.0,inf,0,62,90,True,False,False,1,CCC,0.85,0.08,0.5,0.08
ACC_001051,Retail_CreditCard,2026-09-16,Large_D-SIB,Western Cape,58568267.11206636,30483659.173691634,0.0,inf,0,140,0,False,False,False,3,A,0.85,0.08,0.5,0.08
ACC_001052,Retail_CreditCard,2026-09-16,Large_D-SIB,Gauteng,356900803.6579596,174669517.44835046,0.0,inf,0,38,0,False,False,False,3,BBB,0.85,0.08,0.5,0.08
ACC_001053,Retail_CreditCard,2026-09-16,Large_D-SIB,Mpumalanga,177809150.87398046,131650084.11488396,0.0,inf,0,35,0,False,False,False,3,BB,0.85,0.08,0.5,0.08
ACC_001054,Retail_CreditCard,2026-09-16,Large_D-SIB,Western Cape,1448171901.2511516,621707206.3808005,0.0,inf,0,105,0,False,False,False,2,BBB,0.85,0.08,0.5,0.08
ACC_001055,Retail_CreditCard,2026-09-16,Large_D-SIB,Western Cape,367853494.2019851,245615294.77096158,0.0,inf,0,95,0,False,False,False,5,A,0.85,0.08,0.5,0.08
ACC_001056,Retail_CreditCard,2026-09-16,Large_D-SIB,Northern Cape,289406305.2279002,200822290.02709767,0.0,inf,0,195,0,False,False,False,1,BBB,0.85,0.08,0.5,0.08
ACC_001057,Retail_CreditCard,2026-09-16,Large_D-SIB,Limpopo,368342751.4478046,336081032.0454452,0.0,inf,0,147,0,False,False,False,4,BBB,0.85,0.08,0.5,0.08
ACC_001058,Retail_CreditCard,2026-09-16,Large_D-SIB,Limpopo,223869628.5820415,149628747.34110758,0.0,inf,0,94,0,False,False,False,2,B,0.85,0.08,0.5,0.08
ACC_001059,Retail_CreditCard,2026-09-16,Large_D-SIB,Mpumalanga,690979688.0930035,465466140.00359005,0.0,inf,0,133,0,False,False,False,4,A,0.85,0.08,0.5,0.08
ACC_001060,Retail_CreditCard,2026-09-16,Large_D-SIB,Eastern Cape,689467888.2949594,534265071.2422333,0.0,inf,0,100,0,False,False,False,2,CCC,0.85,0.08,0.5,0.08
ACC_001061,Retail_CreditCard,2026-09-16,Large_D-SIB,KZN,561334982.0663879,260648930.83362636,0.0,inf,0,40,0,False,False,False,1,B,0.85,0.08,0.5,0.08
ACC_001062,Retail_CreditCard,2026-09-16,Large_D-SIB,Gauteng,183341216.30750024,89120564.8911289,0.0,inf,0,172,60,False,False,False,2,CCC,0.85,0.08,0.5,0.08
ACC_001063,Retail_CreditCard,2026-09-16,Large_D-SIB,Western Cape,277887828.3887154,227633123.16104066,0.0,inf,0,76,0,False,False,False,5,BBB,0.85,0.08,0.5,0.08
ACC_001064,Retail_CreditCard,2026-09-16,Large_D-SIB,Gauteng,153626963.4556268,109275670.33243254,0.0,inf,0,104,0,False,False,False,2,BBB,0.85,0.08,0.5,0.08
ACC_001065,Retail_CreditCard,2026-09-16,Large_D-SIB,Limpopo,910567783.5858655,885699720.4721661,0.0,inf,0,144,0,False,False,False,3,B,0.85,0.08,0.5,0.08
ACC_001066,Retail_CreditCard,2026-09-16,Large_D-SIB,Gauteng,563433509.527736,235571337.5629254,0.0,inf,0,155,0,False,False,False,5,A,0.85,0.08,0.5,0.08
ACC_001067,Retail_CreditCard,2026-09-16,Large_D-SIB,Gauteng,1197340829.4092548,505006424.2494337,0.0,inf,0,180,0,False,False,False,2,BBB,0.85,0.08,0.5,0.08
ACC_001068,Retail_CreditCard,2026-09-16,Large_D-SIB,Gauteng,410975457.14974034,189670564.82712343,0.0,inf,0,200,0,False,False,False,3,AAA,0.85,0.08,0.5,0.08
ACC_001069,Retail_CreditCard,2026-09-16,Large_D-SIB,Gauteng,350097065.3837331,290470637.9419495,0.0,inf,0,134,0,False,False,False,2,BBB,0.85,0.08,0.5,0.08
ACC_001070,Retail_CreditCard,2026-09-16,Large_D-SIB,KZN,378352414.7505876,334759600.2088373,0.0,inf,0,136,0,False,False,False,2,BBB,0.85,0.08,0.5,0.08
ACC_001071,Retail_CreditCard,2026-09-16,Large_D-SIB,Gauteng,152594756.21274096,91598471.96199875,0.0,inf,0,205,0,False,False,False,4,A,0.85,0.08,0.5,0.08
ACC_001072,Retail_CreditCard,2026-09-16,Large_D-SIB,Western Cape,668536574.71321,364614555.3245781,0.0,inf,0,21,0,False,False,False,2,BBB,0.85,0.08,0.5,0.08
ACC_001073,Retail_CreditCard,2026-09-16,Large_D-SIB,Eastern Cape,401846160.0445261,155287124.87753895,0.0,inf,0,127,5,False,False,False,1,BBB,0.85,0.08,0.5,0.08
ACC_001074,Retail_CreditCard,2026-09-16,Large_D-SIB,Eastern Cape,236720137.8951315,111649186.95237574,0.0,inf,0,7,0,False,False,False,3,BB,0.85,0.08,0.5,0.08
ACC_001075,Retail_CreditCard,2026-09-16,Large_D-SIB,Gauteng,282341047.3213579,204348338.75240752,0.0,inf,0,128,0,False,False,False,2,BBB,0.85,0.08,0.5,0.08
ACC_001076,Retail_CreditCard,2026-09-16,Large_D-SIB,KZN,176841530.52085292,59541347.60952183,0.0,inf,0,212,0,False,False,False,5,AA,0.85,0.08,0.5,0.08
ACC_001077,Retail_CreditCard,2026-09-16,Large_D-SIB,Gauteng,225478462.06453684,130508921.05978875,0.0,inf,0,95,5,False,False,False,3,BBB,0.85,0.08,0.5,0.08
ACC_001078,Retail_CreditCard,2026-09-16,Large_D-SIB,Limpopo,415498231.8970652,312413925.06888723,0.0,inf,0,238,0,False,False,False,4,B,0.85,0.08,0.5,0.08
ACC_001079,Retail_CreditCard,2026-09-16,Large_D-SIB,Gauteng,511318811.05740434,497752525.65857744,0.0,inf,0,208,0,False,False,False,1,CCC,0.85,0.08,0.5,0.08
ACC_001080,Retail_CreditCard,2026-09-16,Large_D-SIB,KZN,354230107.14028585,274828308.4616752,0.0,inf,0,148,0,False,False,False,3,A,0.85,0.08,0.5,0.08
ACC_001081,Retail_CreditCard,2026-09-16,Large_D-SIB,Eastern Cape,315658023.0933785,294192024.3437431,0.0,inf,0,88,0,False,False,False,3,BBB,0.85,0.08,0.5,0.08
ACC_001082,Retail_CreditCard,2026-09-16,Large_D-SIB,KZN,435835379.3596192,181761959.2459868,0.0,inf,0,178,15,False,False,False,3,B,0.85,0.08,0.5,0.08
ACC_001083,Retail_CreditCard,2026-09-16,Large_D-SIB,KZN,617038218.7181113,599267782.0052415,0.0,inf,0,159,0,False,False,False,3,BB,0.85,0.08,0.5,0.08
ACC_001084,Retail_CreditCard,2026-09-16,Large_D-SIB,Gauteng,217624361.44934776,141631324.12243304,0.0,inf,0,54,0,False,False,False,4,BB,0.85,0.08,0.5,0.08
ACC_001085,Retail_CreditCard,2026-09-16,Large_D-SIB,Western Cape,329403731.94819105,158840516.49809426,0.0,inf,0,60,0,False,False,False,3,CCC,0.85,0.08,0.5,0.08
ACC_001086,Retail_CreditCard,2026-09-16,Large_D-SIB,Mpumalanga,290353012.92167073,100654150.02041581,0.0,inf,0,90,0,False,False,False,4,A,0.85,0.08,0.5,0.08
ACC_001087,Retail_CreditCard,2026-09-16,Large_D-SIB,Eastern Cape,637030458.6254697,606502030.9765381,0.0,inf,0,216,30,False,False,False,5,BB,0.85,0.08,0.5,0.08
ACC_001088,Retail_CreditCard,2026-09-16,Large_D-SIB,KZN,1125401822.540494,840461144.7099367,0.0,inf,0,59,0,False,False,False,4,AA,0.85,0.08,0.5,0.08
ACC_001089,Retail_CreditCard,2026-09-16,Large_D-SIB,Gauteng,564924309.9813282,281043650.08920676,0.0,inf,0,123,0,False,False,False,4,CCC,0.85,0.08,0.5,0.08
ACC_001090,Retail_CreditCard,2026-09-16,Large_D-SIB,Gauteng,2114190987.310257,663010528.4556589,0.0,inf,0,145,90,True,False,False,2,BB,0.85,0.08,0.5,0.08
ACC_001091,Retail_CreditCard,2026-09-16,Large_D-SIB,Eastern Cape,83607894.88227898,51354635.312931895,0.0,inf,0,170,0,False,False,False,2,B,0.85,0.08,0.5,0.08
ACC_001092,Retail_CreditCard,2026-09-16,Large_D-SIB,Western Cape,148469892.8793394,100445745.33143179,0.0,inf,0,227,5,False,False,False,2,A,0.85,0.08,0.5,0.08
ACC_001093,Retail_CreditCard,2026-09-16,Large_D-SIB,Gauteng,453806144.92577076,193623178.43417943,0.0,inf,0,171,0,False,False,False,4,BB,0.85,0.08,0.5,0.08
ACC_001094,Retail_CreditCard,2026-09-16,Large_D-SIB,Gauteng,1284889671.3941476,1115270045.6516764,0.0,inf,0,113,0,False,False,False,1,BB,0.85,0.08,0.5,0.08
ACC_001095,Retail_CreditCard,2026-09-16,Large_D-SIB,Eastern Cape,747296534.928719,446453066.136884,0.0,inf,0,101,5,False,False,False,3,CCC,0.85,0.08,0.5,0.08
ACC_001096,Retail_CreditCard,2026-09-16,Large_D-SIB,Eastern Cape,116649589.05244465,51359843.815549195,0.0,inf,0,230,5,False,False,False,1,A,0.85,0.08,0.5,0.08
ACC_001097,Retail_CreditCard,2026-09-16,Large_D-SIB,KZN,63640964.95137652,50686253.10107235,0.0,inf,0,220,15,False,False,False,2,BBB,0.85,0.08,0.5,0.08
ACC_001098,Retail_CreditCard,2026-09-16,Large_D-SIB,Limpopo,222587459.5621127,174257755.91625103,0.0,inf,0,42,0,False,False,False,3,BBB,0.85,0.08,0.5,0.08
ACC_001099,Retail_CreditCard,2026-09-16,Large_D-SIB,Gauteng,1097319039.3080704,1072559988.8012601,0.0,inf,0,209,5,False,False,False,2,BBB,0.85,0.08,0.5,0.08
ACC_001100,Retail_CreditCard,2026-09-16,Large_D-SIB,Free State,82032759.45045063,38458017.554726094,0.0,inf,0,206,0,False,False,False,3,A,0.85,0.08,0.5,0.08
ACC_001101,Retail_CreditCard,2026-09-16,Large_D-SIB,Western Cape,262920685.56238708,115467111.40188219,0.0,inf,0,99,15,False,False,False,3,BB,0.85,0.08,0.5,0.08
ACC_001102,Retail_CreditCard,2026-09-16,Large_D-SIB,Limpopo,396345315.6958862,326274178.423088,0.0,inf,0,71,0,False,False,False,4,BB,0.85,0.08,0.5,0.08
ACC_001103,Retail_CreditCard,2026-09-16,Large_D-SIB,Limpopo,1754595197.362674,742953826.2623888,0.0,inf,0,17,0,False,False,False,4,B,0.85,0.08,0.5,0.08
ACC_001104,Retail_CreditCard,2026-09-16,Large_D-SIB,KZN,186681606.59694055,66911578.56640468,0.0,inf,0,116,0,False,False,False,1,BB,0.85,0.08,0.5,0.08
ACC_001105,Retail_CreditCard,2026-09-16,Large_D-SIB,Gauteng,502909222.28082764,496036909.0090578,0.0,inf,0,108,15,False,False,False,2,B,0.85,0.08,0.5,0.08
ACC_001106,Retail_CreditCard,2026-09-16,Large_D-SIB,Gauteng,160742796.68794295,130690413.51209544,0.0,inf,0,6,0,False,False,False,3,A,0.85,0.08,0.5,0.08
ACC_001107,Retail_CreditCard,2026-09-16,Large_D-SIB,Gauteng,1318660803.3516254,433713740.50693476,0.0,inf,0,204,0,False,False,False,3,BBB,0.85,0.08,0.5,0.08
ACC_001108,Retail_CreditCard,2026-09-16,Large_D-SIB,Gauteng,696281791.3710905,514041704.48050755,0.0,inf,0,33,0,False,False,False,4,B,0.85,0.08,0.5,0.08
ACC_001109,Retail_CreditCard,2026-09-16,Large_D-SIB,Gauteng,501343937.5403154,433315489.693292,0.0,inf,0,15,0,False,False,False,5,B,0.85,0.08,0.5,0.08
ACC_001110,Retail_CreditCard,2026-09-16,Large_D-SIB,North West,133045103.49448523,125212080.0883379,0.0,inf,0,20,0,False,False,False,1,A,0.85,0.08,0.5,0.08
ACC_001111,Retail_CreditCard,2026-09-16,Large_D-SIB,KZN,383621522.64607996,156917300.81473526,0.0,inf,0,240,0,False,False,False,3,A,0.85,0.08,0.5,0.08
ACC_001112,Retail_CreditCard,2026-09-16,Large_D-SIB,Gauteng,144318313.10238272,126527467.04733513,0.0,inf,0,159,0,False,False,False,4,BBB,0.85,0.08,0.5,0.08
ACC_001113,Retail_CreditCard,2026-09-16,Large_D-SIB,North West,435106348.5218173,378793855.29761356,0.0,inf,0,157,0,False,False,False,3,CCC,0.85,0.08,0.5,0.08
ACC_001114,Retail_CreditCard,2026-09-16,Large_D-SIB,Western Cape,614536392.9008983,553434826.4109149,0.0,inf,0,112,0,False,False,False,4,BB,0.85,0.08,0.5,0.08
ACC_001115,Retail_CreditCard,2026-09-16,Large_D-SIB,Northern Cape,825291804.4116997,395532555.54757434,0.0,inf,0,16,30,False,False,False,4,BBB,0.85,0.08,0.5,0.08
ACC_001116,Retail_CreditCard,2026-09-16,Large_D-SIB,Gauteng,73220688.25524461,65128152.00475378,0.0,inf,0,212,0,False,False,False,3,AA,0.85,0.08,0.5,0.08
ACC_001117,Retail_CreditCard,2026-09-16,Large_D-SIB,Gauteng,88903658.82862765,39280038.525348544,0.0,inf,0,155,0,False,False,False,3,CCC,0.85,0.08,0.5,0.08
ACC_001118,Retail_CreditCard,2026-09-16,Large_D-SIB,KZN,471109189.1248827,223498654.54495975,0.0,inf,0,49,0,False,False,False,3,BB,0.85,0.08,0.5,0.08
ACC_001119,Retail_CreditCard,2026-09-16,Large_D-SIB,Free State,269561535.671962,237245702.11866593,0.0,inf,0,238,0,False,False,False,1,A,0.85,0.08,0.5,0.08
ACC_001120,Retail_CreditCard,2026-09-16,Large_D-SIB,Western Cape,719813614.3331884,440580909.00087196,0.0,inf,0,29,0,False,False,False,5,BBB,0.85,0.08,0.5,0.08
ACC_001121,Retail_CreditCard,2026-09-16,Large_D-SIB,Northern Cape,240086893.2077139,213867764.2303218,0.0,inf,0,128,0,False,False,False,1,AAA,0.85,0.08,0.5,0.08
ACC_001122,Retail_CreditCard,2026-09-16,Large_D-SIB,Gauteng,110988776.03500913,97807233.21766527,0.0,inf,0,77,0,False,False,False,3,AA,0.85,0.08,0.5,0.08
ACC_001123,Retail_CreditCard,2026-09-16,Large_D-SIB,Mpumalanga,246139360.72427896,158746573.33525202,0.0,inf,0,120,0,False,False,False,2,AA,0.85,0.08,0.5,0.08
ACC_001124,Retail_CreditCard,2026-09-16,Large_D-SIB,Free State,129752239.32954866,87811405.18848875,0.0,inf,0,193,0,False,False,False,3,AA,0.85,0.08,0.5,0.08
ACC_001125,Retail_CreditCard,2026-09-16,Large_D-SIB,Western Cape,340367441.66884017,263166433.28510362,0.0,inf,0,123,0,False,False,False,3,A,0.85,0.08,0.5,0.08
ACC_001126,Retail_CreditCard,2026-09-16,Large_D-SIB,KZN,461623346.2320633,415746532.0749681,0.0,inf,0,126,0,False,False,False,1,BBB,0.85,0.08,0.5,0.08
ACC_001127,Retail_CreditCard,2026-09-16,Large_D-SIB,Gauteng,237336966.9834447,84009896.5095511,0.0,inf,0,135,0,False,False,False,4,CCC,0.85,0.08,0.5,0.08
ACC_001128,Retail_CreditCard,2026-09-16,Large_D-SIB,Gauteng,192002323.45648035,84734472.88370232,0.0,inf,0,32,0,False,False,False,3,BBB,0.85,0.08,0.5,0.08
ACC_001129,Retail_CreditCard,2026-09-16,Large_D-SIB,Mpumalanga,261310062.51550004,81064979.89306955,0.0,inf,0,9,0,False,False,False,2,BB,0.85,0.08,0.5,0.08
ACC_001130,Retail_CreditCard,2026-09-16,Large_D-SIB,Gauteng,216820998.74741784,79753545.07199828,0.0,inf,0,59,30,False,False,False,4,BBB,0.85,0.08,0.5,0.08
ACC_001131,Retail_CreditCard,2026-09-16,Large_D-SIB,Free State,388396628.08572096,161077411.84816235,0.0,inf,0,115,0,False,False,False,2,BB,0.85,0.08,0.5,0.08
ACC_001132,Retail_CreditCard,2026-09-16,Large_D-SIB,KZN,372255849.8993999,184647666.88727474,0.0,inf,0,60,0,False,False,False,3,AA,0.85,0.08,0.5,0.08
ACC_001133,Retail_CreditCard,2026-09-16,Large_D-SIB,Gauteng,473895662.52891165,351922280.79579306,0.0,inf,0,28,0,False,False,False,2,BBB,0.85,0.08,0.5,0.08
ACC_001134,Retail_CreditCard,2026-09-16,Large_D-SIB,Eastern Cape,225601694.5512381,220521271.518414,0.0,inf,0,91,0,False,False,False,1,A,0.85,0.08,0.5,0.08
ACC_001135,Retail_CreditCard,2026-09-16,Large_D-SIB,Gauteng,568135984.0263319,234706862.94933873,0.0,inf,0,76,0,False,False,False,2,CCC,0.85,0.08,0.5,0.08
ACC_001136,Retail_CreditCard,2026-09-16,Large_D-SIB,Limpopo,193909066.7803174,87054997.1478295,0.0,inf,0,39,0,False,False,False,2,B,0.85,0.08,0.5,0.08
ACC_001137,Retail_CreditCard,2026-09-16,Large_D-SIB,KZN,361605908.9543326,141144539.80978477,0.0,inf,0,9,0,False,False,False,2,BBB,0.85,0.08,0.5,0.08
ACC_001138,Retail_CreditCard,2026-09-16,Large_D-SIB,Gauteng,94034937.83293714,77866287.76709999,0.0,inf,0,219,0,False,False,False,3,BBB,0.85,0.08,0.5,0.08
ACC_001139,Retail_CreditCard,2026-09-16,Large_D-SIB,Gauteng,516240032.227085,489833055.0039269,0.0,inf,0,79,0,False,False,False,5,BB,0.85,0.08,0.5,0.08
ACC_001140,Retail_CreditCard,2026-09-16,Large_D-SIB,Western Cape,397726639.8700817,350321103.9034251,0.0,inf,0,194,0,False,False,False,3,BBB,0.85,0.08,0.5,0.08
ACC_001141,Retail_CreditCard,2026-09-16,Large_D-SIB,Western Cape,193158194.40724078,104966732.98617359,0.0,inf,0,180,0,False,False,False,3,CCC,0.85,0.08,0.5,0.08
ACC_001142,Retail_CreditCard,2026-09-16,Large_D-SIB,KZN,147853147.59445372,51027189.85305538,0.0,inf,0,91,0,False,False,False,4,B,0.85,0.08,0.5,0.08
ACC_001143,Retail_CreditCard,2026-09-16,Large_D-SIB,KZN,316469255.6870904,109894386.77109241,0.0,inf,0,23,60,False,False,False,2,AA,0.85,0.08,0.5,0.08
ACC_001144,Retail_CreditCard,2026-09-16,Large_D-SIB,Gauteng,485001979.6212555,459191219.9446226,0.0,inf,0,156,0,False,False,False,5,BBB,0.85,0.08,0.5,0.08
ACC_001145,Retail_CreditCard,2026-09-16,Large_D-SIB,Free State,57779809.808061,18957890.278595034,0.0,inf,0,129,0,False,False,False,3,A,0.85,0.08,0.5,0.08
ACC_001146,Retail_CreditCard,2026-09-16,Large_D-SIB,Gauteng,1035636317.0896924,436017235.5768021,0.0,inf,0,24,60,False,False,False,5,A,0.85,0.08,0.5,0.08
ACC_001147,Retail_CreditCard,2026-09-16,Large_D-SIB,Gauteng,893261755.6657299,476522513.9526536,0.0,inf,0,211,5,False,False,False,1,BBB,0.85,0.08,0.5,0.08
ACC_001148,Retail_CreditCard,2026-09-16,Large_D-SIB,Eastern Cape,193204689.69576815,85632233.5127905,0.0,inf,0,74,0,False,False,False,2,CCC,0.85,0.08,0.5,0.08
ACC_001149,Retail_CreditCard,2026-09-16,Large_D-SIB,Limpopo,2486237040.323797,889480471.3627747,0.0,inf,0,111,0,False,False,False,1,AA,0.85,0.08,0.5,0.08
ACC_001150,Retail_CreditCard,2026-09-16,Large_D-SIB,North West,329353874.7884418,291775070.87199235,0.0,inf,0,88,60,False,False,False,4,A,0.85,0.08,0.5,0.08
ACC_001151,Retail_CreditCard,2026-09-16,Large_D-SIB,Eastern Cape,404008062.98674875,263652654.49454176,0.0,inf,0,236,0,False,False,False,3,B,0.85,0.08,0.5,0.08
ACC_001152,Retail_CreditCard,2026-09-16,Large_D-SIB,Gauteng,426971181.84423554,380132132.6642861,0.0,inf,0,179,15,False,False,False,2,BBB,0.85,0.08,0.5,0.08
ACC_001153,Retail_CreditCard,2026-09-16,Large_D-SIB,Gauteng,245371536.06869078,227298384.93398649,0.0,inf,0,40,15,False,False,False,5,BBB,0.85,0.08,0.5,0.08
ACC_001154,Retail_CreditCard,2026-09-16,Large_D-SIB,Eastern Cape,399189599.00783145,375163443.93722564,0.0,inf,0,43,0,False,False,False,1,BBB,0.85,0.08,0.5,0.08
ACC_001155,Retail_CreditCard,2026-09-16,Large_D-SIB,North West,491686426.16582674,354056169.6435925,0.0,inf,0,178,0,False,False,False,3,BB,0.85,0.08,0.5,0.08
ACC_001156,Retail_CreditCard,2026-09-16,Large_D-SIB,Gauteng,374314036.1489651,258031827.45351353,0.0,inf,0,51,60,True,False,False,2,AAA,0.85,0.08,0.5,0.08
ACC_001157,Retail_CreditCard,2026-09-16,Large_D-SIB,Eastern Cape,352998749.4532238,196311916.76453567,0.0,inf,0,137,0,False,False,False,4,BB,0.85,0.08,0.5,0.08
ACC_001158,Retail_CreditCard,2026-09-16,Large_D-SIB,Gauteng,1194816198.974772,542623512.9955952,0.0,inf,0,163,90,False,False,False,1,BB,0.85,0.08,0.5,0.08
ACC_001159,Retail_CreditCard,2026-09-16,Large_D-SIB,Eastern Cape,101331284.22237094,50824208.13214317,0.0,inf,0,49,0,False,False,False,1,A,0.85,0.08,0.5,0.08
ACC_001160,Retail_CreditCard,2026-09-16,Large_D-SIB,Mpumalanga,158593437.78637114,97135712.66228054,0.0,inf,0,37,0,False,False,False,3,B,0.85,0.08,0.5,0.08
ACC_001161,Retail_CreditCard,2026-09-16,Large_D-SIB,Gauteng,421935541.4172044,289375820.8916386,0.0,inf,0,167,0,False,False,False,3,BBB,0.85,0.08,0.5,0.08
ACC_001162,Retail_CreditCard,2026-09-16,Large_D-SIB,Gauteng,150902694.8627665,91450102.57541522,0.0,inf,0,37,0,False,False,False,2,BBB,0.85,0.08,0.5,0.08
ACC_001163,Retail_CreditCard,2026-09-16,Large_D-SIB,Gauteng,206191310.1876607,176856848.86459687,0.0,inf,0,59,0,False,False,False,1,AAA,0.85,0.08,0.5,0.08
ACC_001164,Retail_CreditCard,2026-09-16,Large_D-SIB,Gauteng,1660189232.3406148,778217314.9524335,0.0,inf,0,17,0,False,False,False,5,BBB,0.85,0.08,0.5,0.08
ACC_001165,Retail_CreditCard,2026-09-16,Large_D-SIB,Mpumalanga,1461466746.7940125,1408678394.2367945,0.0,inf,0,122,5,False,False,False,4,BB,0.85,0.08,0.5,0.08
ACC_001166,Retail_CreditCard,2026-09-16,Large_D-SIB,Gauteng,145014305.8580581,45722556.27285644,0.0,inf,0,28,30,False,False,False,2,BB,0.85,0.08,0.5,0.08
ACC_001167,Retail_CreditCard,2026-09-16,Large_D-SIB,Free State,440615994.0978345,389858928.12747145,0.0,inf,0,141,0,False,False,False,3,BBB,0.85,0.08,0.5,0.08
ACC_001168,Retail_CreditCard,2026-09-16,Large_D-SIB,Eastern Cape,770637053.7700754,396862002.3538804,0.0,inf,0,20,0,False,False,False,3,AA,0.85,0.08,0.5,0.08
ACC_001169,Retail_CreditCard,2026-09-16,Large_D-SIB,Gauteng,333156808.0378267,288415140.2984543,0.0,inf,0,62,90,False,True,False,2,B,0.85,0.08,0.5,0.08
ACC_001170,Retail_CreditCard,2026-09-16,Large_D-SIB,Western Cape,244508770.92006811,179493524.76841474,0.0,inf,0,95,0,False,False,False,3,A,0.85,0.08,0.5,0.08
ACC_001171,Retail_CreditCard,2026-09-16,Large_D-SIB,Limpopo,109951809.60860398,68424281.83008456,0.0,inf,0,141,0,False,False,False,4,BB,0.85,0.08,0.5,0.08
ACC_001172,Retail_CreditCard,2026-09-16,Large_D-SIB,Western Cape,240657121.12740296,141476833.88553345,0.0,inf,0,151,30,False,False,False,3,BB,0.85,0.08,0.5,0.08
ACC_001173,Retail_CreditCard,2026-09-16,Large_D-SIB,KZN,303995048.02175415,280832068.4877283,0.0,inf,0,178,60,False,False,False,2,AA,0.85,0.08,0.5,0.08
ACC_001174,Retail_CreditCard,2026-09-16,Large_D-SIB,KZN,291984929.91741234,129128628.37125152,0.0,inf,0,83,0,False,False,False,2,BB,0.85,0.08,0.5,0.08
ACC_001175,Retail_CreditCard,2026-09-16,Large_D-SIB,Gauteng,790336770.6735098,315144654.85960966,0.0,inf,0,183,0,False,False,False,5,BB,0.85,0.08,0.5,0.08
ACC_001176,Retail_CreditCard,2026-09-16,Large_D-SIB,Limpopo,419143874.98624504,407999743.1392192,0.0,inf,0,113,0,False,False,False,2,BB,0.85,0.08,0.5,0.08
ACC_001177,Retail_CreditCard,2026-09-16,Large_D-SIB,Western Cape,132609539.1796778,73581205.58310176,0.0,inf,0,3,0,False,False,False,1,BBB,0.85,0.08,0.5,0.08
ACC_001178,Retail_CreditCard,2026-09-16,Large_D-SIB,Western Cape,697040590.6299065,475317174.44149274,0.0,inf,0,30,90,True,True,False,3,BBB,0.85,0.08,0.5,0.08
ACC_001179,Retail_CreditCard,2026-09-16,Large_D-SIB,Eastern Cape,1172211248.1482058,867975566.0050943,0.0,inf,0,15,90,True,False,False,1,CCC,0.85,0.08,0.5,0.08
ACC_001180,Retail_CreditCard,2026-09-16,Large_D-SIB,KZN,619479947.277292,511973104.8743734,0.0,inf,0,215,0,False,False,False,3,B,0.85,0.08,0.5,0.08
ACC_001181,Retail_CreditCard,2026-09-16,Large_D-SIB,Western Cape,1026792959.5182874,672399281.2620234,0.0,inf,0,5,0,False,False,False,2,B,0.85,0.08,0.5,0.08
ACC_001182,Retail_CreditCard,2026-09-16,Large_D-SIB,Mpumalanga,986599001.7092503,546041496.7065089,0.0,inf,0,134,0,False,False,False,1,BB,0.85,0.08,0.5,0.08
ACC_001183,Retail_CreditCard,2026-09-16,Large_D-SIB,Gauteng,128550145.82163124,115592477.7210845,0.0,inf,0,221,0,False,False,False,5,BB,0.85,0.08,0.5,0.08
ACC_001184,Retail_CreditCard,2026-09-16,Large_D-SIB,Gauteng,334670171.7275097,321204381.5804057,0.0,inf,0,162,0,False,False,False,5,CCC,0.85,0.08,0.5,0.08
ACC_001185,Retail_CreditCard,2026-09-16,Large_D-SIB,Gauteng,45176169.66174098,15388871.317235073,0.0,inf,0,215,0,False,False,False,1,CCC,0.85,0.08,0.5,0.08
ACC_001186,Retail_CreditCard,2026-09-16,Large_D-SIB,Gauteng,642001476.3801384,565574915.8713427,0.0,inf,0,41,0,False,False,False,4,A,0.85,0.08,0.5,0.08
ACC_001187,Retail_CreditCard,2026-09-16,Large_D-SIB,Free State,291444621.25594354,219538963.09768417,0.0,inf,0,11,0,False,False,False,3,B,0.85,0.08,0.5,0.08
ACC_001188,Retail_CreditCard,2026-09-16,Large_D-SIB,North West,368952704.9931086,318432952.1521962,0.0,inf,0,239,0,False,False,False,5,BB,0.85,0.08,0.5,0.08
ACC_001189,Retail_CreditCard,2026-09-16,Large_D-SIB,Gauteng,497867421.38315994,239550497.74949276,0.0,inf,0,132,5,False,False,False,3,BBB,0.85,0.08,0.5,0.08
ACC_001190,Retail_CreditCard,2026-09-16,Large_D-SIB,Free State,367465410.1319138,250628215.55880898,0.0,inf,0,46,0,False,False,False,4,BB,0.85,0.08,0.5,0.08
ACC_001191,Retail_CreditCard,2026-09-16,Large_D-SIB,Gauteng,234548925.57101673,192878352.832016,0.0,inf,0,240,5,False,False,False,1,B,0.85,0.08,0.5,0.08
ACC_001192,Retail_CreditCard,2026-09-16,Large_D-SIB,KZN,532491488.3162692,349307620.3390715,0.0,inf,0,100,0,False,False,False,2,A,0.85,0.08,0.5,0.08
ACC_001193,Retail_CreditCard,2026-09-16,Large_D-SIB,Gauteng,134365665.85947675,54007906.422237016,0.0,inf,0,105,0,False,False,False,1,B,0.85,0.08,0.5,0.08
ACC_001194,Retail_CreditCard,2026-09-16,Large_D-SIB,KZN,74511413.82026502,30963085.7606066,0.0,inf,0,138,90,False,False,False,3,CCC,0.85,0.08,0.5,0.08
ACC_001195,Retail_CreditCard,2026-09-16,Large_D-SIB,Gauteng,66240439.452381626,25982402.955427,0.0,inf,0,78,5,False,False,False,3,A,0.85,0.08,0.5,0.08
ACC_001196,Retail_CreditCard,2026-09-16,Large_D-SIB,Limpopo,722462565.5819831,439947452.80089855,0.0,inf,0,124,0,False,False,False,2,BB,0.85,0.08,0.5,0.08
ACC_001197,Retail_CreditCard,2026-09-16,Large_D-SIB,KZN,1151400767.2484295,710074771.9293619,0.0,inf,0,45,0,False,False,False,2,BBB,0.85,0.08,0.5,0.08
ACC_001198,Retail_CreditCard,2026-09-16,Large_D-SIB,Limpopo,158290194.16921794,86586537.11724867,0.0,inf,0,153,0,False,False,False,3,BB,0.85,0.08,0.5,0.08
ACC_001199,Retail_CreditCard,2026-09-16,Large_D-SIB,Gauteng,451014965.2135377,397797894.61825186,0.0,inf,0,118,0,False,False,False,3,A,0.85,0.08,0.5,0.08
ACC_001200,Retail_CreditCard,2026-09-16,Large_D-SIB,Free State,267848511.92388964,243571360.3444759,0.0,inf,0,82,0,False,False,False,5,BBB,0.85,0.08,0.5,0.08
ACC_001201,Retail_CreditCard,2026-09-16,Large_D-SIB,Western Cape,77101658.01986313,56945874.86549714,0.0,inf,0,229,0,False,False,False,2,CCC,0.85,0.08,0.5,0.08
ACC_001202,Retail_CreditCard,2026-09-16,Large_D-SIB,Western Cape,236013096.14170372,188284643.44909382,0.0,inf,0,45,0,False,False,False,5,BBB,0.85,0.08,0.5,0.08
ACC_001203,Retail_CreditCard,2026-09-16,Large_D-SIB,Gauteng,312317555.3844623,131890727.84647413,0.0,inf,0,56,0,False,False,False,4,BBB,0.85,0.08,0.5,0.08
ACC_001204,Retail_CreditCard,2026-09-16,Large_D-SIB,Gauteng,278434450.88406575,219587884.83686495,0.0,inf,0,75,90,True,False,False,4,BBB,0.85,0.08,0.5,0.08
ACC_001205,Retail_CreditCard,2026-09-16,Large_D-SIB,KZN,952767746.4582918,746453247.0813445,0.0,inf,0,189,0,False,False,False,3,AA,0.85,0.08,0.5,0.08
ACC_001206,Retail_CreditCard,2026-09-16,Large_D-SIB,KZN,94533690.3357825,62367238.6234835,0.0,inf,0,188,0,False,False,False,4,B,0.85,0.08,0.5,0.08
ACC_001207,Retail_CreditCard,2026-09-16,Large_D-SIB,Mpumalanga,94106371.07267226,79459765.85533002,0.0,inf,0,215,30,False,False,False,4,BBB,0.85,0.08,0.5,0.08
ACC_001208,Retail_CreditCard,2026-09-16,Large_D-SIB,Mpumalanga,75301720.12294544,46772149.90389696,0.0,inf,0,155,0,False,False,False,3,B,0.85,0.08,0.5,0.08
ACC_001209,Retail_CreditCard,2026-09-16,Large_D-SIB,Limpopo,102237975.95025022,54626604.41065232,0.0,inf,0,68,90,False,False,False,3,B,0.85,0.08,0.5,0.08
ACC_001210,Retail_CreditCard,2026-09-16,Large_D-SIB,Gauteng,452243806.6166815,164737200.82037023,0.0,inf,0,98,0,False,False,False,4,BB,0.85,0.08,0.5,0.08
ACC_001211,Retail_CreditCard,2026-09-16,Large_D-SIB,Free State,91453305.9070984,47552897.427592896,0.0,inf,0,198,0,False,False,False,3,BBB,0.85,0.08,0.5,0.08
ACC_001212,Retail_CreditCard,2026-09-16,Large_D-SIB,KZN,508537166.6294044,462237380.5318311,0.0,inf,0,132,0,False,False,False,3,BBB,0.85,0.08,0.5,0.08
ACC_001213,Retail_CreditCard,2026-09-16,Large_D-SIB,Gauteng,932686285.7353263,281303757.9541364,0.0,inf,0,91,0,False,False,False,2,AA,0.85,0.08,0.5,0.08
ACC_001214,Retail_CreditCard,2026-09-16,Large_D-SIB,Gauteng,1036236694.4981723,875216133.2016791,0.0,inf,0,131,0,False,False,False,2,AA,0.85,0.08,0.5,0.08
ACC_001215,Retail_CreditCard,2026-09-16,Large_D-SIB,Western Cape,128212939.93254839,96939607.70595263,0.0,inf,0,163,5,False,False,False,3,BBB,0.85,0.08,0.5,0.08
ACC_001216,Retail_CreditCard,2026-09-16,Large_D-SIB,Gauteng,334326233.42018676,309602493.38639444,0.0,inf,0,117,0,False,False,False,1,A,0.85,0.08,0.5,0.08
ACC_001217,Retail_CreditCard,2026-09-16,Large_D-SIB,Northern Cape,575998722.8476647,341682057.6769607,0.0,inf,0,99,0,False,False,False,2,BB,0.85,0.08,0.5,0.08
ACC_001218,Retail_CreditCard,2026-09-16,Large_D-SIB,Gauteng,859422657.1796852,760951145.5109986,0.0,inf,0,6,0,False,False,False,4,B,0.85,0.08,0.5,0.08
ACC_001219,Retail_CreditCard,2026-09-16,Large_D-SIB,Gauteng,446994205.40563107,291095567.9844909,0.0,inf,0,55,0,False,False,False,2,BBB,0.85,0.08,0.5,0.08
ACC_001220,Retail_CreditCard,2026-09-16,Large_D-SIB,Gauteng,179996358.97894305,123679273.55066161,0.0,inf,0,131,0,False,False,False,3,B,0.85,0.08,0.5,0.08
ACC_001221,Retail_CreditCard,2026-09-16,Large_D-SIB,Eastern Cape,708736534.2040558,582439060.7203227,0.0,inf,0,209,0,False,False,False,4,A,0.85,0.08,0.5,0.08
ACC_001222,Retail_CreditCard,2026-09-16,Large_D-SIB,North West,145767888.2575544,103114114.67826274,0.0,inf,0,114,0,False,False,False,2,AAA,0.85,0.08,0.5,0.08
ACC_001223,Retail_CreditCard,2026-09-16,Large_D-SIB,Western Cape,108666072.85988602,67535858.50435108,0.0,inf,0,213,0,False,False,False,3,BBB,0.85,0.08,0.5,0.08
ACC_001224,Retail_CreditCard,2026-09-16,Large_D-SIB,KZN,202874767.5882097,89153673.43620788,0.0,inf,0,33,0,False,False,False,2,BB,0.85,0.08,0.5,0.08
ACC_001225,Retail_CreditCard,2026-09-16,Large_D-SIB,Western Cape,1218727823.0473452,1179443010.8836033,0.0,inf,0,76,0,False,False,False,3,B,0.85,0.08,0.5,0.08
ACC_001226,Retail_CreditCard,2026-09-16,Large_D-SIB,Gauteng,104252978.91388205,67959845.1752754,0.0,inf,0,162,0,False,False,False,3,CCC,0.85,0.08,0.5,0.08
ACC_001227,Retail_CreditCard,2026-09-16,Large_D-SIB,Gauteng,73631144.2701202,58330142.371487424,0.0,inf,0,117,60,True,False,False,1,BB,0.85,0.08,0.5,0.08
ACC_001228,Retail_CreditCard,2026-09-16,Large_D-SIB,Free State,224750389.6710347,141929177.8700947,0.0,inf,0,196,0,False,False,False,2,B,0.85,0.08,0.5,0.08
ACC_001229,Retail_CreditCard,2026-09-16,Large_D-SIB,Gauteng,512769309.48583,508892644.73219466,0.0,inf,0,185,0,False,False,False,5,A,0.85,0.08,0.5,0.08
ACC_001230,Retail_CreditCard,2026-09-16,Large_D-SIB,Western Cape,114143115.72678943,83720457.1791297,0.0,inf,0,234,0,False,False,False,3,BB,0.85,0.08,0.5,0.08
ACC_001231,Retail_CreditCard,2026-09-16,Large_D-SIB,Northern Cape,447033114.3766083,349392381.9036131,0.0,inf,0,126,0,False,False,False,2,BBB,0.85,0.08,0.5,0.08
ACC_001232,Retail_CreditCard,2026-09-16,Large_D-SIB,Gauteng,289497542.1447504,159504732.8797544,0.0,inf,0,152,5,False,False,False,5,B,0.85,0.08,0.5,0.08
ACC_001233,Retail_CreditCard,2026-09-16,Large_D-SIB,Western Cape,313785257.90658516,149897040.58731452,0.0,inf,0,73,0,False,False,False,3,AA,0.85,0.08,0.5,0.08
ACC_001234,Retail_CreditCard,2026-09-16,Large_D-SIB,Gauteng,407695781.7779784,247395186.78245842,0.0,inf,0,177,0,False,False,False,2,B,0.85,0.08,0.5,0.08
ACC_001235,Retail_CreditCard,2026-09-16,Large_D-SIB,Gauteng,231032577.80311528,206459275.1848892,0.0,inf,0,17,0,False,False,False,1,BB,0.85,0.08,0.5,0.08
ACC_001236,Retail_CreditCard,2026-09-16,Large_D-SIB,Gauteng,144988548.54655385,128429173.91490519,0.0,inf,0,217,0,False,False,False,2,BBB,0.85,0.08,0.5,0.08
ACC_001237,Retail_CreditCard,2026-09-16,Large_D-SIB,KZN,395086299.5753435,268064077.80318567,0.0,inf,0,87,0,False,False,False,5,BB,0.85,0.08,0.5,0.08
ACC_001238,Retail_CreditCard,2026-09-16,Large_D-SIB,Eastern Cape,423479728.987451,290539612.7824061,0.0,inf,0,114,0,False,False,False,1,A,0.85,0.08,0.5,0.08
ACC_001239,Retail_CreditCard,2026-09-16,Large_D-SIB,Gauteng,353504436.0456389,139294685.44869754,0.0,inf,0,102,90,False,True,False,1,BBB,0.85,0.08,0.5,0.08
ACC_001240,Retail_CreditCard,2026-09-16,Large_D-SIB,KZN,171545315.77153185,121715084.35144863,0.0,inf,0,82,30,False,False,False,3,BBB,0.85,0.08,0.5,0.08
ACC_001241,Retail_Overdraft,2026-09-16,Large_D-SIB,KZN,302969204.8663454,357742726.5530597,0.0,inf,0,60,0,False,False,False,4,BB,0.9,0.06,0.55,0.08
ACC_001242,Retail_Overdraft,2026-09-16,Large_D-SIB,Gauteng,452705094.3864111,334531664.6889602,0.0,inf,0,176,0,False,False,False,4,AAA,0.9,0.06,0.55,0.08
ACC_001243,Retail_Overdraft,2026-09-16,Large_D-SIB,Gauteng,157402045.334716,151831702.8220527,0.0,inf,0,120,0,False,False,False,5,AA,0.9,0.06,0.55,0.08
ACC_001244,Retail_Overdraft,2026-09-16,Large_D-SIB,Gauteng,297903485.0708809,120343599.62758093,0.0,inf,0,48,0,False,False,False,5,BBB,0.9,0.06,0.55,0.08
ACC_001245,Retail_Overdraft,2026-09-16,Large_D-SIB,Gauteng,371048655.64131474,405103314.19699526,0.0,inf,0,184,0,False,False,False,3,BB,0.9,0.06,0.55,0.08
ACC_001246,Retail_Overdraft,2026-09-16,Large_D-SIB,Mpumalanga,912596351.389098,1081287683.996066,0.0,inf,0,190,60,False,False,False,1,B,0.9,0.06,0.55,0.08
ACC_001247,Retail_Overdraft,2026-09-16,Large_D-SIB,Western Cape,285334986.6710983,122762760.53324185,0.0,inf,0,204,0,False,False,False,4,BBB,0.9,0.06,0.55,0.08
ACC_001248,Retail_Overdraft,2026-09-16,Large_D-SIB,Eastern Cape,173428829.89611834,176704316.22346494,0.0,inf,0,154,0,False,False,False,4,BBB,0.9,0.06,0.55,0.08
ACC_001249,Retail_Overdraft,2026-09-16,Large_D-SIB,Gauteng,65863476.671113916,38247807.36217757,0.0,inf,0,120,0,False,False,False,4,B,0.9,0.06,0.55,0.08
ACC_001250,Retail_Overdraft,2026-09-16,Large_D-SIB,KZN,619454441.1149327,561967982.5168946,0.0,inf,0,239,0,False,False,False,3,BB,0.9,0.06,0.55,0.08
ACC_001251,Retail_Overdraft,2026-09-16,Large_D-SIB,Mpumalanga,255976832.75243175,215020914.44160545,0.0,inf,0,120,0,False,False,False,4,BBB,0.9,0.06,0.55,0.08
ACC_001252,Retail_Overdraft,2026-09-16,Large_D-SIB,KZN,269092468.4625984,298942385.03399295,0.0,inf,0,238,0,False,False,False,2,A,0.9,0.06,0.55,0.08
ACC_001253,Retail_Overdraft,2026-09-16,Large_D-SIB,Gauteng,259290609.26851538,297465622.5924382,0.0,inf,0,209,0,False,False,False,3,BBB,0.9,0.06,0.55,0.08
ACC_001254,Retail_Overdraft,2026-09-16,Large_D-SIB,Western Cape,215406015.56695667,121632566.70190178,0.0,inf,0,188,0,False,False,False,3,BB,0.9,0.06,0.55,0.08
ACC_001255,Retail_Overdraft,2026-09-16,Large_D-SIB,Gauteng,207519492.64406186,195519395.39139396,0.0,inf,0,56,0,False,False,False,3,BBB,0.9,0.06,0.55,0.08
ACC_001256,Retail_Overdraft,2026-09-16,Large_D-SIB,Western Cape,944734650.4997431,614194170.7709017,0.0,inf,0,188,0,False,False,False,1,BB,0.9,0.06,0.55,0.08
ACC_001257,Retail_Overdraft,2026-09-16,Large_D-SIB,Northern Cape,228788753.86210114,51411499.746802606,0.0,inf,0,113,15,False,False,False,4,AAA,0.9,0.06,0.55,0.08
ACC_001258,Retail_Overdraft,2026-09-16,Large_D-SIB,Limpopo,506822985.27007735,247480794.06610307,0.0,inf,0,53,0,False,False,False,5,BB,0.9,0.06,0.55,0.08
ACC_001259,Retail_Overdraft,2026-09-16,Large_D-SIB,Gauteng,1680075546.1442983,1350609181.7600164,0.0,inf,0,226,90,True,False,False,4,B,0.9,0.06,0.55,0.08
ACC_001260,Retail_Overdraft,2026-09-16,Large_D-SIB,Gauteng,1133116832.2292573,763450880.1560749,0.0,inf,0,218,0,False,False,False,2,BBB,0.9,0.06,0.55,0.08
ACC_001261,Retail_Overdraft,2026-09-16,Large_D-SIB,Gauteng,135758353.9375373,152595522.60183588,0.0,inf,0,206,0,False,False,False,2,AAA,0.9,0.06,0.55,0.08
ACC_001262,Retail_Overdraft,2026-09-16,Large_D-SIB,North West,399023258.43757427,340308352.85409564,0.0,inf,0,53,0,False,False,False,1,BB,0.9,0.06,0.55,0.08
ACC_001263,Retail_Overdraft,2026-09-16,Large_D-SIB,KZN,455658743.31439704,270536526.0811668,0.0,inf,0,90,0,False,False,False,1,A,0.9,0.06,0.55,0.08
ACC_001264,Retail_Overdraft,2026-09-16,Large_D-SIB,Free State,112482183.06190127,109622393.14818895,0.0,inf,0,67,0,False,False,False,3,B,0.9,0.06,0.55,0.08
ACC_001265,Retail_Overdraft,2026-09-16,Large_D-SIB,KZN,457692525.4836674,442254202.9591328,0.0,inf,0,13,0,False,False,False,1,B,0.9,0.06,0.55,0.08
ACC_001266,Retail_Overdraft,2026-09-16,Large_D-SIB,North West,208173886.13085172,197717794.2591584,0.0,inf,0,122,0,False,False,False,3,BBB,0.9,0.06,0.55,0.08
ACC_001267,Retail_Overdraft,2026-09-16,Large_D-SIB,Gauteng,225397702.29393747,152907963.99185404,0.0,inf,0,180,0,False,False,False,1,BB,0.9,0.06,0.55,0.08
ACC_001268,Retail_Overdraft,2026-09-16,Large_D-SIB,Gauteng,481054126.29149556,476283848.7150185,0.0,inf,0,149,0,False,False,False,3,CCC,0.9,0.06,0.55,0.08
ACC_001269,Retail_Overdraft,2026-09-16,Large_D-SIB,Mpumalanga,49403053.06270907,32205473.543528475,0.0,inf,0,70,0,False,False,False,5,BBB,0.9,0.06,0.55,0.08
ACC_001270,Retail_Overdraft,2026-09-16,Large_D-SIB,Gauteng,197579249.43359947,143743742.0565776,0.0,inf,0,232,0,False,False,False,2,BBB,0.9,0.06,0.55,0.08
ACC_001271,Retail_Overdraft,2026-09-16,Large_D-SIB,KZN,83291053.99333145,87006738.99021871,0.0,inf,0,194,0,False,False,False,5,A,0.9,0.06,0.55,0.08
ACC_001272,Retail_Overdraft,2026-09-16,Large_D-SIB,Gauteng,895221367.7938195,311792483.20289147,0.0,inf,0,32,0,False,False,False,1,AAA,0.9,0.06,0.55,0.08
ACC_001273,Retail_Overdraft,2026-09-16,Large_D-SIB,Western Cape,657517960.3478662,210106924.11359233,0.0,inf,0,36,0,False,False,False,1,BBB,0.9,0.06,0.55,0.08
ACC_001274,Retail_Overdraft,2026-09-16,Large_D-SIB,Western Cape,238660739.1313887,51634052.02018449,0.0,inf,0,1,0,False,False,False,5,BB,0.9,0.06,0.55,0.08
ACC_001275,Retail_Overdraft,2026-09-16,Large_D-SIB,Mpumalanga,283175779.0149147,307318450.10613245,0.0,inf,0,160,0,False,False,False,4,BB,0.9,0.06,0.55,0.08
ACC_001276,Retail_Overdraft,2026-09-16,Large_D-SIB,Mpumalanga,455062373.47381455,204109279.47513995,0.0,inf,0,155,0,False,False,False,5,B,0.9,0.06,0.55,0.08
ACC_001277,Retail_Overdraft,2026-09-16,Large_D-SIB,Western Cape,163324476.44574228,125465125.18482205,0.0,inf,0,223,5,False,False,False,4,B,0.9,0.06,0.55,0.08
ACC_001278,Retail_Overdraft,2026-09-16,Large_D-SIB,KZN,1083892245.2907953,508632514.9391194,0.0,inf,0,111,0,False,False,False,3,BB,0.9,0.06,0.55,0.08
ACC_001279,Retail_Overdraft,2026-09-16,Large_D-SIB,Limpopo,634867465.5737269,285143821.1277465,0.0,inf,0,12,0,False,False,False,5,BB,0.9,0.06,0.55,0.08
ACC_001280,Retail_Overdraft,2026-09-16,Large_D-SIB,KZN,116521603.75765964,71534273.14302807,0.0,inf,0,175,0,False,False,False,3,B,0.9,0.06,0.55,0.08
ACC_001281,Retail_Overdraft,2026-09-16,Large_D-SIB,Western Cape,182333066.48311338,115556777.49579158,0.0,inf,0,187,0,False,False,False,4,AAA,0.9,0.06,0.55,0.08
ACC_001282,Retail_Overdraft,2026-09-16,Large_D-SIB,Western Cape,672475140.6287441,367692693.5111808,0.0,inf,0,142,15,False,False,False,4,B,0.9,0.06,0.55,0.08
ACC_001283,Retail_Overdraft,2026-09-16,Large_D-SIB,Gauteng,622617726.6725844,489356676.63293713,0.0,inf,0,159,0,False,False,False,2,A,0.9,0.06,0.55,0.08
ACC_001284,Retail_Overdraft,2026-09-16,Large_D-SIB,Gauteng,1448801559.9098248,1258128815.5325263,0.0,inf,0,118,0,False,False,False,4,A,0.9,0.06,0.55,0.08
ACC_001285,Retail_Overdraft,2026-09-16,Large_D-SIB,KZN,200519612.4914763,172663326.99755245,0.0,inf,0,151,0,False,False,False,2,BBB,0.9,0.06,0.55,0.08
ACC_001286,Retail_Overdraft,2026-09-16,Large_D-SIB,Limpopo,22560404.58447021,5124237.284776101,0.0,inf,0,95,0,False,False,False,3,BB,0.9,0.06,0.55,0.08
ACC_001287,Retail_Overdraft,2026-09-16,Large_D-SIB,Limpopo,129960347.2812966,86504619.28454506,0.0,inf,0,138,0,False,False,False,3,AA,0.9,0.06,0.55,0.08
ACC_001288,Retail_Overdraft,2026-09-16,Large_D-SIB,Gauteng,519656834.2914861,439111346.04420227,0.0,inf,0,92,0,False,False,False,3,BB,0.9,0.06,0.55,0.08
ACC_001289,Retail_Overdraft,2026-09-16,Large_D-SIB,Western Cape,614624066.7831092,348227942.32409036,0.0,inf,0,92,0,False,False,False,2,BB,0.9,0.06,0.55,0.08
ACC_001290,Retail_Overdraft,2026-09-16,Large_D-SIB,Western Cape,305187869.355111,215949154.54555216,0.0,inf,0,193,0,False,False,False,3,AA,0.9,0.06,0.55,0.08
ACC_001291,Retail_Overdraft,2026-09-16,Large_D-SIB,Gauteng,196586124.74062765,231206295.88652918,0.0,inf,0,139,0,False,False,False,5,BB,0.9,0.06,0.55,0.08
ACC_001292,Retail_Overdraft,2026-09-16,Large_D-SIB,KZN,216648217.86315688,140187304.2304805,0.0,inf,0,212,0,False,False,False,5,AA,0.9,0.06,0.55,0.08
ACC_001293,Retail_Overdraft,2026-09-16,Large_D-SIB,Mpumalanga,481989994.7047026,419065516.80604994,0.0,inf,0,137,0,False,False,False,2,BB,0.9,0.06,0.55,0.08
ACC_001294,Retail_Overdraft,2026-09-16,Large_D-SIB,Gauteng,168176568.0755305,153622967.0049416,0.0,inf,0,177,0,False,False,False,3,CCC,0.9,0.06,0.55,0.08
ACC_001295,Retail_Overdraft,2026-09-16,Large_D-SIB,Western Cape,135260623.3490074,131326008.62952591,0.0,inf,0,147,0,False,False,False,4,A,0.9,0.06,0.55,0.08
ACC_001296,Retail_Overdraft,2026-09-16,Large_D-SIB,Gauteng,99212004.64118312,81813206.30652677,0.0,inf,0,80,30,False,False,False,3,B,0.9,0.06,0.55,0.08
ACC_001297,Retail_Overdraft,2026-09-16,Large_D-SIB,Western Cape,483274864.61335325,339120822.14309967,0.0,inf,0,202,0,False,False,False,1,BB,0.9,0.06,0.55,0.08
ACC_001298,Retail_Overdraft,2026-09-16,Large_D-SIB,Gauteng,474221196.9660774,559652020.9647894,0.0,inf,0,143,0,False,False,False,4,A,0.9,0.06,0.55,0.08
ACC_001299,Retail_Overdraft,2026-09-16,Large_D-SIB,Western Cape,139051455.20764965,101034314.66229035,0.0,inf,0,118,0,False,False,False,2,BBB,0.9,0.06,0.55,0.08
ACC_001300,Retail_Overdraft,2026-09-16,Large_D-SIB,Mpumalanga,352258052.91286385,271939061.06085587,0.0,inf,0,29,0,False,False,False,3,BBB,0.9,0.06,0.55,0.08
ACC_001301,Retail_Overdraft,2026-09-16,Large_D-SIB,Gauteng,107100687.18753739,36787395.187220626,0.0,inf,0,20,0,False,False,False,1,A,0.9,0.06,0.55,0.08
ACC_001302,Retail_Overdraft,2026-09-16,Large_D-SIB,Limpopo,421762406.8566461,175507818.0412923,0.0,inf,0,64,0,False,False,False,2,BB,0.9,0.06,0.55,0.08
ACC_001303,Retail_Overdraft,2026-09-16,Large_D-SIB,Gauteng,759072317.9810327,562842230.5310162,0.0,inf,0,65,0,False,False,False,2,BB,0.9,0.06,0.55,0.08
ACC_001304,Retail_Overdraft,2026-09-16,Large_D-SIB,Gauteng,125814133.54464611,136791955.71856982,0.0,inf,0,97,15,False,False,False,1,B,0.9,0.06,0.55,0.08
ACC_001305,Retail_Overdraft,2026-09-16,Large_D-SIB,Limpopo,172878482.9632333,65039211.3719686,0.0,inf,0,49,0,False,False,False,2,AAA,0.9,0.06,0.55,0.08
ACC_001306,Retail_Overdraft,2026-09-16,Large_D-SIB,KZN,239346104.3058369,216067227.24526006,0.0,inf,0,231,0,False,False,False,2,BBB,0.9,0.06,0.55,0.08
ACC_001307,Retail_Overdraft,2026-09-16,Large_D-SIB,Gauteng,267621968.806616,125905819.13970977,0.0,inf,0,220,0,False,False,False,2,A,0.9,0.06,0.55,0.08
ACC_001308,Retail_Overdraft,2026-09-16,Large_D-SIB,Western Cape,421772782.0739887,104161907.3167594,0.0,inf,0,223,0,False,False,False,2,BB,0.9,0.06,0.55,0.08
ACC_001309,Retail_Overdraft,2026-09-16,Large_D-SIB,Western Cape,658409621.7307633,756728662.3184611,0.0,inf,0,177,60,True,False,False,3,BBB,0.9,0.06,0.55,0.08
ACC_001310,Retail_Overdraft,2026-09-16,Large_D-SIB,Eastern Cape,80469840.94860734,34379304.23404396,0.0,inf,0,97,0,False,False,False,1,B,0.9,0.06,0.55,0.08
ACC_001311,Retail_Overdraft,2026-09-16,Large_D-SIB,Gauteng,109676941.41400933,112274797.0803525,0.0,inf,0,131,0,False,False,False,1,BB,0.9,0.06,0.55,0.08
ACC_001312,Retail_Overdraft,2026-09-16,Large_D-SIB,Western Cape,649334838.5648805,153626701.511068,0.0,inf,0,23,30,False,False,False,3,B,0.9,0.06,0.55,0.08
ACC_001313,Retail_Overdraft,2026-09-16,Large_D-SIB,KZN,194362895.4644932,157527370.14120707,0.0,inf,0,169,0,False,False,False,4,B,0.9,0.06,0.55,0.08
ACC_001314,Retail_Overdraft,2026-09-16,Large_D-SIB,Gauteng,1046033130.3733047,589279642.4326644,0.0,inf,0,188,0,False,False,False,3,BB,0.9,0.06,0.55,0.08
ACC_001315,Retail_Overdraft,2026-09-16,Large_D-SIB,Gauteng,207737850.28829446,166048776.283276,0.0,inf,0,114,60,True,False,False,1,CCC,0.9,0.06,0.55,0.08
ACC_001316,Retail_Overdraft,2026-09-16,Large_D-SIB,Gauteng,745220667.0686215,602224247.1327021,0.0,inf,0,146,0,False,False,False,1,BB,0.9,0.06,0.55,0.08
ACC_001317,Retail_Overdraft,2026-09-16,Large_D-SIB,Gauteng,369051881.49357015,374127011.9939158,0.0,inf,0,203,60,False,False,False,2,B,0.9,0.06,0.55,0.08
ACC_001318,Retail_Overdraft,2026-09-16,Large_D-SIB,KZN,335229391.2946248,179797697.28851685,0.0,inf,0,168,15,False,False,False,2,A,0.9,0.06,0.55,0.08
ACC_001319,Retail_Overdraft,2026-09-16,Large_D-SIB,Gauteng,949387326.2010487,941114991.8022914,0.0,inf,0,130,0,False,False,False,2,BB,0.9,0.06,0.55,0.08
ACC_001320,Retail_Overdraft,2026-09-16,Large_D-SIB,KZN,3558461386.250061,2883615081.0112543,0.0,inf,0,119,0,False,False,False,1,BB,0.9,0.06,0.55,0.08
ACC_001321,Retail_Overdraft,2026-09-16,Large_D-SIB,Gauteng,272097223.6757043,88356038.0800092,0.0,inf,0,22,90,False,False,False,1,BBB,0.9,0.06,0.55,0.08
ACC_001322,Retail_Overdraft,2026-09-16,Large_D-SIB,North West,354566198.10625225,420890682.68689555,0.0,inf,0,59,0,False,False,False,3,BBB,0.9,0.06,0.55,0.08
ACC_001323,Retail_Overdraft,2026-09-16,Large_D-SIB,Mpumalanga,225556461.56392303,225877028.80150568,0.0,inf,0,179,0,False,False,False,4,A,0.9,0.06,0.55,0.08
ACC_001324,Retail_Overdraft,2026-09-16,Large_D-SIB,Gauteng,501162961.5592458,238634276.8048306,0.0,inf,0,171,0,False,False,False,4,B,0.9,0.06,0.55,0.08
ACC_001325,Retail_Overdraft,2026-09-16,Large_D-SIB,KZN,55557350.56991159,66110697.93309618,0.0,inf,0,214,0,False,False,False,1,A,0.9,0.06,0.55,0.08
ACC_001326,Retail_Overdraft,2026-09-16,Large_D-SIB,Gauteng,326472212.0402702,185615474.98177144,0.0,inf,0,204,0,False,False,False,3,A,0.9,0.06,0.55,0.08
ACC_001327,Retail_Overdraft,2026-09-16,Large_D-SIB,Gauteng,221324909.20837197,211983715.79094702,0.0,inf,0,15,0,False,False,False,4,BB,0.9,0.06,0.55,0.08
ACC_001328,Retail_Overdraft,2026-09-16,Large_D-SIB,Western Cape,408803003.66453344,201226768.79861924,0.0,inf,0,41,0,False,False,False,4,BB,0.9,0.06,0.55,0.08
ACC_001329,Retail_Overdraft,2026-09-16,Large_D-SIB,Western Cape,403548122.00018424,159375308.395392,0.0,inf,0,45,0,False,False,False,1,BBB,0.9,0.06,0.55,0.08
ACC_001330,Retail_Overdraft,2026-09-16,Large_D-SIB,KZN,585318165.4370654,607628885.7584136,0.0,inf,0,129,0,False,False,False,2,B,0.9,0.06,0.55,0.08
ACC_001331,Retail_Overdraft,2026-09-16,Large_D-SIB,North West,2843964069.499595,3245712264.875586,0.0,inf,0,139,0,False,False,False,1,BBB,0.9,0.06,0.55,0.08
ACC_001332,Retail_Overdraft,2026-09-16,Large_D-SIB,Limpopo,193081540.11023277,76433389.5856608,0.0,inf,0,199,30,False,False,False,2,BBB,0.9,0.06,0.55,0.08
ACC_001333,Retail_Overdraft,2026-09-16,Large_D-SIB,North West,391343599.0047716,171134544.69410115,0.0,inf,0,234,0,False,False,False,3,BBB,0.9,0.06,0.55,0.08
ACC_001334,Retail_Overdraft,2026-09-16,Large_D-SIB,KZN,210647304.35930148,234721743.99267015,0.0,inf,0,186,0,False,False,False,1,BBB,0.9,0.06,0.55,0.08
ACC_001335,Retail_Overdraft,2026-09-16,Large_D-SIB,Gauteng,103881875.79422748,72224413.20967276,0.0,inf,0,218,0,False,False,False,5,BBB,0.9,0.06,0.55,0.08
ACC_001336,Retail_Overdraft,2026-09-16,Large_D-SIB,Gauteng,275517188.1234078,146215845.9801314,0.0,inf,0,230,30,False,False,False,3,B,0.9,0.06,0.55,0.08
ACC_001337,Retail_Overdraft,2026-09-16,Large_D-SIB,KZN,196063621.1517172,134281876.58815643,0.0,inf,0,132,0,False,False,False,2,BB,0.9,0.06,0.55,0.08
ACC_001338,Retail_Overdraft,2026-09-16,Large_D-SIB,Gauteng,863735484.5868229,380979526.0396172,0.0,inf,0,25,0,False,False,False,3,BBB,0.9,0.06,0.55,0.08
ACC_001339,Retail_Overdraft,2026-09-16,Large_D-SIB,KZN,481140117.55794066,456126978.00520885,0.0,inf,0,192,0,False,False,False,3,BBB,0.9,0.06,0.55,0.08
ACC_001340,Retail_Overdraft,2026-09-16,Large_D-SIB,Free State,394860884.0241458,453106883.2413695,0.0,inf,0,49,0,False,False,False,3,BB,0.9,0.06,0.55,0.08
ACC_001341,Retail_Overdraft,2026-09-16,Large_D-SIB,Northern Cape,344113668.22095406,93563535.29296614,0.0,inf,0,135,0,False,False,False,4,BBB,0.9,0.06,0.55,0.08
ACC_001342,Retail_Overdraft,2026-09-16,Large_D-SIB,Limpopo,106799419.69380964,47872825.76627548,0.0,inf,0,74,90,False,False,False,5,A,0.9,0.06,0.55,0.08
ACC_001343,Retail_Overdraft,2026-09-16,Large_D-SIB,Western Cape,114568345.40549612,131025026.16268641,0.0,inf,0,38,0,False,False,False,1,BB,0.9,0.06,0.55,0.08
ACC_001344,Retail_Overdraft,2026-09-16,Large_D-SIB,Western Cape,128580109.54875149,66100558.97602324,0.0,inf,0,100,0,False,False,False,4,BBB,0.9,0.06,0.55,0.08
ACC_001345,Retail_Overdraft,2026-09-16,Large_D-SIB,Western Cape,481837810.1200339,333010074.7271384,0.0,inf,0,83,0,False,False,False,3,AA,0.9,0.06,0.55,0.08
ACC_001346,Retail_Overdraft,2026-09-16,Large_D-SIB,KZN,555350120.678197,620403333.5967239,0.0,inf,0,170,0,False,False,False,4,A,0.9,0.06,0.55,0.08
ACC_001347,Retail_Overdraft,2026-09-16,Large_D-SIB,Gauteng,189161849.21141377,43902808.17385507,0.0,inf,0,86,0,False,False,False,3,BB,0.9,0.06,0.55,0.08
ACC_001348,Retail_Overdraft,2026-09-16,Large_D-SIB,Mpumalanga,802340358.8961424,484895018.6151951,0.0,inf,0,113,0,False,False,False,2,BBB,0.9,0.06,0.55,0.08
ACC_001349,Retail_Overdraft,2026-09-16,Large_D-SIB,Limpopo,47563147.96235083,33826244.41987417,0.0,inf,0,12,0,False,False,False,1,BBB,0.9,0.06,0.55,0.08
ACC_001350,Retail_Overdraft,2026-09-16,Large_D-SIB,Limpopo,1102991920.3280034,784029928.6011608,0.0,inf,0,21,0,False,False,False,5,AA,0.9,0.06,0.55,0.08
ACC_001351,Retail_Overdraft,2026-09-16,Large_D-SIB,Eastern Cape,643557801.5284443,367188866.4871688,0.0,inf,0,36,0,False,False,False,3,BB,0.9,0.06,0.55,0.08
ACC_001352,Retail_Overdraft,2026-09-16,Large_D-SIB,Gauteng,370428964.8482911,349721917.35437924,0.0,inf,0,167,30,False,False,False,3,AA,0.9,0.06,0.55,0.08
ACC_001353,Retail_Overdraft,2026-09-16,Large_D-SIB,Gauteng,1018998283.4889988,562488988.763107,0.0,inf,0,34,0,False,False,False,2,CCC,0.9,0.06,0.55,0.08
ACC_001354,Retail_Overdraft,2026-09-16,Large_D-SIB,Gauteng,1105298938.4574335,265037887.7316629,0.0,inf,0,170,5,False,False,False,1,BBB,0.9,0.06,0.55,0.08
ACC_001355,Retail_Overdraft,2026-09-16,Large_D-SIB,KZN,382803792.6479581,280225374.0058566,0.0,inf,0,113,0,False,False,False,3,BB,0.9,0.06,0.55,0.08
ACC_001356,Retail_Overdraft,2026-09-16,Large_D-SIB,Gauteng,806563217.9660621,648219276.2198486,0.0,inf,0,30,5,False,False,False,5,A,0.9,0.06,0.55,0.08
ACC_001357,Retail_Overdraft,2026-09-16,Large_D-SIB,KZN,174841069.191101,189084463.68750268,0.0,inf,0,212,0,False,False,False,5,B,0.9,0.06,0.55,0.08
ACC_001358,Retail_Overdraft,2026-09-16,Large_D-SIB,KZN,180956947.91636962,164209223.95396465,0.0,inf,0,41,60,False,False,False,3,BBB,0.9,0.06,0.55,0.08
ACC_001359,Retail_Overdraft,2026-09-16,Large_D-SIB,Eastern Cape,410811257.4937118,212462789.07315603,0.0,inf,0,187,0,False,False,False,3,AA,0.9,0.06,0.55,0.08
ACC_001360,Retail_Overdraft,2026-09-16,Large_D-SIB,KZN,373521299.7350103,144290201.55132723,0.0,inf,0,112,0,False,False,False,4,BB,0.9,0.06,0.55,0.08
ACC_001361,Retail_Overdraft,2026-09-16,Large_D-SIB,Western Cape,216648201.0487792,135727633.2217009,0.0,inf,0,138,0,False,False,False,4,AA,0.9,0.06,0.55,0.08
ACC_001362,Retail_Overdraft,2026-09-16,Large_D-SIB,Limpopo,470168940.6921238,430300372.79850733,0.0,inf,0,165,0,False,False,False,4,BB,0.9,0.06,0.55,0.08
ACC_001363,Retail_Overdraft,2026-09-16,Large_D-SIB,Eastern Cape,268809834.00103205,292362632.0916762,0.0,inf,0,117,5,False,False,False,2,B,0.9,0.06,0.55,0.08
ACC_001364,Retail_Overdraft,2026-09-16,Large_D-SIB,Limpopo,446276984.93665445,219831612.81913236,0.0,inf,0,198,15,False,False,False,4,BBB,0.9,0.06,0.55,0.08
ACC_001365,Retail_Overdraft,2026-09-16,Large_D-SIB,Eastern Cape,564391792.1677294,387067167.7866562,0.0,inf,0,51,0,False,False,False,4,BBB,0.9,0.06,0.55,0.08
ACC_001366,Retail_Overdraft,2026-09-16,Large_D-SIB,KZN,150008295.24303856,30952377.625426713,0.0,inf,0,144,0,False,False,False,4,B,0.9,0.06,0.55,0.08
ACC_001367,Retail_Overdraft,2026-09-16,Large_D-SIB,Free State,450242790.73896456,138508641.2094469,0.0,inf,0,227,0,False,False,False,3,A,0.9,0.06,0.55,0.08
ACC_001368,Retail_Overdraft,2026-09-16,Large_D-SIB,Mpumalanga,302962136.47625333,357892819.4690725,0.0,inf,0,111,30,False,False,False,1,BBB,0.9,0.06,0.55,0.08
ACC_001369,Retail_Overdraft,2026-09-16,Large_D-SIB,KZN,1539468743.278012,420554146.81943077,0.0,inf,0,118,90,False,True,False,3,AA,0.9,0.06,0.55,0.08
ACC_001370,Retail_Overdraft,2026-09-16,Large_D-SIB,Western Cape,584819715.7303458,417620347.84320724,0.0,inf,0,111,0,False,False,False,4,B,0.9,0.06,0.55,0.08
ACC_001371,Retail_Overdraft,2026-09-16,Large_D-SIB,Mpumalanga,206946739.75921428,128259339.12311168,0.0,inf,0,16,0,False,False,False,1,BBB,0.9,0.06,0.55,0.08
ACC_001372,Retail_Overdraft,2026-09-16,Large_D-SIB,Gauteng,265367845.02953494,158466169.01403123,0.0,inf,0,23,0,False,False,False,3,A,0.9,0.06,0.55,0.08
ACC_001373,Retail_Overdraft,2026-09-16,Large_D-SIB,Free State,357785949.6975465,291806401.6135979,0.0,inf,0,199,0,False,False,False,1,A,0.9,0.06,0.55,0.08
ACC_001374,Retail_Overdraft,2026-09-16,Large_D-SIB,Western Cape,286415211.3526472,78630501.6307736,0.0,inf,0,47,0,False,False,False,2,BB,0.9,0.06,0.55,0.08
ACC_001375,Retail_Overdraft,2026-09-16,Large_D-SIB,Gauteng,138725035.62559673,53181663.28204467,0.0,inf,0,91,0,False,False,False,2,CCC,0.9,0.06,0.55,0.08
ACC_001376,Retail_Overdraft,2026-09-16,Large_D-SIB,Mpumalanga,159172311.2859617,119062898.72121882,0.0,inf,0,186,0,False,False,False,2,BBB,0.9,0.06,0.55,0.08
ACC_001377,Retail_Overdraft,2026-09-16,Large_D-SIB,Gauteng,290606131.078452,67601978.79341125,0.0,inf,0,236,0,False,False,False,2,BBB,0.9,0.06,0.55,0.08
ACC_001378,Retail_Overdraft,2026-09-16,Large_D-SIB,Gauteng,1057408842.150992,1068132516.2353957,0.0,inf,0,26,0,False,False,False,2,A,0.9,0.06,0.55,0.08
ACC_001379,Retail_Overdraft,2026-09-16,Large_D-SIB,Western Cape,782005435.8865594,678939683.9329714,0.0,inf,0,210,0,False,False,False,1,BBB,0.9,0.06,0.55,0.08
ACC_001380,Retail_Overdraft,2026-09-16,Large_D-SIB,Gauteng,121259341.70204933,145443168.7084841,0.0,inf,0,92,5,False,False,False,4,CCC,0.9,0.06,0.55,0.08
ACC_001381,Retail_Overdraft,2026-09-16,Large_D-SIB,Gauteng,111430680.66675295,100668796.63124381,0.0,inf,0,152,0,False,False,False,2,A,0.9,0.06,0.55,0.08
ACC_001382,Retail_Overdraft,2026-09-16,Large_D-SIB,Western Cape,135009847.76403856,131270361.855157,0.0,inf,0,185,30,False,False,False,1,B,0.9,0.06,0.55,0.08
ACC_001383,Retail_Overdraft,2026-09-16,Large_D-SIB,Eastern Cape,321447158.1408147,159754563.92513627,0.0,inf,0,145,90,False,True,False,3,BB,0.9,0.06,0.55,0.08
ACC_001384,Retail_Overdraft,2026-09-16,Large_D-SIB,Gauteng,179517574.28033233,159746637.69750777,0.0,inf,0,2,0,False,False,False,3,CCC,0.9,0.06,0.55,0.08
ACC_001385,Retail_Overdraft,2026-09-16,Large_D-SIB,Western Cape,194632386.0488341,153798769.4007716,0.0,inf,0,142,0,False,False,False,5,BB,0.9,0.06,0.55,0.08
ACC_001386,Retail_Overdraft,2026-09-16,Large_D-SIB,KZN,113120913.49604224,62426366.25710586,0.0,inf,0,98,0,False,False,False,3,BBB,0.9,0.06,0.55,0.08
ACC_001387,Retail_Overdraft,2026-09-16,Large_D-SIB,KZN,530863954.45976424,241425584.47892287,0.0,inf,0,86,0,False,False,False,4,BBB,0.9,0.06,0.55,0.08
ACC_001388,Retail_Overdraft,2026-09-16,Large_D-SIB,Eastern Cape,229148899.44507778,205202504.8496176,0.0,inf,0,66,0,False,False,False,4,BBB,0.9,0.06,0.55,0.08
ACC_001389,Retail_Overdraft,2026-09-16,Large_D-SIB,Gauteng,728839529.516839,646977684.8982315,0.0,inf,0,186,0,False,False,False,5,BBB,0.9,0.06,0.55,0.08
ACC_001390,Retail_Overdraft,2026-09-16,Large_D-SIB,North West,401185631.3821139,206895988.3351551,0.0,inf,0,37,0,False,False,False,3,BBB,0.9,0.06,0.55,0.08
ACC_001391,Retail_Overdraft,2026-09-16,Large_D-SIB,North West,622743056.7565273,139234207.06659392,0.0,inf,0,142,0,False,False,False,2,BBB,0.9,0.06,0.55,0.08
ACC_001392,Retail_Overdraft,2026-09-16,Large_D-SIB,Western Cape,427628474.70103353,243341186.9118301,0.0,inf,0,109,0,False,False,False,3,B,0.9,0.06,0.55,0.08
ACC_001393,Retail_Overdraft,2026-09-16,Large_D-SIB,Gauteng,215572560.060879,136816489.37020212,0.0,inf,0,90,0,False,False,False,3,B,0.9,0.06,0.55,0.08
ACC_001394,Retail_Overdraft,2026-09-16,Large_D-SIB,Limpopo,766981209.1916184,674114598.0918572,0.0,inf,0,102,0,False,False,False,3,AAA,0.9,0.06,0.55,0.08
ACC_001395,Retail_Overdraft,2026-09-16,Large_D-SIB,Free State,463878162.99505514,256755745.1064599,0.0,inf,0,62,0,False,False,False,2,AA,0.9,0.06,0.55,0.08
ACC_001396,Retail_Overdraft,2026-09-16,Large_D-SIB,KZN,485099282.3856054,472740665.0969009,0.0,inf,0,10,0,False,False,False,3,B,0.9,0.06,0.55,0.08
ACC_001397,Retail_Overdraft,2026-09-16,Large_D-SIB,Mpumalanga,1044039031.8804728,1121839104.7235222,0.0,inf,0,96,0,False,False,False,5,BB,0.9,0.06,0.55,0.08
ACC_001398,Retail_Overdraft,2026-09-16,Large_D-SIB,Gauteng,160797574.61675367,102720005.39814554,0.0,inf,0,217,0,False,False,False,2,CCC,0.9,0.06,0.55,0.08
ACC_001399,Retail_Overdraft,2026-09-16,Large_D-SIB,Gauteng,237776351.04502738,117454102.32223494,0.0,inf,0,66,0,False,False,False,5,BB,0.9,0.06,0.55,0.08
ACC_001400,Retail_Overdraft,2026-09-16,Large_D-SIB,Gauteng,311571344.816106,143228608.1703624,0.0,inf,0,2,0,False,False,False,3,AA,0.9,0.06,0.55,0.08
ACC_001401,SME_Corporate,2026-09-16,Large_D-SIB,Gauteng,307547074.2595616,61032956.58803826,169602302.96850935,1.8133425600751716,2,139,0,False,False,False,4,A,0.7,0.045,0.45,0.18
ACC_001402,SME_Corporate,2026-09-16,Large_D-SIB,Eastern Cape,173995752.63556075,72131879.3806026,185978328.00504893,0.9355700446497031,5,79,60,False,False,False,3,BBB,0.7,0.045,0.45,0.18
ACC_001403,SME_Corporate,2026-09-16,Large_D-SIB,Gauteng,153358286.20629165,27727210.748783614,83885099.49945405,1.8281946033489505,9,68,0,False,False,False,4,BBB,0.7,0.045,0.45,0.18
ACC_001404,SME_Corporate,2026-09-16,Large_D-SIB,KZN,279104339.1611399,134995420.52791345,197273742.49031234,1.4148073415033735,1,226,0,False,False,False,3,BBB,0.7,0.045,0.45,0.18
ACC_001405,SME_Corporate,2026-09-16,Large_D-SIB,Western Cape,446477523.3538316,198118150.01220614,475257164.3123492,0.9394440670870077,8,195,0,False,False,False,5,BBB,0.7,0.045,0.45,0.18
ACC_001406,SME_Corporate,2026-09-16,Large_D-SIB,Gauteng,220879670.49349642,103561281.12272392,113936358.79845883,1.9386232175824472,7,223,0,False,False,False,2,B,0.7,0.045,0.45,0.18
ACC_001407,SME_Corporate,2026-09-16,Large_D-SIB,Gauteng,97143724.25367597,23655856.48534339,93581465.52660704,1.0380658574539647,9,27,0,False,False,False,2,BB,0.7,0.045,0.45,0.18
ACC_001408,SME_Corporate,2026-09-16,Large_D-SIB,Western Cape,47285766.29725706,23560705.720222887,47260508.05846147,1.0005344470432764,5,124,5,False,False,False,4,AA,0.7,0.045,0.45,0.18
ACC_001409,SME_Corporate,2026-09-16,Large_D-SIB,Eastern Cape,183771792.13343835,55085706.877206296,132623173.16213506,1.3856687918993829,6,183,0,False,False,False,3,A,0.7,0.045,0.45,0.18
ACC_001410,SME_Corporate,2026-09-16,Large_D-SIB,Western Cape,389700948.5617768,63142694.709356315,360704456.7279283,1.0803885044750638,6,46,5,False,False,False,2,BBB,0.7,0.045,0.45,0.18
ACC_001411,SME_Corporate,2026-09-16,Large_D-SIB,Limpopo,147395183.65116072,45704002.704379514,114710814.83217622,1.2849283990075588,5,74,30,False,False,False,3,BBB,0.7,0.045,0.45,0.18
ACC_001412,SME_Corporate,2026-09-16,Large_D-SIB,Gauteng,87620063.35400237,34035361.4369837,82424502.28968067,1.063034181826927,6,72,0,False,False,False,1,B,0.7,0.045,0.45,0.18
ACC_001413,SME_Corporate,2026-09-16,Large_D-SIB,Eastern Cape,417641458.2094216,132093189.4755261,222133692.60593143,1.88013557650763,3,82,0,False,False,False,3,BBB,0.7,0.045,0.45,0.18
ACC_001414,SME_Corporate,2026-09-16,Large_D-SIB,Gauteng,506926363.2353212,213156221.4192352,379853366.4199293,1.3345317115734396,10,105,0,False,False,False,3,BBB,0.7,0.045,0.45,0.18
ACC_001415,SME_Corporate,2026-09-16,Large_D-SIB,Gauteng,313255431.3924333,114962091.01645514,365982914.30621445,0.8559291134840666,9,233,0,False,False,False,2,BB,0.7,0.045,0.45,0.18
ACC_001416,SME_Corporate,2026-09-16,Large_D-SIB,Free State,331830450.41379154,150187834.66852337,182834265.92208356,1.8149248377500748,9,162,0,False,False,False,5,BB,0.7,0.045,0.45,0.18
ACC_001417,SME_Corporate,2026-09-16,Large_D-SIB,Gauteng,1921014591.1150577,626185243.5057129,965819829.7300799,1.9889989126149217,8,199,0,False,False,False,3,CCC,0.7,0.045,0.45,0.18
ACC_001418,SME_Corporate,2026-09-16,Large_D-SIB,Northern Cape,158979319.07987013,51084987.34390118,134031292.63203964,1.1861358340870525,4,19,0,False,False,False,2,AA,0.7,0.045,0.45,0.18
ACC_001419,SME_Corporate,2026-09-16,Large_D-SIB,KZN,249885232.14323947,67224361.36570153,201429008.38464022,1.2405622911376764,8,44,0,False,False,False,3,B,0.7,0.045,0.45,0.18
ACC_001420,SME_Corporate,2026-09-16,Large_D-SIB,Gauteng,639433853.5245941,274491310.1969736,529328799.945692,1.2080088096287196,2,239,0,False,False,False,4,BB,0.7,0.045,0.45,0.18
ACC_001421,SME_Corporate,2026-09-16,Large_D-SIB,Gauteng,154864205.2968677,65206218.534429386,119018894.81288022,1.301173276229316,8,165,0,False,False,False,1,BBB,0.7,0.045,0.45,0.18
ACC_001422,SME_Corporate,2026-09-16,Large_D-SIB,North West,274092268.30720603,129469680.97864297,130369923.99744691,2.1024194837497467,7,220,0,False,False,False,4,B,0.7,0.045,0.45,0.18
ACC_001423,SME_Corporate,2026-09-16,Large_D-SIB,Gauteng,595843623.4789436,130184537.26961865,532229265.4086785,1.1195243520128833,8,224,0,False,False,False,5,AA,0.7,0.045,0.45,0.18
ACC_001424,SME_Corporate,2026-09-16,Large_D-SIB,KZN,73794492.02817276,21551021.05213375,76426242.32883361,0.9655648345323926,10,218,0,False,False,False,3,BB,0.7,0.045,0.45,0.18
ACC_001425,SME_Corporate,2026-09-16,Large_D-SIB,Gauteng,819728437.2049003,345982242.9328594,944264364.2828523,0.86811328290194,1,142,0,False,False,False,3,A,0.7,0.045,0.45,0.18
ACC_001426,SME_Corporate,2026-09-16,Large_D-SIB,Mpumalanga,173903202.3549531,79789342.56086767,183834838.84677488,0.9459752212685881,9,89,90,False,True,False,2,CCC,0.7,0.045,0.45,0.18
ACC_001427,SME_Corporate,2026-09-16,Large_D-SIB,Gauteng,182629858.02897367,34370307.93249013,91448622.28250867,1.9970761009912468,1,40,0,False,False,False,4,BBB,0.7,0.045,0.45,0.18
ACC_001428,SME_Corporate,2026-09-16,Large_D-SIB,Gauteng,249679395.94681722,107132000.1143022,163639082.6858087,1.525793177576094,6,185,0,False,False,False,5,BBB,0.7,0.045,0.45,0.18
ACC_001429,SME_Corporate,2026-09-16,Large_D-SIB,Gauteng,96743707.55699232,33214790.423573457,86272717.77296863,1.121370811704097,8,49,0,False,False,False,5,BBB,0.7,0.045,0.45,0.18
ACC_001430,SME_Corporate,2026-09-16,Large_D-SIB,Free State,431360894.6474316,129970346.810609,440228298.3736841,0.9798572609734291,2,52,0,False,False,False,2,B,0.7,0.045,0.45,0.18
ACC_001431,SME_Corporate,2026-09-16,Large_D-SIB,Gauteng,141274089.6699146,47850739.65245247,111679179.0736051,1.2649993565658662,2,223,0,False,False,False,2,BB,0.7,0.045,0.45,0.18
ACC_001432,SME_Corporate,2026-09-16,Large_D-SIB,KZN,210990875.03314117,89060583.27014439,158026074.28549615,1.3351649465894895,8,116,0,False,False,False,4,BBB,0.7,0.045,0.45,0.18
ACC_001433,SME_Corporate,2026-09-16,Large_D-SIB,Gauteng,283865074.783227,65814983.83390325,178558786.48898056,1.589756966682484,3,163,0,False,False,False,2,CCC,0.7,0.045,0.45,0.18
ACC_001434,SME_Corporate,2026-09-16,Large_D-SIB,Gauteng,184002223.34597036,43507543.255187824,89305543.87090139,2.0603673117086765,7,223,0,False,False,False,4,A,0.7,0.045,0.45,0.18
ACC_001435,SME_Corporate,2026-09-16,Large_D-SIB,Gauteng,964566984.9275243,122476042.84990142,409452226.58392817,2.3557497610281297,6,167,0,False,False,False,3,A,0.7,0.045,0.45,0.18
ACC_001436,SME_Corporate,2026-09-16,Large_D-SIB,Eastern Cape,102088990.99996528,17843201.845728513,117610068.3726756,0.8680293482737543,6,113,0,False,False,False,2,B,0.7,0.045,0.45,0.18
ACC_001437,SME_Corporate,2026-09-16,Large_D-SIB,Western Cape,63158094.227434486,25405472.189610656,41801245.18982344,1.510914183073436,5,89,0,False,False,False,3,A,0.7,0.045,0.45,0.18
ACC_001438,SME_Corporate,2026-09-16,Large_D-SIB,Eastern Cape,473798417.18510884,125753183.31073956,440187882.5728017,1.076354974643693,1,131,0,False,False,False,5,A,0.7,0.045,0.45,0.18
ACC_001439,SME_Corporate,2026-09-16,Large_D-SIB,Gauteng,582179134.8071944,101392441.87488739,619710242.7402735,0.9394376511075213,9,99,0,False,False,False,3,B,0.7,0.045,0.45,0.18
ACC_001440,SME_Corporate,2026-09-16,Large_D-SIB,KZN,398736147.6023457,189579895.00609004,253249729.58270395,1.5744780784539008,5,21,0,False,False,False,4,CCC,0.7,0.045,0.45,0.18
ACC_001441,SME_Corporate,2026-09-16,Large_D-SIB,Free State,964928152.1979301,400519034.3899835,657032588.8718952,1.468615360243671,3,108,0,False,False,False,4,B,0.7,0.045,0.45,0.18
ACC_001442,SME_Corporate,2026-09-16,Large_D-SIB,Free State,150645705.09648183,39500549.610513754,98434573.05109471,1.530414573122451,10,85,0,False,False,False,4,CCC,0.7,0.045,0.45,0.18
ACC_001443,SME_Corporate,2026-09-16,Large_D-SIB,KZN,104435794.1574517,46968246.06086101,61047214.39348592,1.7107380769956244,4,222,0,False,False,False,4,BB,0.7,0.045,0.45,0.18
ACC_001444,SME_Corporate,2026-09-16,Large_D-SIB,KZN,361866085.9434173,111721875.01203886,356570029.209999,1.0148527815003185,5,190,0,False,False,False,3,CCC,0.7,0.045,0.45,0.18
ACC_001445,SME_Corporate,2026-09-16,Large_D-SIB,Mpumalanga,187154566.77260122,56953852.845913224,197135551.42561233,0.949369940729451,7,56,0,False,False,False,4,B,0.7,0.045,0.45,0.18
ACC_001446,SME_Corporate,2026-09-16,Large_D-SIB,KZN,58967138.54495333,12581652.242340732,62779205.97517373,0.9392781834206713,7,213,0,False,False,False,3,B,0.7,0.045,0.45,0.18
ACC_001447,SME_Corporate,2026-09-16,Large_D-SIB,Gauteng,442451554.5733261,191160945.58091828,416212929.5439087,1.063041350152601,6,25,0,False,False,False,5,BB,0.7,0.045,0.45,0.18
ACC_001448,SME_Corporate,2026-09-16,Large_D-SIB,North West,220287807.74988845,28350748.202875696,186816163.6641057,1.1791688868312515,10,166,0,False,False,False,3,AAA,0.7,0.045,0.45,0.18
ACC_001449,SME_Corporate,2026-09-16,Large_D-SIB,Free State,439827505.24493253,183082566.0327702,489957500.44231856,0.8976850131855718,6,88,0,False,False,False,5,BBB,0.7,0.045,0.45,0.18
ACC_001450,SME_Corporate,2026-09-16,Large_D-SIB,Gauteng,960252797.0107772,350677010.40217745,820970792.7985982,1.16965524892473,2,113,0,False,False,False,3,BBB,0.7,0.045,0.45,0.18
ACC_001451,SME_Corporate,2026-09-16,Large_D-SIB,North West,209811390.7930259,23577544.72317097,136820117.63948083,1.5334834848328087,6,217,0,False,False,False,5,BBB,0.7,0.045,0.45,0.18
ACC_001452,SME_Corporate,2026-09-16,Large_D-SIB,Gauteng,225969449.31682327,112829455.95546576,130583581.2377528,1.7304583560578106,7,206,0,False,False,False,5,A,0.7,0.045,0.45,0.18
ACC_001453,SME_Corporate,2026-09-16,Large_D-SIB,Free State,1306956477.852583,265667131.00041217,679397169.5559149,1.9237002101537597,2,80,0,False,False,False,3,CCC,0.7,0.045,0.45,0.18
ACC_001454,SME_Corporate,2026-09-16,Large_D-SIB,Free State,128417954.6720899,63483795.47934838,71004226.93171065,1.8085959135305811,1,200,0,False,False,False,3,BBB,0.7,0.045,0.45,0.18
ACC_001455,SME_Corporate,2026-09-16,Large_D-SIB,KZN,699608423.0973221,275819100.9067963,351815342.8466162,1.988567120002882,4,181,0,False,False,False,3,AA,0.7,0.045,0.45,0.18
ACC_001456,SME_Corporate,2026-09-16,Large_D-SIB,KZN,1271328146.3761106,454970558.4957497,634590063.9226383,2.0033848915275416,2,191,0,False,False,False,5,BB,0.7,0.045,0.45,0.18
ACC_001457,SME_Corporate,2026-09-16,Large_D-SIB,Gauteng,109567633.95742163,13095066.30049934,118333213.2053709,0.925924607212885,9,87,0,False,False,False,1,A,0.7,0.045,0.45,0.18
ACC_001458,SME_Corporate,2026-09-16,Large_D-SIB,Gauteng,370501468.62833524,79096181.7286547,414581589.7366009,0.8936756426249622,6,174,0,False,False,False,4,BBB,0.7,0.045,0.45,0.18
ACC_001459,SME_Corporate,2026-09-16,Large_D-SIB,KZN,694142238.6488092,103149809.36907198,307757493.72946095,2.255484440807819,4,170,0,False,False,False,2,BB,0.7,0.045,0.45,0.18
ACC_001460,SME_Corporate,2026-09-16,Large_D-SIB,KZN,529603233.4384564,220106065.89940402,232913983.15810642,2.2738146772362384,4,129,60,True,False,False,2,B,0.7,0.045,0.45,0.18
ACC_001461,SME_Corporate,2026-09-16,Large_D-SIB,Western Cape,313731160.5686025,127117394.36785033,282638529.6972567,1.1100084652458748,1,102,0,False,False,False,3,B,0.7,0.045,0.45,0.18
ACC_001462,SME_Corporate,2026-09-16,Large_D-SIB,Gauteng,180478452.47721308,66787821.046978354,88761364.84436813,2.0332996545699733,10,13,0,False,False,False,1,A,0.7,0.045,0.45,0.18
ACC_001463,SME_Corporate,2026-09-16,Large_D-SIB,Gauteng,238291235.06824628,71744618.25460313,144896416.83664128,1.6445626487568696,7,161,0,False,False,False,3,BBB,0.7,0.045,0.45,0.18
ACC_001464,SME_Corporate,2026-09-16,Large_D-SIB,Gauteng,166496789.89223364,35774962.66471612,198748650.64819062,0.8377253850490451,9,23,0,False,False,False,5,BBB,0.7,0.045,0.45,0.18
ACC_001465,SME_Corporate,2026-09-16,Large_D-SIB,Gauteng,339860306.8754684,65694894.58488722,318783366.5007318,1.0661168134526497,3,26,0,False,False,False,3,AA,0.7,0.045,0.45,0.18
ACC_001466,SME_Corporate,2026-09-16,Large_D-SIB,Free State,109818155.85215208,53517048.88192571,75351181.6206135,1.4574178332740253,7,84,0,False,False,False,2,AAA,0.7,0.045,0.45,0.18
ACC_001467,SME_Corporate,2026-09-16,Large_D-SIB,Gauteng,531838193.718824,93939848.76216573,396144925.48254603,1.3425344097769,5,90,0,False,False,False,2,B,0.7,0.045,0.45,0.18
ACC_001468,SME_Corporate,2026-09-16,Large_D-SIB,Gauteng,226240592.50432873,52781462.16537483,218076275.63196856,1.0374378957486348,1,138,0,False,False,False,3,B,0.7,0.045,0.45,0.18
ACC_001469,SME_Corporate,2026-09-16,Large_D-SIB,KZN,239845620.8730647,57232027.27020702,238091455.48901293,1.007367611661867,10,52,0,False,False,False,3,CCC,0.7,0.045,0.45,0.18
ACC_001470,SME_Corporate,2026-09-16,Large_D-SIB,Gauteng,125939590.0100969,54747261.780301705,120400494.34104379,1.0460055890913802,10,204,0,False,False,False,5,B,0.7,0.045,0.45,0.18
ACC_001471,SME_Corporate,2026-09-16,Large_D-SIB,KZN,520603620.5459669,98752761.43922701,467170806.99853504,1.114375326426592,7,98,0,False,False,False,4,BBB,0.7,0.045,0.45,0.18
ACC_001472,SME_Corporate,2026-09-16,Large_D-SIB,North West,171746728.89110374,51645860.48184353,128398649.53612489,1.3376054149446712,4,203,0,False,False,False,4,BBB,0.7,0.045,0.45,0.18
ACC_001473,SME_Corporate,2026-09-16,Large_D-SIB,KZN,857719069.2455922,212440221.0896889,812419140.0731683,1.0557593081427699,5,18,0,False,False,False,3,AA,0.7,0.045,0.45,0.18
ACC_001474,SME_Corporate,2026-09-16,Large_D-SIB,Northern Cape,194277508.77135444,68269002.49857277,106403091.89305295,1.8258633777919266,10,115,90,True,False,False,4,B,0.7,0.045,0.45,0.18
ACC_001475,SME_Corporate,2026-09-16,Large_D-SIB,Western Cape,243785272.98033637,92217230.54939921,204219465.4395303,1.1937416076163492,5,236,15,False,False,False,4,CCC,0.7,0.045,0.45,0.18
ACC_001476,SME_Corporate,2026-09-16,Large_D-SIB,Gauteng,413201399.89793205,107372798.33842371,219302784.12575242,1.8841593897001985,9,194,0,False,False,False,3,BBB,0.7,0.045,0.45,0.18
ACC_001477,SME_Corporate,2026-09-16,Large_D-SIB,KZN,242874936.3173154,55643551.265032716,129064497.72503704,1.8818105722205931,6,196,0,False,False,False,3,BB,0.7,0.045,0.45,0.18
ACC_001478,SME_Corporate,2026-09-16,Large_D-SIB,Western Cape,142235030.84174508,47329414.62757279,70328235.30963096,2.0224456111479734,5,79,0,False,False,False,2,BBB,0.7,0.045,0.45,0.18
ACC_001479,SME_Corporate,2026-09-16,Large_D-SIB,KZN,312058837.6080262,131924807.53269576,361540588.44444853,0.8631363879521226,1,22,0,False,False,False,4,BBB,0.7,0.045,0.45,0.18
ACC_001480,SME_Corporate,2026-09-16,Large_D-SIB,KZN,194843910.76214957,54830941.347542204,121507308.04671805,1.60355713491105,4,201,0,False,False,False,4,A,0.7,0.045,0.45,0.18
ACC_001481,SME_Corporate,2026-09-16,Large_D-SIB,Northern Cape,155151794.89514068,54882064.78292966,126295617.54240802,1.2284812245606482,6,58,0,False,False,False,2,BB,0.7,0.045,0.45,0.18
ACC_001482,SME_Corporate,2026-09-16,Large_D-SIB,Eastern Cape,1895466829.8457763,198036859.32472193,2266122714.349783,0.8364360931749635,6,208,0,False,False,False,4,BBB,0.7,0.045,0.45,0.18
ACC_001483,SME_Corporate,2026-09-16,Large_D-SIB,Gauteng,246161054.38311347,48288178.27128567,290465757.5045012,0.8474701338222246,3,7,0,False,False,False,4,BB,0.7,0.045,0.45,0.18
ACC_001484,SME_Corporate,2026-09-16,Large_D-SIB,KZN,422647551.77107424,173348291.4909649,333291848.6098106,1.2681004757061238,1,134,0,False,False,False,4,BBB,0.7,0.045,0.45,0.18
ACC_001485,SME_Corporate,2026-09-16,Large_D-SIB,KZN,549607085.1409062,118083377.22159111,576134913.1461177,0.9539555277767318,7,169,5,False,False,False,4,CCC,0.7,0.045,0.45,0.18
ACC_001486,SME_Corporate,2026-09-16,Large_D-SIB,Gauteng,88472100.46430966,34513944.32184063,102710953.598941,0.8613696725061061,10,64,90,False,True,False,2,B,0.7,0.045,0.45,0.18
ACC_001487,SME_Corporate,2026-09-16,Large_D-SIB,Limpopo,499076878.8615113,216266326.3206719,310759568.89142203,1.6059903823456727,8,196,0,False,False,False,3,BBB,0.7,0.045,0.45,0.18
ACC_001488,SME_Corporate,2026-09-16,Large_D-SIB,Western Cape,481197295.246148,191305766.71708965,451003616.058933,1.0669477541024184,8,55,0,False,False,False,3,B,0.7,0.045,0.45,0.18
ACC_001489,SME_Corporate,2026-09-16,Large_D-SIB,Gauteng,211840374.13882497,67317192.91959076,179069074.42355648,1.183009265116062,3,48,0,False,False,False,5,AA,0.7,0.045,0.45,0.18
ACC_001490,SME_Corporate,2026-09-16,Large_D-SIB,Free State,1020041821.7820936,433864624.9200327,894895753.0923196,1.1398442983524402,1,187,0,False,False,False,1,BBB,0.7,0.045,0.45,0.18
ACC_001491,SME_Corporate,2026-09-16,Large_D-SIB,Eastern Cape,399010935.21416724,120407354.32219563,268319343.3135068,1.4870748052925844,4,61,90,True,False,False,3,BB,0.7,0.045,0.45,0.18
ACC_001492,SME_Corporate,2026-09-16,Large_D-SIB,KZN,181826568.37981293,78317046.19264948,93266943.43073517,1.9495285434634908,10,233,0,False,False,False,4,BBB,0.7,0.045,0.45,0.18
ACC_001493,SME_Corporate,2026-09-16,Large_D-SIB,Western Cape,158384894.1164834,48089724.79818102,80645839.21352519,1.9639561775422694,2,87,0,False,False,False,1,AA,0.7,0.045,0.45,0.18
ACC_001494,SME_Corporate,2026-09-16,Large_D-SIB,Eastern Cape,325371190.2355295,110713057.67829122,343553729.1665768,0.9470751227903823,3,132,0,False,False,False,4,A,0.7,0.045,0.45,0.18
ACC_001495,SME_Corporate,2026-09-16,Large_D-SIB,Western Cape,512330745.869696,239249889.77797654,582714141.8823951,0.8792145394217941,10,5,30,False,False,False,3,BBB,0.7,0.045,0.45,0.18
ACC_001496,SME_Corporate,2026-09-16,Large_D-SIB,Free State,320692900.3550476,58012186.09965585,324510824.4044329,0.988234832978554,7,152,0,False,False,False,3,BBB,0.7,0.045,0.45,0.18
ACC_001497,SME_Corporate,2026-09-16,Large_D-SIB,Mpumalanga,484655947.7481904,67433573.17937574,261758482.86146843,1.8515386491015344,3,48,0,False,False,False,3,BBB,0.7,0.045,0.45,0.18
ACC_001498,SME_Corporate,2026-09-16,Large_D-SIB,Free State,134422853.9461081,13627209.833685238,74901476.86981249,1.7946622625312278,9,192,0,False,False,False,3,BBB,0.7,0.045,0.45,0.18
ACC_001499,SME_Corporate,2026-09-16,Large_D-SIB,Gauteng,133275277.97973788,41922340.947503515,107150750.17159891,1.2438109650777178,1,198,0,False,False,False,4,A,0.7,0.045,0.45,0.18
ACC_001500,SME_Corporate,2026-09-16,Large_D-SIB,Western Cape,624615767.1291367,126986303.25618908,314978600.8685198,1.9830419127103414,7,214,0,False,False,False,3,AA,0.7,0.045,0.45,0.18
ACC_001501,SME_Corporate,2026-09-16,Large_D-SIB,Gauteng,122177542.98949672,43650888.33829251,102769793.37416735,1.1888468291910352,2,3,0,False,False,False,3,BB,0.7,0.045,0.45,0.18
ACC_001502,SME_Corporate,2026-09-16,Large_D-SIB,Northern Cape,194538060.4820154,52179902.980265476,103528154.36966074,1.8790836334954062,9,15,0,False,False,False,3,A,0.7,0.045,0.45,0.18
ACC_001503,SME_Corporate,2026-09-16,Large_D-SIB,Gauteng,604638178.7468748,117592814.67094937,339393611.95130634,1.78152492402722,2,31,0,False,False,False,3,BB,0.7,0.045,0.45,0.18
ACC_001504,SME_Corporate,2026-09-16,Large_D-SIB,KZN,126439378.42838417,55695130.56380231,88972014.5123491,1.4211140336811716,5,71,60,False,False,False,3,BBB,0.7,0.045,0.45,0.18
ACC_001505,SME_Corporate,2026-09-16,Large_D-SIB,Gauteng,158255067.97326833,30817781.712203134,162639588.3810446,0.9730414934554318,7,198,0,False,False,False,4,BBB,0.7,0.045,0.45,0.18
ACC_001506,SME_Corporate,2026-09-16,Large_D-SIB,Western Cape,621753881.1644533,281251513.1805648,355002876.37528944,1.7514051928615062,5,15,0,False,False,False,5,B,0.7,0.045,0.45,0.18
ACC_001507,SME_Corporate,2026-09-16,Large_D-SIB,Gauteng,318752004.91017014,71588773.88301809,175947182.5349923,1.8116346071456806,3,120,0,False,False,False,1,A,0.7,0.045,0.45,0.18
ACC_001508,SME_Corporate,2026-09-16,Large_D-SIB,KZN,355209361.5099521,63123017.70482148,385013222.4720287,0.9225900326988333,10,128,0,False,False,False,2,B,0.7,0.045,0.45,0.18
ACC_001509,SME_Corporate,2026-09-16,Large_D-SIB,Western Cape,1428772797.146456,229027999.78395113,1364944358.5270846,1.0467626670791539,6,100,0,False,False,False,3,BB,0.7,0.045,0.45,0.18
ACC_001510,SME_Corporate,2026-09-16,Large_D-SIB,Free State,565173634.1556933,265671856.37612265,429561656.95742005,1.3156985149904001,9,15,0,False,False,False,4,BB,0.7,0.045,0.45,0.18
ACC_001511,SME_Corporate,2026-09-16,Large_D-SIB,Western Cape,513531914.77643037,80564708.60363649,571192861.274763,0.8990517031854224,9,231,0,False,False,False,4,A,0.7,0.045,0.45,0.18
ACC_001512,SME_Corporate,2026-09-16,Large_D-SIB,Northern Cape,289288031.9797383,44193186.20708094,343074192.45589674,0.8432229481001465,6,138,30,False,False,False,3,A,0.7,0.045,0.45,0.18
ACC_001513,SME_Corporate,2026-09-16,Large_D-SIB,KZN,150836865.5756114,30929520.564943492,121334836.56616119,1.2431455783382,5,5,0,False,False,False,3,BBB,0.7,0.045,0.45,0.18
ACC_001514,SME_Corporate,2026-09-16,Large_D-SIB,KZN,460393374.4519674,212032026.57349223,255042143.46196657,1.8051658765196352,9,182,90,True,False,False,5,BBB,0.7,0.045,0.45,0.18
ACC_001515,SME_Corporate,2026-09-16,Large_D-SIB,Gauteng,125780254.81487845,40060011.88719007,127836972.505704,0.9839114017602867,9,15,15,False,False,False,3,BBB,0.7,0.045,0.45,0.18
ACC_001516,SME_Corporate,2026-09-16,Large_D-SIB,Western Cape,127672105.23469307,34394071.61501331,124880766.16253689,1.0223520335271097,5,113,0,False,False,False,3,AA,0.7,0.045,0.45,0.18
ACC_001517,SME_Corporate,2026-09-16,Large_D-SIB,Gauteng,1524123108.5353174,243294705.7694329,1202375546.764549,1.267593234606736,3,207,0,False,False,False,4,BBB,0.7,0.045,0.45,0.18
ACC_001518,SME_Corporate,2026-09-16,Large_D-SIB,Mpumalanga,285628993.964434,33928108.501093045,189249856.65865818,1.5092692750600638,4,157,0,False,False,False,5,B,0.7,0.045,0.45,0.18
ACC_001519,SME_Corporate,2026-09-16,Large_D-SIB,Gauteng,45819933.46375178,8111516.798085198,26278340.750034586,1.7436387593722589,1,17,0,False,False,False,4,BB,0.7,0.045,0.45,0.18
ACC_001520,SME_Corporate,2026-09-16,Large_D-SIB,KZN,162985090.14532888,30786405.57836156,176361523.87696928,0.9241533332351343,8,9,0,False,False,False,5,B,0.7,0.045,0.45,0.18
ACC_001521,SME_Corporate,2026-09-16,Large_D-SIB,KZN,277755899.0722949,109871044.45104365,304003354.04326016,0.9136606401808639,9,57,0,False,False,False,3,BB,0.7,0.045,0.45,0.18
ACC_001522,SME_Corporate,2026-09-16,Large_D-SIB,Eastern Cape,698358215.1592112,282406035.71805876,726000946.1504742,0.9619246625809029,8,111,5,False,False,False,2,BB,0.7,0.045,0.45,0.18
ACC_001523,SME_Corporate,2026-09-16,Large_D-SIB,KZN,163548642.49354583,52438676.03212778,162081478.29380864,1.0090520164005268,9,231,0,False,False,False,2,A,0.7,0.045,0.45,0.18
ACC_001524,SME_Corporate,2026-09-16,Large_D-SIB,Mpumalanga,811418900.6107453,226588232.56562483,944961432.9638528,0.8586793834175286,4,208,0,False,False,False,3,B,0.7,0.045,0.45,0.18
ACC_001525,SME_Corporate,2026-09-16,Large_D-SIB,Gauteng,302283313.291946,103320934.16773665,333567498.6955991,0.9062133285587219,8,189,0,False,False,False,1,BB,0.7,0.045,0.45,0.18
ACC_001526,SME_Corporate,2026-09-16,Large_D-SIB,Northern Cape,359991938.72277945,150649788.08449933,351783891.333115,1.023332641408222,2,14,0,False,False,False,4,CCC,0.7,0.045,0.45,0.18
ACC_001527,SME_Corporate,2026-09-16,Large_D-SIB,Gauteng,384516747.6343828,83834180.53721459,366679820.30646414,1.0486444203910945,8,160,30,False,False,False,5,A,0.7,0.045,0.45,0.18
ACC_001528,SME_Corporate,2026-09-16,Large_D-SIB,KZN,257470783.55906966,38679325.838301584,187757964.61528948,1.3712908748591288,3,138,0,False,False,False,4,A,0.7,0.045,0.45,0.18
ACC_001529,SME_Corporate,2026-09-16,Large_D-SIB,Western Cape,315760978.49231386,120700415.6098603,173957919.9243091,1.8151572439455745,7,151,0,False,False,False,3,AA,0.7,0.045,0.45,0.18
ACC_001530,SME_Corporate,2026-09-16,Large_D-SIB,Western Cape,107546502.45894738,33527615.329629693,112456291.56747596,0.9563404675710597,10,23,0,False,False,False,4,BB,0.7,0.045,0.45,0.18
ACC_001531,SME_Corporate,2026-09-16,Large_D-SIB,Free State,1454066816.0558114,588745332.990291,795442917.8684478,1.8279964324181568,4,130,90,False,False,False,3,BBB,0.7,0.045,0.45,0.18
ACC_001532,SME_Corporate,2026-09-16,Large_D-SIB,Gauteng,145469115.60339716,21132321.43683592,151839980.7706822,0.9580422420040563,10,137,0,False,False,False,4,B,0.7,0.045,0.45,0.18
ACC_001533,SME_Corporate,2026-09-16,Large_D-SIB,Eastern Cape,800976677.3704336,200665503.86707827,883626247.2066175,0.90646546535092,8,109,0,False,False,False,2,BBB,0.7,0.045,0.45,0.18
ACC_001534,SME_Corporate,2026-09-16,Large_D-SIB,Gauteng,977019118.494221,206489985.65365252,1117456293.6212425,0.8743242344880272,10,29,0,False,False,False,4,BB,0.7,0.045,0.45,0.18
ACC_001535,SME_Corporate,2026-09-16,Large_D-SIB,KZN,310091895.17577183,154334132.49261156,344642306.8410485,0.8997499407952503,9,201,0,False,False,False,4,AA,0.7,0.045,0.45,0.18
ACC_001536,SME_Corporate,2026-09-16,Large_D-SIB,KZN,334392879.1993399,164517993.7459126,240090267.94102946,1.39277981597102,6,133,120,False,True,True,3,A,0.7,0.045,0.45,0.18
ACC_001537,SME_Corporate,2026-09-16,Large_D-SIB,Western Cape,565269309.1508505,280061608.6188058,518556047.6011129,1.0900833415516749,4,62,60,True,False,False,4,BBB,0.7,0.045,0.45,0.18
ACC_001538,SME_Corporate,2026-09-16,Large_D-SIB,Gauteng,136443860.82823622,40986616.15715293,145515829.06106427,0.9376564852678598,8,9,0,False,False,False,3,A,0.7,0.045,0.45,0.18
ACC_001539,SME_Corporate,2026-09-16,Large_D-SIB,KZN,60007285.22734456,11156686.262772622,33560638.51802923,1.7880257312478676,9,32,0,False,False,False,4,BB,0.7,0.045,0.45,0.18
ACC_001540,SME_Corporate,2026-09-16,Large_D-SIB,Gauteng,380037858.76880866,65697515.41786399,171853303.9417528,2.211408509769571,2,161,0,False,False,False,3,B,0.7,0.045,0.45,0.18
ACC_001541,SME_Corporate,2026-09-16,Large_D-SIB,Gauteng,260680145.69164628,69195234.83211763,288595908.10006267,0.9032704150512856,9,63,0,False,False,False,3,BB,0.7,0.045,0.45,0.18
ACC_001542,SME_Corporate,2026-09-16,Large_D-SIB,Western Cape,174669842.73150623,24993159.352737688,128596071.27771921,1.3582828852857018,4,83,0,False,False,False,3,BBB,0.7,0.045,0.45,0.18
ACC_001543,SME_Corporate,2026-09-16,Large_D-SIB,Gauteng,257496593.49659973,82799545.73988669,120986965.09173752,2.1283002950057863,7,86,0,False,False,False,4,A,0.7,0.045,0.45,0.18
ACC_001544,SME_Corporate,2026-09-16,Large_D-SIB,Western Cape,167890015.67342934,40266005.119091064,158441022.12067077,1.059637292326744,2,164,120,True,True,True,3,BB,0.7,0.045,0.45,0.18
ACC_001545,SME_Corporate,2026-09-16,Large_D-SIB,Mpumalanga,820518871.169117,383832850.20221,931981283.470715,0.8804027352496715,1,25,0,False,False,False,4,BB,0.7,0.045,0.45,0.18
ACC_001546,SME_Corporate,2026-09-16,Large_D-SIB,Gauteng,165771754.1210078,78053145.31125154,84281380.64709312,1.96688465291207,3,150,0,False,False,False,1,BB,0.7,0.045,0.45,0.18
ACC_001547,SME_Corporate,2026-09-16,Large_D-SIB,Limpopo,144375306.2493826,27334595.63311677,92554432.1043127,1.559896192617395,1,30,0,False,False,False,4,B,0.7,0.045,0.45,0.18
ACC_001548,SME_Corporate,2026-09-16,Large_D-SIB,Gauteng,339957464.16833127,118614989.92615041,137061726.18831024,2.4803238192204065,2,4,0,False,False,False,4,BBB,0.7,0.045,0.45,0.18
ACC_001549,SME_Corporate,2026-09-16,Large_D-SIB,Mpumalanga,190837327.38129115,88938506.98510177,106932157.522869,1.7846579719527103,3,223,0,False,False,False,4,BBB,0.7,0.045,0.45,0.18
ACC_001550,SME_Corporate,2026-09-16,Large_D-SIB,Mpumalanga,236566535.21508825,118080334.21783994,277896854.6424752,0.851274605174787,6,26,0,False,False,False,4,A,0.7,0.045,0.45,0.18
ACC_001551,SME_Corporate,2026-09-16,Large_D-SIB,Mpumalanga,190751422.34898475,33299164.644548874,190374677.20821285,1.0019789666687646,4,199,0,False,False,False,5,BBB,0.7,0.045,0.45,0.18
ACC_001552,SME_Corporate,2026-09-16,Large_D-SIB,Western Cape,49158964.4122477,17784596.288042817,29969248.16047814,1.6403135690629684,1,221,0,False,False,False,3,CCC,0.7,0.045,0.45,0.18
ACC_001553,SME_Corporate,2026-09-16,Large_D-SIB,Gauteng,482447557.9795888,223372332.7075605,475896288.2660397,1.0137661710651686,3,49,0,False,False,False,4,A,0.7,0.045,0.45,0.18
ACC_001554,SME_Corporate,2026-09-16,Large_D-SIB,Free State,232147769.76218224,48560482.17943082,207701786.39817712,1.1176975113595828,4,158,0,False,False,False,3,BBB,0.7,0.045,0.45,0.18
ACC_001555,SME_Corporate,2026-09-16,Large_D-SIB,Gauteng,127251495.84009375,45252580.36333595,52993619.70519232,2.401260690400162,10,25,0,False,False,False,5,BBB,0.7,0.045,0.45,0.18
ACC_001556,SME_Corporate,2026-09-16,Large_D-SIB,KZN,724848666.3015404,165849328.0748357,421038542.52401716,1.721573188896817,6,148,0,False,False,False,3,A,0.7,0.045,0.45,0.18
ACC_001557,SME_Corporate,2026-09-16,Large_D-SIB,North West,96663616.3296863,25951683.349303477,44463404.91492522,2.1740039143344783,4,121,0,False,False,False,3,BBB,0.7,0.045,0.45,0.18
ACC_001558,SME_Corporate,2026-09-16,Large_D-SIB,Gauteng,573320389.3308349,95316297.87840216,482144656.89095414,1.189104516946875,10,176,0,False,False,False,5,BBB,0.7,0.045,0.45,0.18
ACC_001559,SME_Corporate,2026-09-16,Large_D-SIB,Free State,335805602.59793717,122347253.56094557,215689839.58652377,1.5568911509307748,3,34,0,False,False,False,4,CCC,0.7,0.045,0.45,0.18
ACC_001560,SME_Corporate,2026-09-16,Large_D-SIB,North West,613383772.8791788,300565485.25585586,372240038.2020807,1.6478178323906858,10,118,0,False,False,False,5,BBB,0.7,0.045,0.45,0.18
ACC_001561,SME_Corporate,2026-09-16,Large_D-SIB,Limpopo,805910053.1597095,161321142.34061205,499170175.0802755,1.6144996103385079,8,219,15,False,False,False,5,BB,0.7,0.045,0.45,0.18
ACC_001562,SME_Corporate,2026-09-16,Large_D-SIB,Western Cape,319545655.86954534,38304975.339690015,195288196.6938686,1.636277364834605,8,129,0,False,False,False,3,BBB,0.7,0.045,0.45,0.18
ACC_001563,SME_Corporate,2026-09-16,Large_D-SIB,Western Cape,202503310.7940864,65388351.06776814,106715017.17423502,1.8976083793666694,8,54,0,False,False,False,4,A,0.7,0.045,0.45,0.18
ACC_001564,SME_Corporate,2026-09-16,Large_D-SIB,KZN,388525766.2490161,156826982.9885007,201120985.02436754,1.9318012300006528,2,93,15,False,False,False,4,B,0.7,0.045,0.45,0.18
ACC_001565,SME_Corporate,2026-09-16,Large_D-SIB,Gauteng,205373400.90902483,74640132.47213385,133943001.51129387,1.5332895230939563,2,168,0,False,False,False,5,B,0.7,0.045,0.45,0.18
ACC_001566,SME_Corporate,2026-09-16,Large_D-SIB,KZN,142083372.2904916,57918475.210022695,95304779.81684695,1.4908315465765931,6,161,0,False,False,False,5,A,0.7,0.045,0.45,0.18
ACC_001567,SME_Corporate,2026-09-16,Large_D-SIB,Western Cape,789796143.5808079,143003499.84230885,784139544.3414956,1.0072137660702505,4,226,0,False,False,False,3,A,0.7,0.045,0.45,0.18
ACC_001568,SME_Corporate,2026-09-16,Large_D-SIB,Western Cape,292363028.83696675,75389842.80204313,188167096.39366996,1.5537415118810431,6,126,0,False,False,False,4,A,0.7,0.045,0.45,0.18
ACC_001569,SME_Corporate,2026-09-16,Large_D-SIB,KZN,348850193.169761,53464339.032351784,330873660.4524815,1.05433050395337,2,130,0,False,False,False,2,BBB,0.7,0.045,0.45,0.18
ACC_001570,SME_Corporate,2026-09-16,Large_D-SIB,North West,197139919.98305988,23153379.661273763,92642854.42359678,2.1279560221845557,9,151,0,False,False,False,3,BBB,0.7,0.045,0.45,0.18
ACC_001571,SME_Corporate,2026-09-16,Large_D-SIB,Gauteng,117265309.93328282,32597646.347228076,91778648.40216292,1.2776970676168649,10,17,0,False,False,False,4,A,0.7,0.045,0.45,0.18
ACC_001572,SME_Corporate,2026-09-16,Large_D-SIB,Mpumalanga,926378072.0689054,198531515.54345268,885465123.439965,1.0462050368172566,8,35,0,False,False,False,4,BB,0.7,0.045,0.45,0.18
ACC_001573,SME_Corporate,2026-09-16,Large_D-SIB,Northern Cape,390613146.92704475,126316216.22952929,238058356.33082792,1.6408293871617452,4,38,0,False,False,False,4,BB,0.7,0.045,0.45,0.18
ACC_001574,SME_Corporate,2026-09-16,Large_D-SIB,Gauteng,220425595.08297876,34433322.116559684,201901274.84876177,1.0917493970659324,5,234,0,False,False,False,2,B,0.7,0.045,0.45,0.18
ACC_001575,SME_Corporate,2026-09-16,Large_D-SIB,Eastern Cape,136077921.05589512,62579247.06458913,80104483.08851424,1.6987553730985454,9,118,0,False,False,False,4,BBB,0.7,0.045,0.45,0.18
ACC_001576,SME_Corporate,2026-09-16,Large_D-SIB,Gauteng,561505251.3966798,63439432.8184346,564752795.8434298,0.9942496177608117,6,219,0,False,False,False,4,B,0.7,0.045,0.45,0.18
ACC_001577,SME_Corporate,2026-09-16,Large_D-SIB,Gauteng,223385671.44704935,51897920.24047634,234661727.21870375,0.9519476145287844,3,136,0,False,False,False,3,AA,0.7,0.045,0.45,0.18
ACC_001578,SME_Corporate,2026-09-16,Large_D-SIB,Free State,1049788520.3627073,261009319.14820623,484894161.21438557,2.164984865426263,3,13,0,False,False,False,4,AA,0.7,0.045,0.45,0.18
ACC_001579,SME_Corporate,2026-09-16,Large_D-SIB,Gauteng,110032185.24841954,34342258.04864748,126339131.22172794,0.8709271955916069,9,141,0,False,False,False,4,B,0.7,0.045,0.45,0.18
ACC_001580,SME_Corporate,2026-09-16,Large_D-SIB,KZN,76195539.32569896,35003684.61893464,89030933.7947925,0.8558321931265165,8,143,0,False,False,False,3,BB,0.7,0.045,0.45,0.18
ACC_001581,SME_Corporate,2026-09-16,Large_D-SIB,Western Cape,190862175.0388301,74776819.74089609,202668963.9030494,0.9417434784446458,2,40,0,False,False,False,4,AA,0.7,0.045,0.45,0.18
ACC_001582,SME_Corporate,2026-09-16,Large_D-SIB,Gauteng,1098799217.0191119,309836720.78964156,755833634.4911913,1.4537580320288295,7,56,0,False,False,False,3,BB,0.7,0.045,0.45,0.18
ACC_001583,SME_Corporate,2026-09-16,Large_D-SIB,Gauteng,1034622042.3568553,159303356.64663503,1070114944.5833573,0.9668326263396676,8,195,0,False,False,False,3,A,0.7,0.045,0.45,0.18
ACC_001584,SME_Corporate,2026-09-16,Large_D-SIB,Gauteng,345744883.451371,66426748.51001829,186101977.6705888,1.8578248752593018,1,201,15,False,False,False,3,AAA,0.7,0.045,0.45,0.18
ACC_001585,SME_Corporate,2026-09-16,Large_D-SIB,Free State,2337360770.6217494,714166369.352794,2337747627.1948795,0.9998345173924551,10,211,0,False,False,False,5,BB,0.7,0.045,0.45,0.18
ACC_001586,SME_Corporate,2026-09-16,Large_D-SIB,Gauteng,372121301.1089515,150041695.54603446,342981735.986267,1.0849595242699783,7,148,0,False,False,False,3,BB,0.7,0.045,0.45,0.18
ACC_001587,SME_Corporate,2026-09-16,Large_D-SIB,Gauteng,155386391.4255226,69925035.77575226,96453722.69551799,1.6109942372679733,7,198,0,False,False,False,4,AA,0.7,0.045,0.45,0.18
ACC_001588,SME_Corporate,2026-09-16,Large_D-SIB,Gauteng,401429343.8598441,159301384.1844486,353282204.61048794,1.1362852094473337,6,194,0,False,False,False,2,BBB,0.7,0.045,0.45,0.18
ACC_001589,SME_Corporate,2026-09-16,Large_D-SIB,Gauteng,149751077.0917072,69320327.50947617,132665498.6016405,1.128786901418659,6,152,0,False,False,False,3,A,0.7,0.045,0.45,0.18
ACC_001590,SME_Corporate,2026-09-16,Large_D-SIB,Gauteng,264375026.5767974,109247111.62277843,216269531.6828908,1.2224330654418865,9,137,30,False,False,False,3,BB,0.7,0.045,0.45,0.18
ACC_001591,SME_Corporate,2026-09-16,Large_D-SIB,Gauteng,423534562.3647764,210443131.73282766,441533288.53446805,0.9592358568717824,7,144,0,False,False,False,4,B,0.7,0.045,0.45,0.18
ACC_001592,SME_Corporate,2026-09-16,Large_D-SIB,North West,317227364.3620259,100270892.8637334,141852078.3517623,2.236325107450108,6,124,0,False,False,False,4,BB,0.7,0.045,0.45,0.18
ACC_001593,SME_Corporate,2026-09-16,Large_D-SIB,Western Cape,266655808.6970699,65165429.44775653,152410109.30948204,1.749593973163565,1,93,0,False,False,False,3,A,0.7,0.045,0.45,0.18
ACC_001594,SME_Corporate,2026-09-16,Large_D-SIB,Gauteng,745263312.4200233,298199153.2605956,735787026.4645325,1.0128791153073526,3,112,0,False,False,False,3,BB,0.7,0.045,0.45,0.18
ACC_001595,SME_Corporate,2026-09-16,Large_D-SIB,Western Cape,1415472367.2863743,235602388.75793704,1313819498.9211082,1.0773720198617407,1,146,0,False,False,False,4,BB,0.7,0.045,0.45,0.18
ACC_001596,SME_Corporate,2026-09-16,Large_D-SIB,Mpumalanga,323193016.8685327,108566883.24533917,180434192.92281434,1.7911960678472254,9,31,60,True,False,False,4,BBB,0.7,0.045,0.45,0.18
ACC_001597,SME_Corporate,2026-09-16,Large_D-SIB,KZN,753430026.0906883,258962523.52273178,609974935.3860615,1.2351819433594138,6,173,0,False,False,False,4,BBB,0.7,0.045,0.45,0.18
ACC_001598,SME_Corporate,2026-09-16,Large_D-SIB,Gauteng,309418593.9558814,43196856.02750385,354586525.21487945,0.8726180267802724,6,98,0,False,False,False,4,B,0.7,0.045,0.45,0.18
ACC_001599,SME_Corporate,2026-09-16,Large_D-SIB,Eastern Cape,170425467.04364347,67221145.48407547,95292415.40255372,1.7884473420439322,4,42,0,False,False,False,2,BB,0.7,0.045,0.45,0.18
ACC_001600,SME_Corporate,2026-09-16,Large_D-SIB,Eastern Cape,356244048.8915896,59036411.50722567,382338825.36146253,0.9317496033911727,1,231,0,False,False,False,3,B,0.7,0.045,0.45,0.18
ACC_001601,SME_Corporate,2026-09-16,Large_D-SIB,Eastern Cape,66792649.55594928,32209411.737133335,70959856.9134977,0.9412737350551823,9,87,0,False,False,False,3,BB,0.7,0.045,0.45,0.18
ACC_001602,SME_Corporate,2026-09-16,Large_D-SIB,Gauteng,111377363.09134053,53086284.383022144,105583085.40458159,1.0548788441307237,2,57,0,False,False,False,3,BBB,0.7,0.045,0.45,0.18
ACC_001603,SME_Corporate,2026-09-16,Large_D-SIB,North West,323140404.3376226,70333496.68352605,139685028.50431365,2.3133503124684807,2,40,0,False,False,False,3,BB,0.7,0.045,0.45,0.18
ACC_001604,SME_Corporate,2026-09-16,Large_D-SIB,Mpumalanga,240726116.02540547,36383637.98626537,248435394.9323703,0.9689686773132167,3,116,5,False,False,False,4,BBB,0.7,0.045,0.45,0.18
ACC_001605,SME_Corporate,2026-09-16,Large_D-SIB,Western Cape,282396039.339781,99594316.46239069,154937787.29435644,1.8226414890208464,9,81,0,False,False,False,5,B,0.7,0.045,0.45,0.18
ACC_001606,SME_Corporate,2026-09-16,Large_D-SIB,KZN,171930304.0081339,51976845.10592623,139650287.5686908,1.2311489435606444,4,146,0,False,False,False,5,BBB,0.7,0.045,0.45,0.18
ACC_001607,SME_Corporate,2026-09-16,Large_D-SIB,Free State,75810596.62115309,13655726.572667968,45751879.73729167,1.656994140054119,5,45,0,False,False,False,5,BBB,0.7,0.045,0.45,0.18
ACC_001608,SME_Corporate,2026-09-16,Large_D-SIB,Gauteng,450675806.0502075,206757482.44312602,256028375.24475044,1.7602572590611636,6,130,0,False,False,False,5,BBB,0.7,0.045,0.45,0.18
ACC_001609,SME_Corporate,2026-09-16,Large_D-SIB,Western Cape,539280138.8956144,229390850.88190478,218842285.8584382,2.4642410253585854,7,35,0,False,False,False,4,CCC,0.7,0.045,0.45,0.18
ACC_001610,SME_Corporate,2026-09-16,Large_D-SIB,Eastern Cape,755224046.3726293,308138150.58750373,576552704.9241943,1.309895938259325,2,174,0,False,False,False,2,AA,0.7,0.045,0.45,0.18
ACC_001611,SME_Corporate,2026-09-16,Large_D-SIB,Western Cape,161494170.58824268,35696717.96991716,160925859.40324497,1.0035315093988322,4,221,0,False,False,False,4,B,0.7,0.045,0.45,0.18
ACC_001612,SME_Corporate,2026-09-16,Large_D-SIB,Gauteng,188782381.85971865,25192174.616243992,184592426.69180304,1.0226984131635648,9,212,0,False,False,False,4,BBB,0.7,0.045,0.45,0.18
ACC_001613,SME_Corporate,2026-09-16,Large_D-SIB,Eastern Cape,123740527.07093474,51246924.93755267,125120260.17615739,0.9889727442759462,6,22,0,False,False,False,4,A,0.7,0.045,0.45,0.18
ACC_001614,SME_Corporate,2026-09-16,Large_D-SIB,Eastern Cape,70753881.4881367,13878506.841623392,44539009.66007043,1.5885822794027704,2,83,0,False,False,False,3,BBB,0.7,0.045,0.45,0.18
ACC_001615,SME_Corporate,2026-09-16,Large_D-SIB,Free State,865482214.9661158,337271508.8126721,572152974.9810804,1.5126762471081008,1,200,0,False,False,False,1,AA,0.7,0.045,0.45,0.18
ACC_001616,SME_Corporate,2026-09-16,Large_D-SIB,Mpumalanga,401098463.6990306,144470732.87745333,205404032.03597888,1.9527292610729938,2,48,0,False,False,False,3,BBB,0.7,0.045,0.45,0.18
ACC_001617,SME_Corporate,2026-09-16,Large_D-SIB,Eastern Cape,926351844.3313168,143776293.65094954,931622196.7697884,0.9943428221689592,9,158,0,False,False,False,4,BB,0.7,0.045,0.45,0.18
ACC_001618,SME_Corporate,2026-09-16,Large_D-SIB,Western Cape,77786823.35332598,13222224.357778436,45738812.81318901,1.7006742975824631,8,195,0,False,False,False,3,B,0.7,0.045,0.45,0.18
ACC_001619,SME_Corporate,2026-09-16,Large_D-SIB,Mpumalanga,561696656.2722566,221101222.48936448,387439298.53306466,1.4497668625742686,1,80,0,False,False,False,4,B,0.7,0.045,0.45,0.18
ACC_001620,SME_Corporate,2026-09-16,Large_D-SIB,KZN,125086984.46845502,51514713.3593528,84654915.25715841,1.4776104150417617,10,66,0,False,False,False,4,A,0.7,0.045,0.45,0.18
ACC_001621,SME_Corporate,2026-09-16,Large_D-SIB,Limpopo,367139662.333718,164147575.8809672,247043801.68406442,1.4861318512384292,2,65,0,False,False,False,5,BBB,0.7,0.045,0.45,0.18
ACC_001622,SME_Corporate,2026-09-16,Large_D-SIB,Gauteng,255515922.60943598,66467699.013014115,243998821.8651335,1.0472014604671673,7,31,0,False,False,False,3,BB,0.7,0.045,0.45,0.18
ACC_001623,SME_Corporate,2026-09-16,Large_D-SIB,Gauteng,107379105.79942891,41331303.22146849,115360618.04227337,0.93081250448988,4,19,0,False,False,False,3,A,0.7,0.045,0.45,0.18
ACC_001624,SME_Corporate,2026-09-16,Large_D-SIB,Gauteng,112899361.2233117,51466278.37003574,80124097.8100397,1.4090562553475043,10,79,60,False,False,False,4,AA,0.7,0.045,0.45,0.18
ACC_001625,SME_Corporate,2026-09-16,Large_D-SIB,Gauteng,207357881.3104924,72353776.35013597,113845428.08812113,1.8213984065305522,10,18,0,False,False,False,2,B,0.7,0.045,0.45,0.18
ACC_001626,SME_Corporate,2026-09-16,Large_D-SIB,Mpumalanga,674231854.9198173,275845122.9871547,593964924.0664867,1.1351374931431906,6,122,0,False,False,False,1,B,0.7,0.045,0.45,0.18
ACC_001627,SME_Corporate,2026-09-16,Large_D-SIB,Limpopo,398316194.94580215,45716632.23544627,402340217.3167403,0.989998458524045,4,121,0,False,False,False,3,BBB,0.7,0.045,0.45,0.18
ACC_001628,SME_Corporate,2026-09-16,Large_D-SIB,Western Cape,252500028.59960198,81413024.45740555,258876806.84728676,0.9753675181436918,7,87,0,False,False,False,3,BB,0.7,0.045,0.45,0.18
ACC_001629,SME_Corporate,2026-09-16,Large_D-SIB,Eastern Cape,232138327.7083255,105465505.57077347,165537694.22682515,1.4023291117625571,10,146,0,False,False,False,4,A,0.7,0.045,0.45,0.18
ACC_001630,SME_Corporate,2026-09-16,Large_D-SIB,Gauteng,221246881.231133,33687246.10406106,118124556.7754457,1.872996498532667,3,210,0,False,False,False,4,A,0.7,0.045,0.45,0.18
ACC_001631,SME_Corporate,2026-09-16,Large_D-SIB,Eastern Cape,264704524.0964778,64809523.23651579,194631594.79242265,1.3600285420195468,6,132,0,False,False,False,4,A,0.7,0.045,0.45,0.18
ACC_001632,SME_Corporate,2026-09-16,Large_D-SIB,Gauteng,196606046.5809137,90914644.04005295,130766593.63585249,1.5034883230835334,4,11,0,False,False,False,3,CCC,0.7,0.045,0.45,0.18
ACC_001633,SME_Corporate,2026-09-16,Large_D-SIB,Western Cape,315078508.41812426,59561351.26204972,254762668.0413465,1.2367530566408924,7,154,0,False,False,False,4,BB,0.7,0.045,0.45,0.18
ACC_001634,SME_Corporate,2026-09-16,Large_D-SIB,Gauteng,32189187.78965918,6985568.828807648,33290471.12208725,0.9669189622342892,7,144,5,False,False,False,4,BBB,0.7,0.045,0.45,0.18
ACC_001635,SME_Corporate,2026-09-16,Large_D-SIB,KZN,1297000175.3436162,315397365.27037126,1499838272.6631646,0.8647600204524838,3,117,5,False,False,False,2,AA,0.7,0.045,0.45,0.18
ACC_001636,SME_Corporate,2026-09-16,Large_D-SIB,Gauteng,201234374.03395087,73871301.70295529,134800484.73380655,1.4928312344820773,1,123,5,False,False,False,4,BBB,0.7,0.045,0.45,0.18
ACC_001637,SME_Corporate,2026-09-16,Large_D-SIB,Gauteng,104364762.4158829,20300344.033429205,87556718.42244455,1.1919674959989104,1,76,0,False,False,False,5,AA,0.7,0.045,0.45,0.18
ACC_001638,SME_Corporate,2026-09-16,Large_D-SIB,Gauteng,796076962.9345325,307954407.6026656,650596775.2315718,1.2236103731857246,10,53,0,False,False,False,2,BBB,0.7,0.045,0.45,0.18
ACC_001639,SME_Corporate,2026-09-16,Large_D-SIB,Mpumalanga,194594087.29249898,66015621.60840524,217617846.9837236,0.8942009581918773,4,225,0,False,False,False,4,B,0.7,0.045,0.45,0.18
ACC_001640,SME_Corporate,2026-09-16,Large_D-SIB,KZN,675558707.592457,195087890.64338148,575108623.5174187,1.17466280276007,9,177,0,False,False,False,4,AA,0.7,0.045,0.45,0.18
ACC_001641,SME_Corporate,2026-09-16,Large_D-SIB,KZN,133083602.92132701,22858900.575858362,118278883.22048835,1.1251679023147403,8,23,0,False,False,False,3,A,0.7,0.045,0.45,0.18
ACC_001642,SME_Corporate,2026-09-16,Large_D-SIB,KZN,155776680.7378599,21260206.432448987,178049202.05722517,0.874908053155965,1,12,15,False,False,False,3,BBB,0.7,0.045,0.45,0.18
ACC_001643,SME_Corporate,2026-09-16,Large_D-SIB,Gauteng,3334006231.8103514,1319473160.2040327,2897146673.80332,1.150789589618371,6,60,0,False,False,False,4,BB,0.7,0.045,0.45,0.18
ACC_001644,SME_Corporate,2026-09-16,Large_D-SIB,Gauteng,136886872.14202967,17398099.55857612,60647733.4621658,2.2570814163636395,8,107,0,False,False,False,4,A,0.7,0.045,0.45,0.18
ACC_001645,SME_Corporate,2026-09-16,Large_D-SIB,Western Cape,460147367.1764106,175308769.61198288,493527637.6184491,0.9323639287900527,9,66,5,False,False,False,3,CCC,0.7,0.045,0.45,0.18
ACC_001646,SME_Corporate,2026-09-16,Large_D-SIB,Gauteng,239819393.38559127,86022760.44271024,238482415.8720508,1.0056061890712218,6,223,0,False,False,False,5,CCC,0.7,0.045,0.45,0.18
ACC_001647,SME_Corporate,2026-09-16,Large_D-SIB,KZN,113253267.2964634,11837356.143835615,126988278.6951033,0.891840321486541,9,99,0,False,False,False,5,BB,0.7,0.045,0.45,0.18
ACC_001648,SME_Corporate,2026-09-16,Large_D-SIB,Northern Cape,504084489.5583085,62261011.9352085,466694315.10082227,1.0801170557421695,4,7,0,False,False,False,3,AA,0.7,0.045,0.45,0.18
ACC_001649,SME_Corporate,2026-09-16,Large_D-SIB,Gauteng,69507790.1435421,32609726.710794166,49815187.65107457,1.3953132251634253,10,20,0,False,False,False,2,BB,0.7,0.045,0.45,0.18
ACC_001650,SME_Corporate,2026-09-16,Large_D-SIB,Gauteng,712787604.0296289,340395277.8952845,393668653.82483196,1.8106282964220797,6,219,0,False,False,False,5,B,0.7,0.045,0.45,0.18
ACC_001651,SME_Corporate,2026-09-16,Large_D-SIB,Gauteng,757142838.2204117,172612953.1234728,620724760.1804883,1.2197722513924802,2,72,0,False,False,False,5,B,0.7,0.045,0.45,0.18
ACC_001652,SME_Corporate,2026-09-16,Large_D-SIB,Gauteng,239206894.0413456,40168680.87654606,286903427.79575545,0.8337540470643499,8,126,0,False,False,False,5,A,0.7,0.045,0.45,0.18
ACC_001653,SME_Corporate,2026-09-16,Large_D-SIB,KZN,644232297.9584349,244174801.5805399,260469449.55394337,2.4733507098882015,9,76,0,False,False,False,4,CCC,0.7,0.045,0.45,0.18
ACC_001654,SME_Corporate,2026-09-16,Large_D-SIB,Gauteng,116827600.68385546,33357968.973453823,86505917.54814927,1.3505157103134489,1,28,0,False,False,False,2,CCC,0.7,0.045,0.45,0.18
ACC_001655,SME_Corporate,2026-09-16,Large_D-SIB,Gauteng,315364697.5289802,78467538.33676118,269693814.36699486,1.1693434581329964,8,137,60,False,False,False,3,BB,0.7,0.045,0.45,0.18
ACC_001656,SME_Corporate,2026-09-16,Large_D-SIB,North West,121673242.67963605,17958273.096573625,120439385.93490738,1.0102446283261153,6,210,30,False,False,False,3,BB,0.7,0.045,0.45,0.18
ACC_001657,SME_Corporate,2026-09-16,Large_D-SIB,KZN,619881950.4776938,83018360.7159597,289216082.3177953,2.143317707334676,3,113,0,False,False,False,2,A,0.7,0.045,0.45,0.18
ACC_001658,SME_Corporate,2026-09-16,Large_D-SIB,KZN,115135613.73978111,23506846.872246653,56017397.09011691,2.0553545812662253,8,1,0,False,False,False,3,AAA,0.7,0.045,0.45,0.18
ACC_001659,SME_Corporate,2026-09-16,Large_D-SIB,KZN,344960669.8737511,157481241.43027252,294057095.9849095,1.173107789554767,5,117,0,False,False,False,2,BB,0.7,0.045,0.45,0.18
ACC_001660,SME_Corporate,2026-09-16,Large_D-SIB,Gauteng,280668002.58589727,50386493.135320835,247285531.59896925,1.1349956496487041,10,56,0,False,False,False,4,A,0.7,0.045,0.45,0.18
ACC_001661,SME_Corporate,2026-09-16,Large_D-SIB,Gauteng,113598148.9414722,56041308.39011607,85624013.27033032,1.3267089990610756,1,186,0,False,False,False,2,BBB,0.7,0.045,0.45,0.18
ACC_001662,SME_Corporate,2026-09-16,Large_D-SIB,KZN,189671215.49653825,70578969.43575868,118847225.6554254,1.5959246372856304,2,145,0,False,False,False,2,AA,0.7,0.045,0.45,0.18
ACC_001663,SME_Corporate,2026-09-16,Large_D-SIB,KZN,150501972.95413765,36560718.25367759,64582575.102544345,2.3303804890896704,3,104,0,False,False,False,2,BBB,0.7,0.045,0.45,0.18
ACC_001664,SME_Corporate,2026-09-16,Large_D-SIB,Northern Cape,421749118.2326749,163442962.6945706,420164211.0872685,1.0037721136250637,6,132,0,False,False,False,4,AAA,0.7,0.045,0.45,0.18
ACC_001665,SME_Corporate,2026-09-16,Large_D-SIB,KZN,975569127.189544,457456452.4274016,790241854.4661767,1.2345196874551263,7,24,0,False,False,False,2,AAA,0.7,0.045,0.45,0.18
ACC_001666,SME_Corporate,2026-09-16,Large_D-SIB,Mpumalanga,52478709.39776228,25987745.881474316,33565383.2921994,1.5634771377676577,10,104,0,False,False,False,4,BB,0.7,0.045,0.45,0.18
ACC_001667,SME_Corporate,2026-09-16,Large_D-SIB,KZN,276733814.5751483,110359510.34493358,310710042.16625136,0.8906497281059121,1,24,0,False,False,False,1,AA,0.7,0.045,0.45,0.18
ACC_001668,SME_Corporate,2026-09-16,Large_D-SIB,Western Cape,836968749.9806087,270753155.46195513,399359556.9569022,2.0957774401550933,7,88,0,False,False,False,3,BBB,0.7,0.045,0.45,0.18
ACC_001669,SME_Corporate,2026-09-16,Large_D-SIB,KZN,216838533.56544164,29833775.28859944,227181769.66234088,0.9544715400699962,9,43,0,False,False,False,3,BBB,0.7,0.045,0.45,0.18
ACC_001670,SME_Corporate,2026-09-16,Large_D-SIB,Western Cape,118006816.83579464,32495548.28457499,86632716.69895075,1.3621507131753594,10,142,0,False,False,False,5,A,0.7,0.045,0.45,0.18
ACC_001671,SME_Corporate,2026-09-16,Large_D-SIB,KZN,118367465.06400861,30255448.074470863,123688847.14320862,0.9569776725864472,8,25,15,False,False,False,4,B,0.7,0.045,0.45,0.18
ACC_001672,SME_Corporate,2026-09-16,Large_D-SIB,Free State,326697567.51349604,129414488.28782123,343171144.7671255,0.9519960302466329,7,81,0,False,False,False,3,BB,0.7,0.045,0.45,0.18
ACC_001673,SME_Corporate,2026-09-16,Large_D-SIB,Free State,66465388.57898959,25662967.56843526,62946522.46362605,1.0559024705041797,3,199,0,False,False,False,5,CCC,0.7,0.045,0.45,0.18
ACC_001674,SME_Corporate,2026-09-16,Large_D-SIB,Mpumalanga,269980710.8358411,110488618.75279668,228521031.08059853,1.1814261013929168,10,96,0,False,False,False,4,BB,0.7,0.045,0.45,0.18
ACC_001675,SME_Corporate,2026-09-16,Large_D-SIB,KZN,747475830.1947395,155905276.58231023,887138637.4255818,0.8425693557478968,8,218,0,False,False,False,4,CCC,0.7,0.045,0.45,0.18
ACC_001676,SME_Corporate,2026-09-16,Large_D-SIB,Gauteng,599888740.6929389,232670300.85479736,623910175.4675703,0.9614985686735606,4,99,0,False,False,False,4,A,0.7,0.045,0.45,0.18
ACC_001677,SME_Corporate,2026-09-16,Large_D-SIB,KZN,397147921.7188074,142004073.90869752,301432669.0168338,1.3175344365100263,1,168,0,False,False,False,2,BB,0.7,0.045,0.45,0.18
ACC_001678,SME_Corporate,2026-09-16,Large_D-SIB,Northern Cape,280220948.33592635,58735764.840254515,224787040.66083917,1.2466063324296635,6,81,0,False,False,False,3,AAA,0.7,0.045,0.45,0.18
ACC_001679,SME_Corporate,2026-09-16,Large_D-SIB,Gauteng,366093589.5121745,126594051.45220126,428924553.5063039,0.8535151147666673,3,155,0,False,False,False,4,AA,0.7,0.045,0.45,0.18
ACC_001680,SME_Corporate,2026-09-16,Large_D-SIB,Free State,505233932.7780244,177291837.70869118,400155698.5383145,1.2625933720887614,8,133,0,False,False,False,4,BBB,0.7,0.045,0.45,0.18
ACC_001681,SME_Corporate,2026-09-16,Large_D-SIB,Gauteng,483735655.4053292,175783185.93910083,518889028.61904603,0.9322526180457644,1,7,0,False,False,False,1,BBB,0.7,0.045,0.45,0.18
ACC_001682,SME_Corporate,2026-09-16,Large_D-SIB,KZN,280416784.17022043,49766214.82928593,298334108.395108,0.9399420860012487,8,229,90,True,True,False,2,BB,0.7,0.045,0.45,0.18
ACC_001683,SME_Corporate,2026-09-16,Large_D-SIB,Gauteng,46843464.62944038,18593445.586811457,32262764.47194402,1.451935858446844,5,201,15,False,False,False,4,BBB,0.7,0.045,0.45,0.18
ACC_001684,SME_Corporate,2026-09-16,Large_D-SIB,Gauteng,94341360.93413588,21348063.518294375,74486149.15636206,1.2665624683603065,6,213,0,False,False,False,3,B,0.7,0.045,0.45,0.18
ACC_001685,SME_Corporate,2026-09-16,Large_D-SIB,KZN,1593723826.2538939,720198029.7243764,1839033113.6598592,0.8666096409119163,2,163,0,False,False,False,2,BBB,0.7,0.045,0.45,0.18
ACC_001686,SME_Corporate,2026-09-16,Large_D-SIB,Western Cape,141353413.0879789,15390310.484200478,116317501.72070543,1.2152376985140911,8,86,0,False,False,False,5,BB,0.7,0.045,0.45,0.18
ACC_001687,SME_Corporate,2026-09-16,Large_D-SIB,Mpumalanga,807983154.2022492,213538615.7113616,662741752.8290573,1.219152333096862,8,29,0,False,False,False,2,BB,0.7,0.045,0.45,0.18
ACC_001688,SME_Corporate,2026-09-16,Large_D-SIB,Eastern Cape,229820986.6732348,76771288.6515229,270085904.9925934,0.8509181057765203,2,85,0,False,False,False,2,AAA,0.7,0.045,0.45,0.18
ACC_001689,SME_Corporate,2026-09-16,Large_D-SIB,Gauteng,247938983.8402836,116314205.80989188,208320904.6286366,1.1901781258211805,2,50,0,False,False,False,3,BB,0.7,0.045,0.45,0.18
ACC_001690,SME_Corporate,2026-09-16,Large_D-SIB,Western Cape,710915456.0352204,157431794.74054217,548197036.4415079,1.2968246976487885,3,101,90,False,False,False,4,BBB,0.7,0.045,0.45,0.18
ACC_001691,SME_Corporate,2026-09-16,Large_D-SIB,Gauteng,943827512.8587166,134916551.5279057,949207173.7096264,0.9943324692439003,4,204,0,False,False,False,4,B,0.7,0.045,0.45,0.18
ACC_001692,SME_Corporate,2026-09-16,Large_D-SIB,Gauteng,1673881854.8489451,617096797.1156436,911750977.8224403,1.835898063796677,5,203,0,False,False,False,3,BB,0.7,0.045,0.45,0.18
ACC_001693,SME_Corporate,2026-09-16,Large_D-SIB,Limpopo,377969436.20124316,52286514.89017572,315145528.95532614,1.199348876863878,6,146,0,False,False,False,2,CCC,0.7,0.045,0.45,0.18
ACC_001694,SME_Corporate,2026-09-16,Large_D-SIB,Western Cape,705699337.651296,82939264.24139206,839412225.153655,0.8407065283354876,5,224,0,False,False,False,4,BBB,0.7,0.045,0.45,0.18
ACC_001695,SME_Corporate,2026-09-16,Large_D-SIB,Gauteng,35512645.37216503,12081148.25118272,23175506.35514087,1.5323352520531874,6,83,30,False,False,False,4,BB,0.7,0.045,0.45,0.18
ACC_001696,SME_Corporate,2026-09-16,Large_D-SIB,KZN,485575880.5622198,141499594.15341678,539182253.4814699,0.9005783803656061,3,234,0,False,False,False,2,BB,0.7,0.045,0.45,0.18
ACC_001697,SME_Corporate,2026-09-16,Large_D-SIB,Gauteng,858464053.5561017,283615640.37153363,908526087.5444973,0.9448975272425034,5,213,0,False,False,False,2,AAA,0.7,0.045,0.45,0.18
ACC_001698,SME_Corporate,2026-09-16,Large_D-SIB,Gauteng,148185346.39198455,74024959.54602148,98257640.02428694,1.5081305265967784,8,45,0,False,False,False,4,BBB,0.7,0.045,0.45,0.18
ACC_001699,SME_Corporate,2026-09-16,Large_D-SIB,Gauteng,57104444.50110708,14258225.522411615,29069334.497104265,1.9644221475656942,10,102,0,False,False,False,5,BBB,0.7,0.045,0.45,0.18
ACC_001700,SME_Corporate,2026-09-16,Large_D-SIB,Gauteng,214535339.7675022,94005323.99166596,130937156.7895419,1.6384603501993666,1,32,0,False,False,False,4,A,0.7,0.045,0.45,0.18
ACC_001701,Corporate_Large,2026-09-16,Large_D-SIB,Gauteng,1038260555.4425342,70368863.59806472,1066674693.7412785,0.9733619458064727,2,96,0,False,False,False,4,BB,0.65,0.02,0.4,0.24
ACC_001702,Corporate_Large,2026-09-16,Large_D-SIB,Western Cape,76983662.8511405,9264245.286196442,90608874.9904785,0.8496260753621564,8,113,0,False,False,False,5,A,0.65,0.02,0.4,0.24
ACC_001703,Corporate_Large,2026-09-16,Large_D-SIB,KZN,233855659.830655,65284280.04007346,249353077.27321205,0.9378495039562845,3,166,0,False,False,False,2,AA,0.65,0.02,0.4,0.24
ACC_001704,Corporate_Large,2026-09-16,Large_D-SIB,Gauteng,610672965.502999,172495873.18169618,501677015.6415572,1.2172631921796437,9,36,0,False,False,False,3,A,0.65,0.02,0.4,0.24
ACC_001705,Corporate_Large,2026-09-16,Large_D-SIB,Western Cape,148664480.6896612,57048896.839685746,89759308.94354632,1.6562569658726205,11,165,0,False,False,False,2,CCC,0.65,0.02,0.4,0.24
ACC_001706,Corporate_Large,2026-09-16,Large_D-SIB,Gauteng,103307640.11743145,8980825.407737892,78064976.0770989,1.3233545350145532,8,93,60,False,False,False,2,BB,0.65,0.02,0.4,0.24
ACC_001707,Corporate_Large,2026-09-16,Large_D-SIB,Western Cape,93569243.51970695,22345397.244206537,51917722.605540335,1.8022601690491298,6,183,60,False,False,False,3,A,0.65,0.02,0.4,0.24
ACC_001708,Corporate_Large,2026-09-16,Large_D-SIB,Western Cape,520480353.69008076,169560720.88459238,595199542.4837538,0.874463632008399,6,72,0,False,False,False,3,BB,0.65,0.02,0.4,0.24
ACC_001709,Corporate_Large,2026-09-16,Large_D-SIB,Gauteng,169451702.1734818,30474917.123717647,149084046.43239626,1.1366186136510688,9,139,0,False,False,False,5,A,0.65,0.02,0.4,0.24
ACC_001710,Corporate_Large,2026-09-16,Large_D-SIB,Gauteng,198608470.1453035,59564286.239442185,171054381.60325283,1.1610837926733746,3,142,0,False,False,False,4,B,0.65,0.02,0.4,0.24
ACC_001711,Corporate_Large,2026-09-16,Large_D-SIB,KZN,551960397.9370335,38841519.78825154,619128955.1985002,0.891511200215258,4,218,0,False,False,False,2,A,0.65,0.02,0.4,0.24
ACC_001712,Corporate_Large,2026-09-16,Large_D-SIB,Gauteng,530180660.29884505,41876293.8458184,468101626.96263486,1.1326187087599366,14,20,0,False,False,False,3,BBB,0.65,0.02,0.4,0.24
ACC_001713,Corporate_Large,2026-09-16,Large_D-SIB,Gauteng,304473386.9355779,78039655.40032363,251789952.9520881,1.2092356480701782,14,186,90,True,False,False,4,B,0.65,0.02,0.4,0.24
ACC_001714,Corporate_Large,2026-09-16,Large_D-SIB,Gauteng,155811984.91466546,41079851.82544304,188813226.25986934,0.8252175337559071,2,212,0,False,False,False,4,BBB,0.65,0.02,0.4,0.24
ACC_001715,Corporate_Large,2026-09-16,Large_D-SIB,KZN,505620206.04828095,181460026.55005705,530353614.50864196,0.9533643067875085,5,62,0,False,False,False,1,BB,0.65,0.02,0.4,0.24
ACC_001716,Corporate_Large,2026-09-16,Large_D-SIB,Gauteng,291853413.6494672,89970867.32824744,302429644.7252629,0.9650291191347875,12,103,0,False,False,False,4,BBB,0.65,0.02,0.4,0.24
ACC_001717,Corporate_Large,2026-09-16,Large_D-SIB,KZN,402754850.69449776,113181807.98077571,227220831.32550728,1.7725260855045795,5,213,0,False,False,False,3,BBB,0.65,0.02,0.4,0.24
ACC_001718,Corporate_Large,2026-09-16,Large_D-SIB,Gauteng,325279841.0271434,88001861.16193269,237119245.36108106,1.3717985671378674,8,54,0,False,False,False,5,BBB,0.65,0.02,0.4,0.24
ACC_001719,Corporate_Large,2026-09-16,Large_D-SIB,KZN,168017991.17467642,47608417.621487975,156040597.0757495,1.076758191928172,12,5,0,False,False,False,4,BBB,0.65,0.02,0.4,0.24
ACC_001720,Corporate_Large,2026-09-16,Large_D-SIB,Gauteng,489178000.55765194,124799950.41633116,252942506.4992514,1.9339493678936075,10,48,0,False,False,False,4,A,0.65,0.02,0.4,0.24
ACC_001721,Corporate_Large,2026-09-16,Large_D-SIB,Western Cape,98519049.90767398,20743072.690003704,123416661.83520797,0.7982637712177104,8,34,0,False,False,False,5,AA,0.65,0.02,0.4,0.24
ACC_001722,Corporate_Large,2026-09-16,Large_D-SIB,Western Cape,589604101.3513575,138964758.36942407,758116217.4592285,0.7777225810145215,5,142,60,False,False,False,4,BB,0.65,0.02,0.4,0.24
ACC_001723,Corporate_Large,2026-09-16,Large_D-SIB,Gauteng,695213877.5695736,96198296.80295667,785776270.5351691,0.8847478648039141,8,111,0,False,False,False,3,BBB,0.65,0.02,0.4,0.24
ACC_001724,Corporate_Large,2026-09-16,Large_D-SIB,Western Cape,188063446.53539228,65595464.568654686,122145366.72807032,1.53966909734754,2,212,0,False,False,False,5,BB,0.65,0.02,0.4,0.24
ACC_001725,Corporate_Large,2026-09-16,Large_D-SIB,Gauteng,372898122.5851542,125817424.90901756,406120640.6824468,0.918195445467964,14,82,0,False,False,False,3,BBB,0.65,0.02,0.4,0.24
ACC_001726,Corporate_Large,2026-09-16,Large_D-SIB,Gauteng,143043059.41645935,35689620.44272004,107323594.00832598,1.332820250180611,8,91,0,False,False,False,4,B,0.65,0.02,0.4,0.24
ACC_001727,Corporate_Large,2026-09-16,Large_D-SIB,Gauteng,41115010.47590054,9973162.107022254,29421953.963031672,1.397426239180479,3,99,0,False,False,False,2,A,0.65,0.02,0.4,0.24
ACC_001728,Corporate_Large,2026-09-16,Large_D-SIB,Western Cape,124348394.28478192,8207635.552018312,119700246.74610344,1.0388315618808848,7,184,0,False,False,False,3,BBB,0.65,0.02,0.4,0.24
ACC_001729,Corporate_Large,2026-09-16,Large_D-SIB,Western Cape,575469374.0470097,142016586.57485428,427146605.68844664,1.3472408919637937,12,23,0,False,False,False,3,B,0.65,0.02,0.4,0.24
ACC_001730,Corporate_Large,2026-09-16,Large_D-SIB,Gauteng,279411376.64864635,111385735.69520189,236071721.58176792,1.1835868132637264,10,101,5,False,False,False,1,BB,0.65,0.02,0.4,0.24
ACC_001731,Corporate_Large,2026-09-16,Large_D-SIB,Western Cape,707833309.4290959,157757037.33292782,554230679.1395842,1.277145665281417,11,7,0,False,False,False,2,BB,0.65,0.02,0.4,0.24
ACC_001732,Corporate_Large,2026-09-16,Large_D-SIB,Gauteng,148274874.99107847,34604856.10027812,123207169.46708116,1.203459795663068,15,207,0,False,False,False,2,BBB,0.65,0.02,0.4,0.24
ACC_001733,Corporate_Large,2026-09-16,Large_D-SIB,Gauteng,268420253.56277642,55520727.57030823,168891684.49528483,1.5893041410826254,15,64,0,False,False,False,2,A,0.65,0.02,0.4,0.24
ACC_001734,Corporate_Large,2026-09-16,Large_D-SIB,Gauteng,251664917.63414714,73078287.36416346,185749778.57383198,1.3548598526814133,15,131,0,False,False,False,1,BBB,0.65,0.02,0.4,0.24
ACC_001735,Corporate_Large,2026-09-16,Large_D-SIB,Gauteng,457662091.915597,144506414.6724164,420747816.7311546,1.087734917964006,10,19,0,False,False,False,3,B,0.65,0.02,0.4,0.24
ACC_001736,Corporate_Large,2026-09-16,Large_D-SIB,Gauteng,492466249.66518325,80784926.09454389,594520779.676856,0.8283415256450024,13,143,0,False,False,False,4,CCC,0.65,0.02,0.4,0.24
ACC_001737,Corporate_Large,2026-09-16,Large_D-SIB,Western Cape,152018950.6894569,44251763.45424487,129303268.298671,1.175677557804,13,211,5,False,False,False,2,AA,0.65,0.02,0.4,0.24
ACC_001738,Corporate_Large,2026-09-16,Large_D-SIB,Gauteng,292465874.25135493,43869946.58519481,361908847.9448213,0.8081202653988331,5,158,0,False,False,False,5,AA,0.65,0.02,0.4,0.24
ACC_001739,Corporate_Large,2026-09-16,Large_D-SIB,Gauteng,1929713713.490616,651612426.339489,995285216.8186724,1.9388549944092899,6,177,0,False,False,False,5,BB,0.65,0.02,0.4,0.24
ACC_001740,Corporate_Large,2026-09-16,Large_D-SIB,Gauteng,138945809.7405638,54999056.80743678,90586938.61512978,1.5338393356120896,5,45,0,False,False,False,2,BBB,0.65,0.02,0.4,0.24
ACC_001741,Corporate_Large,2026-09-16,Large_D-SIB,Gauteng,98773963.62470986,27946048.875720225,99043935.16892645,0.9972742243757163,13,37,0,False,False,False,3,B,0.65,0.02,0.4,0.24
ACC_001742,Corporate_Large,2026-09-16,Large_D-SIB,Gauteng,471983467.39083695,46798927.015527755,484724069.6788004,0.9737157630806204,9,182,0,False,False,False,3,A,0.65,0.02,0.4,0.24
ACC_001743,Corporate_Large,2026-09-16,Large_D-SIB,Gauteng,128199157.7235339,47453026.77474752,141098686.4794512,0.9085779671110126,12,66,0,False,False,False,4,BBB,0.65,0.02,0.4,0.24
ACC_001744,Corporate_Large,2026-09-16,Large_D-SIB,Gauteng,702778470.2678872,94429827.40673552,862758620.3718303,0.8145713687160899,8,18,0,False,False,False,2,A,0.65,0.02,0.4,0.24
ACC_001745,Corporate_Large,2026-09-16,Large_D-SIB,KZN,500798102.3324484,68069767.33360091,485288617.3634598,1.0319593009480639,13,187,0,False,False,False,3,B,0.65,0.02,0.4,0.24
ACC_001746,Corporate_Large,2026-09-16,Large_D-SIB,Western Cape,311343277.8167998,20112631.91974764,361800125.55344594,0.8605394410533654,12,126,0,False,False,False,3,CCC,0.65,0.02,0.4,0.24
ACC_001747,Corporate_Large,2026-09-16,Large_D-SIB,Gauteng,582638958.8026898,207900087.1273592,463587678.7765842,1.2568042367741177,5,30,0,False,False,False,3,BBB,0.65,0.02,0.4,0.24
ACC_001748,Corporate_Large,2026-09-16,Large_D-SIB,Gauteng,487923739.0319779,103809219.1783645,441227539.36370534,1.1058324685163876,9,132,0,False,False,False,3,CCC,0.65,0.02,0.4,0.24
ACC_001749,Corporate_Large,2026-09-16,Large_D-SIB,Gauteng,426926704.0602614,91997409.97705427,498300733.7159332,0.8567651523941764,5,42,15,False,False,False,4,CCC,0.65,0.02,0.4,0.24
ACC_001750,Corporate_Large,2026-09-16,Large_D-SIB,Western Cape,500496741.3813913,156476299.12075287,517342951.95296776,0.9674370540702601,13,174,0,False,False,False,4,BB,0.65,0.02,0.4,0.24
ACC_001751,Corporate_Large,2026-09-16,Large_D-SIB,Western Cape,75661406.3955697,7142974.3528350275,80664990.54736423,0.9379708084282664,8,200,0,False,False,False,1,BBB,0.65,0.02,0.4,0.24
ACC_001752,Corporate_Large,2026-09-16,Large_D-SIB,Gauteng,30848540.47215936,4709695.984447458,25308498.950135548,1.2189004386605133,15,62,60,True,False,False,3,BBB,0.65,0.02,0.4,0.24
ACC_001753,Corporate_Large,2026-09-16,Large_D-SIB,Gauteng,271178447.1001646,15600406.298750237,167044367.48594493,1.6233917442501107,13,78,0,False,False,False,5,B,0.65,0.02,0.4,0.24
ACC_001754,Corporate_Large,2026-09-16,Large_D-SIB,Gauteng,364511923.1276391,133180056.53247286,326480121.8192367,1.1164904040603723,10,135,0,False,False,False,4,B,0.65,0.02,0.4,0.24
ACC_001755,Corporate_Large,2026-09-16,Large_D-SIB,Western Cape,41968720.16285714,12676109.67729942,41385437.48606849,1.0140939111006135,11,60,0,False,False,False,2,BBB,0.65,0.02,0.4,0.24
ACC_001756,Corporate_Large,2026-09-16,Large_D-SIB,Western Cape,550774314.471232,142427122.01190352,404290651.56561315,1.3623226565797695,13,193,0,False,False,False,1,A,0.65,0.02,0.4,0.24
ACC_001757,Corporate_Large,2026-09-16,Large_D-SIB,Gauteng,234710836.06971836,72597862.03584652,215707299.9755514,1.0880987156963202,7,110,0,False,False,False,3,BBB,0.65,0.02,0.4,0.24
ACC_001758,Corporate_Large,2026-09-16,Large_D-SIB,Western Cape,72574760.83479084,8061933.971451001,56926971.55519971,1.2748747887355665,7,118,0,False,False,False,2,AA,0.65,0.02,0.4,0.24
ACC_001759,Corporate_Large,2026-09-16,Large_D-SIB,Western Cape,1559658777.4649575,88569756.98636952,1335282104.9556777,1.1680369052176638,11,233,0,False,False,False,4,BBB,0.65,0.02,0.4,0.24
ACC_001760,Corporate_Large,2026-09-16,Large_D-SIB,Gauteng,189662736.34817445,60370106.21969857,224770552.55319908,0.8438059798926941,2,70,90,False,True,False,3,BB,0.65,0.02,0.4,0.24
ACC_001761,Corporate_Large,2026-09-16,Large_D-SIB,KZN,231719298.09757066,58776334.22295439,161539150.54431936,1.4344466794382262,6,204,0,False,False,False,5,B,0.65,0.02,0.4,0.24
ACC_001762,Corporate_Large,2026-09-16,Large_D-SIB,Gauteng,306386263.7908354,16326224.845127776,271820846.977688,1.1271624939642124,11,2,0,False,False,False,3,BBB,0.65,0.02,0.4,0.24
ACC_001763,Corporate_Large,2026-09-16,Large_D-SIB,Gauteng,217074699.6656624,32487607.887913756,137067272.14354157,1.5837091981981979,3,99,0,False,False,False,4,BB,0.65,0.02,0.4,0.24
ACC_001764,Corporate_Large,2026-09-16,Large_D-SIB,KZN,205125938.43337718,50393897.87191171,234778883.74051097,0.8736984142921999,5,110,0,False,False,False,2,A,0.65,0.02,0.4,0.24
ACC_001765,Corporate_Large,2026-09-16,Large_D-SIB,KZN,407632002.831881,43418693.88372194,213931003.2052624,1.9054367844045796,8,74,0,False,False,False,5,AA,0.65,0.02,0.4,0.24
ACC_001766,Corporate_Large,2026-09-16,Large_D-SIB,Gauteng,665045189.9080485,55796207.45516541,615728566.3232291,1.0800947467474336,11,60,0,False,False,False,3,A,0.65,0.02,0.4,0.24
ACC_001767,Corporate_Large,2026-09-16,Large_D-SIB,Gauteng,173582460.69023642,65684419.06537391,202987561.70554432,0.8551384096235255,9,122,0,False,False,False,1,B,0.65,0.02,0.4,0.24
ACC_001768,Corporate_Large,2026-09-16,Large_D-SIB,Western Cape,201531877.57365894,41893784.318817385,261768415.98631287,0.7698861484656594,13,84,0,False,False,False,3,BBB,0.65,0.02,0.4,0.24
ACC_001769,Corporate_Large,2026-09-16,Large_D-SIB,Gauteng,302716057.18154716,85276437.59475149,322685354.1294558,0.9381152671097143,7,191,5,False,False,False,4,B,0.65,0.02,0.4,0.24
ACC_001770,Corporate_Large,2026-09-16,Large_D-SIB,Western Cape,75462358.41387807,15454802.926647356,53653024.088176385,1.406488444898446,3,184,0,False,False,False,4,BBB,0.65,0.02,0.4,0.24
ACC_001771,Corporate_Large,2026-09-16,Large_D-SIB,Gauteng,394438805.60130465,139786706.63147253,236670459.35972375,1.6666161322726942,13,105,0,False,False,False,3,BBB,0.65,0.02,0.4,0.24
ACC_001772,Corporate_Large,2026-09-16,Large_D-SIB,Western Cape,446356298.6287992,92047227.04222263,247314908.65656424,1.8048095080617859,11,51,0,False,False,False,1,BBB,0.65,0.02,0.4,0.24
ACC_001773,Corporate_Large,2026-09-16,Large_D-SIB,KZN,215819380.53088874,35866860.35292036,259782309.59326562,0.830770120062415,14,215,0,False,False,False,4,A,0.65,0.02,0.4,0.24
ACC_001774,Corporate_Large,2026-09-16,Large_D-SIB,Gauteng,418406026.56782573,147153055.0155062,533366998.2953718,0.78446178317189,12,34,0,False,False,False,3,BBB,0.65,0.02,0.4,0.24
ACC_001775,Corporate_Large,2026-09-16,Large_D-SIB,Gauteng,341336752.3987324,82425640.83574018,377410110.32706064,0.9044186762854145,5,109,0,False,False,False,2,B,0.65,0.02,0.4,0.24
ACC_001776,Corporate_Large,2026-09-16,Large_D-SIB,Gauteng,224770166.96786913,23325511.25352203,291094132.9573397,0.7721562942005759,3,13,0,False,False,False,4,BBB,0.65,0.02,0.4,0.24
ACC_001777,Corporate_Large,2026-09-16,Large_D-SIB,Gauteng,336396002.1183105,22543772.177608915,255469172.4274809,1.3167772804908664,7,237,0,False,False,False,4,A,0.65,0.02,0.4,0.24
ACC_001778,Corporate_Large,2026-09-16,Large_D-SIB,Gauteng,335817017.64047724,63900795.97699585,369587179.69537157,0.9086273444800519,4,26,0,False,False,False,3,B,0.65,0.02,0.4,0.24
ACC_001779,Corporate_Large,2026-09-16,Large_D-SIB,Western Cape,503542724.30655456,182766338.60373202,532495051.68401873,0.9456289269057012,13,169,60,False,False,False,5,B,0.65,0.02,0.4,0.24
ACC_001780,Corporate_Large,2026-09-16,Large_D-SIB,Western Cape,309381148.75116783,22226807.002316784,191909574.43792146,1.612119403929197,12,79,0,False,False,False,4,BB,0.65,0.02,0.4,0.24
ACC_001781,Corporate_Large,2026-09-16,Large_D-SIB,Gauteng,193496941.12506467,13594907.120068932,123727606.27317098,1.5638946469056716,11,159,0,False,False,False,3,BBB,0.65,0.02,0.4,0.24
ACC_001782,Corporate_Large,2026-09-16,Large_D-SIB,Gauteng,375624168.94890124,99139635.81517926,480330690.5426439,0.7820115939802793,15,127,0,False,False,False,5,BB,0.65,0.02,0.4,0.24
ACC_001783,Corporate_Large,2026-09-16,Large_D-SIB,Gauteng,332458450.0858842,24298798.159474324,429298808.26842403,0.7744220195412486,4,222,0,False,False,False,3,BB,0.65,0.02,0.4,0.24
ACC_001784,Corporate_Large,2026-09-16,Large_D-SIB,Western Cape,197757095.33353767,16951660.76845871,250378551.68773422,0.7898324117641486,9,91,0,False,False,False,3,AA,0.65,0.02,0.4,0.24
ACC_001785,Corporate_Large,2026-09-16,Large_D-SIB,Western Cape,227273162.23824525,19625539.772685718,144373583.8808353,1.5742018458573042,3,143,15,False,False,False,3,A,0.65,0.02,0.4,0.24
ACC_001786,Corporate_Large,2026-09-16,Large_D-SIB,Western Cape,124383636.51654556,36974361.87171409,148705518.98730555,0.8364426375268812,12,118,15,False,False,False,2,B,0.65,0.02,0.4,0.24
ACC_001787,Corporate_Large,2026-09-16,Large_D-SIB,Gauteng,263688012.14985844,102952309.25900866,263359099.47307372,1.001248913280167,2,16,0,False,False,False,5,BB,0.65,0.02,0.4,0.24
ACC_001788,Corporate_Large,2026-09-16,Large_D-SIB,Gauteng,253961604.9399122,77792791.11531313,268660748.8854964,0.945287340980915,11,160,60,False,False,False,3,BBB,0.65,0.02,0.4,0.24
ACC_001789,Corporate_Large,2026-09-16,Large_D-SIB,Gauteng,134848542.75528488,29056242.1626698,82245943.98180473,1.6395768134793056,13,127,0,False,False,False,3,BB,0.65,0.02,0.4,0.24
ACC_001790,Corporate_Large,2026-09-16,Large_D-SIB,Gauteng,124691532.99422722,42185717.079435475,63483387.45561521,1.9641600423639343,12,216,0,False,False,False,3,BBB,0.65,0.02,0.4,0.24
ACC_001791,Corporate_Large,2026-09-16,Large_D-SIB,Gauteng,260028737.1653603,54695778.43181935,235211609.80818537,1.1055097891528962,7,105,0,False,False,False,4,BBB,0.65,0.02,0.4,0.24
ACC_001792,Corporate_Large,2026-09-16,Large_D-SIB,Western Cape,117226937.36586429,16943028.735335402,128478023.6593848,0.912427931462046,15,108,0,False,False,False,5,BBB,0.65,0.02,0.4,0.24
ACC_001793,Corporate_Large,2026-09-16,Large_D-SIB,Gauteng,168912744.71060088,17808538.819611885,159467697.57758123,1.0592285915987758,13,125,0,False,False,False,4,BBB,0.65,0.02,0.4,0.24
ACC_001794,Corporate_Large,2026-09-16,Large_D-SIB,Western Cape,88983614.16513973,23683900.909243546,56047905.65748876,1.5876349547996056,12,46,5,False,False,False,5,AA,0.65,0.02,0.4,0.24
ACC_001795,Corporate_Large,2026-09-16,Large_D-SIB,Gauteng,593470482.0458761,130710282.3966568,609986503.3867341,0.9729239561053259,3,218,0,False,False,False,3,BBB,0.65,0.02,0.4,0.24
ACC_001796,Corporate_Large,2026-09-16,Large_D-SIB,KZN,135866868.8925931,39615000.11961053,168821941.46541843,0.8047939012739296,4,132,0,False,False,False,2,AA,0.65,0.02,0.4,0.24
ACC_001797,Corporate_Large,2026-09-16,Large_D-SIB,Western Cape,1089472035.4791949,63797414.88200221,804898024.6791596,1.353552875115415,9,54,0,False,False,False,4,B,0.65,0.02,0.4,0.24
ACC_001798,Corporate_Large,2026-09-16,Large_D-SIB,Western Cape,104814683.97161639,17646895.614340525,88285840.62970841,1.187219640477048,5,184,0,False,False,False,3,A,0.65,0.02,0.4,0.24
ACC_001799,Corporate_Large,2026-09-16,Large_D-SIB,KZN,206515452.68629792,52677507.43733115,197134223.36480874,1.0475880299288707,12,116,0,False,False,False,4,A,0.65,0.02,0.4,0.24
ACC_001800,Corporate_Large,2026-09-16,Large_D-SIB,Gauteng,92388005.19896133,12639182.789014064,60290365.825848974,1.5323842198242354,11,37,0,False,False,False,5,A,0.65,0.02,0.4,0.24
ACC_001801,Corporate_Large,2026-09-16,Large_D-SIB,Gauteng,105888807.34302986,22369977.899878714,89980346.44901435,1.176799284753029,13,122,0,False,False,False,3,A,0.65,0.02,0.4,0.24
ACC_001802,Corporate_Large,2026-09-16,Large_D-SIB,Gauteng,1552003929.819055,102377835.65640394,1615758993.650002,0.9605417243032489,12,108,0,False,False,False,5,AA,0.65,0.02,0.4,0.24
ACC_001803,Corporate_Large,2026-09-16,Large_D-SIB,Western Cape,255598132.11124423,34503383.44574325,279970572.3053979,0.9129464214990148,9,235,0,False,False,False,5,BBB,0.65,0.02,0.4,0.24
ACC_001804,Corporate_Large,2026-09-16,Large_D-SIB,Gauteng,115403515.89693414,28802532.019263297,76353540.44262022,1.5114363424137487,14,135,0,False,False,False,2,A,0.65,0.02,0.4,0.24
ACC_001805,Corporate_Large,2026-09-16,Large_D-SIB,Gauteng,315324058.9264627,122651021.45660684,400918363.7732173,0.7865044044348847,6,169,15,False,False,False,4,A,0.65,0.02,0.4,0.24
ACC_001806,Corporate_Large,2026-09-16,Large_D-SIB,Gauteng,267162202.5229101,76090810.71653017,242915339.997549,1.09981610270313,3,211,0,False,False,False,5,A,0.65,0.02,0.4,0.24
ACC_001807,Corporate_Large,2026-09-16,Large_D-SIB,Western Cape,417847928.38894296,166670810.59731418,263660472.68166393,1.5847954914859026,12,125,0,False,False,False,4,AA,0.65,0.02,0.4,0.24
ACC_001808,Corporate_Large,2026-09-16,Large_D-SIB,Gauteng,845296595.7076735,261226720.96486935,518342322.9117379,1.6307690079391965,13,131,0,False,False,False,3,A,0.65,0.02,0.4,0.24
ACC_001809,Corporate_Large,2026-09-16,Large_D-SIB,KZN,29874809.17351865,5097437.99815934,23963435.026043918,1.2466830878398751,2,109,5,False,False,False,3,B,0.65,0.02,0.4,0.24
ACC_001810,Corporate_Large,2026-09-16,Large_D-SIB,Gauteng,175487911.88410446,24979351.251784462,119622790.24117,1.467010688601273,5,197,0,False,False,False,2,B,0.65,0.02,0.4,0.24
ACC_001811,Corporate_Large,2026-09-16,Large_D-SIB,Gauteng,519816460.08313626,161370565.7907857,296673773.6419029,1.7521483402526017,9,68,0,False,False,False,3,BBB,0.65,0.02,0.4,0.24
ACC_001812,Corporate_Large,2026-09-16,Large_D-SIB,Gauteng,655719173.4495864,39107154.00049627,619523763.8164477,1.0584245702056114,2,96,0,False,False,False,3,BB,0.65,0.02,0.4,0.24
ACC_001813,Corporate_Large,2026-09-16,Large_D-SIB,KZN,331813892.3447805,30654955.37333556,212577288.24878898,1.5609094230068616,13,192,0,False,False,False,1,BBB,0.65,0.02,0.4,0.24
ACC_001814,Corporate_Large,2026-09-16,Large_D-SIB,Western Cape,385214573.5908867,72635365.31063001,348082729.29438245,1.1066753423008842,10,16,0,False,False,False,4,A,0.65,0.02,0.4,0.24
ACC_001815,Corporate_Large,2026-09-16,Large_D-SIB,Western Cape,194447172.85483074,24306831.764952842,236705219.86631006,0.8214739538260015,15,216,0,False,False,False,3,BBB,0.65,0.02,0.4,0.24
ACC_001816,Corporate_Large,2026-09-16,Large_D-SIB,Gauteng,468486590.4690428,106548066.24231176,411462287.8410274,1.1385893782082097,14,169,0,False,False,False,3,BB,0.65,0.02,0.4,0.24
ACC_001817,Corporate_Large,2026-09-16,Large_D-SIB,Gauteng,525263422.0314377,115102226.56345288,362610720.8868545,1.4485600997862822,10,159,0,False,False,False,4,BB,0.65,0.02,0.4,0.24
ACC_001818,Corporate_Large,2026-09-16,Large_D-SIB,Gauteng,462192040.82977736,51231410.41010263,457937159.98281395,1.0092914076838033,6,180,0,False,False,False,3,AA,0.65,0.02,0.4,0.24
ACC_001819,Corporate_Large,2026-09-16,Large_D-SIB,Gauteng,522717083.62706435,182320011.23668197,585669110.649718,0.8925126391712597,15,20,5,False,False,False,5,BBB,0.65,0.02,0.4,0.24
ACC_001820,Corporate_Large,2026-09-16,Large_D-SIB,Western Cape,367913077.52415437,56348390.13647478,467789596.4482004,0.7864926460905044,9,84,0,False,False,False,4,BBB,0.65,0.02,0.4,0.24
ACC_001821,Corporate_Large,2026-09-16,Large_D-SIB,Gauteng,91434738.34516604,16049708.958750604,110302576.49422497,0.8289447196181607,7,190,0,False,False,False,5,BB,0.65,0.02,0.4,0.24
ACC_001822,Corporate_Large,2026-09-16,Large_D-SIB,Gauteng,215118857.88269708,55585078.50227749,145796929.3914551,1.4754690567255855,15,231,0,False,False,False,3,BB,0.65,0.02,0.4,0.24
ACC_001823,Corporate_Large,2026-09-16,Large_D-SIB,KZN,351152621.1334641,43906574.80118083,214078864.86903745,1.640295604838345,9,167,60,False,False,False,4,BBB,0.65,0.02,0.4,0.24
ACC_001824,Corporate_Large,2026-09-16,Large_D-SIB,Gauteng,136839119.76199716,48556627.56738863,110614509.18106718,1.2370811096580683,9,235,0,False,False,False,5,BB,0.65,0.02,0.4,0.24
ACC_001825,Corporate_Large,2026-09-16,Large_D-SIB,Gauteng,119965602.46656065,12915125.973983131,104484595.22588634,1.1481654516362507,7,36,0,False,False,False,4,BBB,0.65,0.02,0.4,0.24
ACC_001826,Corporate_Large,2026-09-16,Large_D-SIB,Gauteng,359971050.54419655,64682981.80986092,466922168.96735555,0.7709444409981818,13,1,60,False,False,False,3,BBB,0.65,0.02,0.4,0.24
ACC_001827,Corporate_Large,2026-09-16,Large_D-SIB,Gauteng,399949030.7523397,99139923.25611408,320853338.3758429,1.2465166570398756,9,192,0,False,False,False,4,BBB,0.65,0.02,0.4,0.24
ACC_001828,Corporate_Large,2026-09-16,Large_D-SIB,Western Cape,747178039.2035793,44155511.39132253,879123067.5490601,0.8499129038743856,5,18,90,True,False,False,2,BBB,0.65,0.02,0.4,0.24
ACC_001829,Corporate_Large,2026-09-16,Large_D-SIB,Western Cape,609381587.2988815,118724606.49298891,641724595.5966467,0.9495998618103548,5,204,0,False,False,False,4,AA,0.65,0.02,0.4,0.24
ACC_001830,Corporate_Large,2026-09-16,Large_D-SIB,Gauteng,112491367.97182973,26690366.67099037,140140537.96272165,0.802703982781579,7,163,0,False,False,False,4,CCC,0.65,0.02,0.4,0.24
ACC_001831,Corporate_Large,2026-09-16,Large_D-SIB,Gauteng,656955655.377303,230875246.91782707,391594152.5675481,1.67764419123695,2,215,5,False,False,False,2,BB,0.65,0.02,0.4,0.24
ACC_001832,Corporate_Large,2026-09-16,Large_D-SIB,Gauteng,645738127.9307628,32956636.951733377,645168587.3866774,1.0008827778587182,5,32,0,False,False,False,3,A,0.65,0.02,0.4,0.24
ACC_001833,Corporate_Large,2026-09-16,Large_D-SIB,Gauteng,538736131.7856487,133500496.66309057,496443067.30497617,1.085192174623905,15,63,15,False,False,False,3,AA,0.65,0.02,0.4,0.24
ACC_001834,Corporate_Large,2026-09-16,Large_D-SIB,KZN,687847723.4269979,183917201.51670676,754317499.2436204,0.9118809044158807,7,122,0,False,False,False,4,A,0.65,0.02,0.4,0.24
ACC_001835,Corporate_Large,2026-09-16,Large_D-SIB,Gauteng,628549788.9858032,91428387.03591663,490377211.2369848,1.2817679422750412,9,163,0,False,False,False,4,BB,0.65,0.02,0.4,0.24
ACC_001836,Corporate_Large,2026-09-16,Large_D-SIB,Gauteng,886712822.7992712,49826481.28861554,1113153393.635931,0.7965773880479947,12,51,120,False,False,True,3,BB,0.65,0.02,0.4,0.24
ACC_001837,Corporate_Large,2026-09-16,Large_D-SIB,KZN,284668800.0088552,78224432.39031127,151205674.1553591,1.8826595073169474,3,144,30,False,False,False,3,A,0.65,0.02,0.4,0.24
ACC_001838,Corporate_Large,2026-09-16,Large_D-SIB,KZN,940427883.086819,330116511.3714431,925159088.9727894,1.016503965962203,15,191,0,False,False,False,3,CCC,0.65,0.02,0.4,0.24
ACC_001839,Corporate_Large,2026-09-16,Large_D-SIB,Gauteng,192697885.78593698,11638430.102703469,201621347.5574767,0.9557414833317891,15,231,0,False,False,False,3,A,0.65,0.02,0.4,0.24
ACC_001840,Corporate_Large,2026-09-16,Large_D-SIB,Gauteng,160156553.3037105,22577298.9719309,160120120.1822855,1.0002275361858555,6,207,0,False,False,False,3,A,0.65,0.02,0.4,0.24
ACC_001841,Corporate_Large,2026-09-16,Large_D-SIB,Gauteng,389920621.7075948,106085163.76878922,315302363.13960147,1.2366561982757984,9,112,0,False,False,False,3,BB,0.65,0.02,0.4,0.24
ACC_001842,Corporate_Large,2026-09-16,Large_D-SIB,Gauteng,669783968.6631674,149187825.70349932,848427649.8929763,0.7894414671040675,8,46,0,False,False,False,4,BBB,0.65,0.02,0.4,0.24
ACC_001843,Corporate_Large,2026-09-16,Large_D-SIB,Gauteng,100269762.62915649,15092347.73443668,54512080.51358211,1.839404434475281,11,181,90,False,False,False,5,B,0.65,0.02,0.4,0.24
ACC_001844,Corporate_Large,2026-09-16,Large_D-SIB,Western Cape,557743217.3105832,187513727.88479862,719935111.215225,0.774713177093325,2,7,0,False,False,False,4,CCC,0.65,0.02,0.4,0.24
ACC_001845,Corporate_Large,2026-09-16,Large_D-SIB,Gauteng,153886082.62633327,60790517.223211706,123353961.34747471,1.2475163419588358,3,201,0,False,False,False,4,BB,0.65,0.02,0.4,0.24
ACC_001846,Corporate_Large,2026-09-16,Large_D-SIB,Gauteng,1210358644.139686,326553341.24498403,902207378.0534462,1.341552589329396,9,152,0,False,False,False,2,AA,0.65,0.02,0.4,0.24
ACC_001847,Corporate_Large,2026-09-16,Large_D-SIB,Gauteng,592024427.7981387,147376397.58745888,575658192.8263919,1.0284304734575063,3,25,0,False,False,False,4,BBB,0.65,0.02,0.4,0.24
ACC_001848,Corporate_Large,2026-09-16,Large_D-SIB,Western Cape,192573302.81106544,76020066.10189062,105619129.26097128,1.8232805378961379,13,133,0,False,False,False,3,AA,0.65,0.02,0.4,0.24
ACC_001849,Corporate_Large,2026-09-16,Large_D-SIB,Gauteng,428993378.48863435,162785842.41409233,291232703.3740003,1.4730261180102502,3,66,5,False,False,False,4,A,0.65,0.02,0.4,0.24
ACC_001850,Corporate_Large,2026-09-16,Large_D-SIB,KZN,370455509.15496206,110496257.74809803,411135630.8642019,0.901054253984918,12,23,0,False,False,False,4,BBB,0.65,0.02,0.4,0.24
ACC_001851,Corporate_Large,2026-09-16,Large_D-SIB,Gauteng,150667405.09189594,57292712.36372061,97113494.27018091,1.551456944518152,10,225,120,True,False,True,3,A,0.65,0.02,0.4,0.24
ACC_001852,Corporate_Large,2026-09-16,Large_D-SIB,Gauteng,230818633.181561,75519739.82099213,261067282.7588012,0.8841346596264734,11,54,0,False,False,False,2,AA,0.65,0.02,0.4,0.24
ACC_001853,Corporate_Large,2026-09-16,Large_D-SIB,Western Cape,87980931.77134427,19350158.94112292,61568035.07881072,1.4290034050741345,4,208,0,False,False,False,4,A,0.65,0.02,0.4,0.24
ACC_001854,Corporate_Large,2026-09-16,Large_D-SIB,Gauteng,38567087.65810051,12850100.842821976,48551148.31633141,0.794359948127684,10,153,0,False,False,False,4,B,0.65,0.02,0.4,0.24
ACC_001855,Corporate_Large,2026-09-16,Large_D-SIB,Gauteng,514583069.48508793,198411723.12900233,289358302.9760157,1.7783594394654045,7,30,0,False,False,False,2,BBB,0.65,0.02,0.4,0.24
ACC_001856,Corporate_Large,2026-09-16,Large_D-SIB,Gauteng,428671639.46416014,75323888.7546464,404160110.12350035,1.060648066760398,8,146,0,False,False,False,3,BBB,0.65,0.02,0.4,0.24
ACC_001857,Corporate_Large,2026-09-16,Large_D-SIB,KZN,418034524.70575935,96514973.25317751,446227163.85631937,0.9368199844516015,4,9,0,False,False,False,4,BBB,0.65,0.02,0.4,0.24
ACC_001858,Corporate_Large,2026-09-16,Large_D-SIB,Western Cape,371531512.2453756,70198715.0400768,462859118.19252086,0.8026881131697645,7,38,0,False,False,False,3,BB,0.65,0.02,0.4,0.24
ACC_001859,Corporate_Large,2026-09-16,Large_D-SIB,Gauteng,477976372.87501794,168535541.88793477,290779651.365602,1.6437751769433495,10,218,0,False,False,False,5,A,0.65,0.02,0.4,0.24
ACC_001860,Corporate_Large,2026-09-16,Large_D-SIB,Gauteng,327987117.1379058,35495434.4912973,326725826.12201387,1.0038603958274817,8,55,0,False,False,False,3,BB,0.65,0.02,0.4,0.24
ACC_001861,Corporate_Large,2026-09-16,Large_D-SIB,Gauteng,215645576.7143373,62052282.03236406,175116551.79713535,1.2314402864907539,12,97,30,False,False,False,2,B,0.65,0.02,0.4,0.24
ACC_001862,Corporate_Large,2026-09-16,Large_D-SIB,Gauteng,246722963.38436088,34780149.5042427,277214853.59300756,0.8900062900185959,4,219,0,False,False,False,4,B,0.65,0.02,0.4,0.24
ACC_001863,Corporate_Large,2026-09-16,Large_D-SIB,KZN,203628089.84972015,35404015.04091696,165973077.21965367,1.2268742211740324,7,229,0,False,False,False,4,AA,0.65,0.02,0.4,0.24
ACC_001864,Corporate_Large,2026-09-16,Large_D-SIB,Gauteng,184594393.37161016,47285603.534017675,139326090.7007098,1.3249090134032575,9,90,0,False,False,False,1,BB,0.65,0.02,0.4,0.24
ACC_001865,Corporate_Large,2026-09-16,Large_D-SIB,Gauteng,421762616.70914865,159862184.69736063,525469088.10847694,0.802640205206668,14,155,15,False,False,False,4,BB,0.65,0.02,0.4,0.24
ACC_001866,Corporate_Large,2026-09-16,Large_D-SIB,Western Cape,203170665.60143384,56532929.53637408,263407861.16206795,0.771315877609394,8,223,0,False,False,False,4,BB,0.65,0.02,0.4,0.24
ACC_001867,Corporate_Large,2026-09-16,Large_D-SIB,Gauteng,164497980.8411516,36350936.40110815,177622578.7113561,0.9261096310760553,15,14,30,False,False,False,3,BBB,0.65,0.02,0.4,0.24
ACC_001868,Corporate_Large,2026-09-16,Large_D-SIB,Western Cape,598184591.996421,216895881.08145377,305597072.95325863,1.9574290624436508,14,205,90,False,True,False,4,AA,0.65,0.02,0.4,0.24
ACC_001869,Corporate_Large,2026-09-16,Large_D-SIB,Gauteng,1073660732.2281704,300947940.488282,748315248.8027533,1.4347706183268947,7,55,0,False,False,False,3,B,0.65,0.02,0.4,0.24
ACC_001870,Corporate_Large,2026-09-16,Large_D-SIB,Western Cape,816519080.4564855,85869611.54460998,708491279.6268502,1.1524758369454196,3,201,0,False,False,False,4,AA,0.65,0.02,0.4,0.24
ACC_001871,Corporate_Large,2026-09-16,Large_D-SIB,KZN,120636154.25409704,7491918.639261154,62955574.20235418,1.9162108484046825,5,162,0,False,False,False,4,AA,0.65,0.02,0.4,0.24
ACC_001872,Corporate_Large,2026-09-16,Large_D-SIB,Gauteng,256425168.73030126,72393591.73542838,186848488.3586695,1.3723695116980246,9,100,0,False,False,False,4,BBB,0.65,0.02,0.4,0.24
ACC_001873,Corporate_Large,2026-09-16,Large_D-SIB,Gauteng,364344470.65684366,66901491.009571716,243561484.9688362,1.4959034705485628,4,135,0,False,False,False,2,A,0.65,0.02,0.4,0.24
ACC_001874,Corporate_Large,2026-09-16,Large_D-SIB,Gauteng,360632077.7122099,51933243.008361034,338427057.66420454,1.0656124253222026,14,78,0,False,False,False,2,A,0.65,0.02,0.4,0.24
ACC_001875,Corporate_Large,2026-09-16,Large_D-SIB,KZN,146668441.98873177,10096700.061926696,129030720.72455704,1.1366939684218778,11,129,90,False,False,False,4,CCC,0.65,0.02,0.4,0.24
ACC_001876,Corporate_Large,2026-09-16,Large_D-SIB,Gauteng,667220773.5300637,119794769.49077195,698595847.5971513,0.9550883759544186,10,109,0,False,False,False,5,BBB,0.65,0.02,0.4,0.24
ACC_001877,Corporate_Large,2026-09-16,Large_D-SIB,Western Cape,128075669.72412987,18956591.25713689,93729551.40151766,1.3664385224194733,11,130,0,False,False,False,3,BBB,0.65,0.02,0.4,0.24
ACC_001878,Corporate_Large,2026-09-16,Large_D-SIB,Western Cape,504312553.9476772,155802052.6373605,440403780.8180179,1.1451140428698259,6,147,30,False,False,False,4,CCC,0.65,0.02,0.4,0.24
ACC_001879,Corporate_Large,2026-09-16,Large_D-SIB,Gauteng,193790629.03798664,41825803.86272201,209126630.80691487,0.9266664331091918,3,11,0,False,False,False,4,AA,0.65,0.02,0.4,0.24
ACC_001880,Corporate_Large,2026-09-16,Large_D-SIB,Gauteng,375502787.4965798,121563438.01876335,321775088.4944856,1.1669728357576536,7,128,0,False,False,False,1,BBB,0.65,0.02,0.4,0.24
ACC_001881,Corporate_Large,2026-09-16,Large_D-SIB,Western Cape,102815844.72268409,24418444.975140568,131477816.68293242,0.7820014609052369,12,59,0,False,False,False,3,BB,0.65,0.02,0.4,0.24
ACC_001882,Corporate_Large,2026-09-16,Large_D-SIB,Western Cape,248521569.7378835,31995091.264922895,266090986.75883937,0.9339721452614282,4,106,0,False,False,False,4,AA,0.65,0.02,0.4,0.24
ACC_001883,Corporate_Large,2026-09-16,Large_D-SIB,Gauteng,693258794.8992513,72501678.37618937,792923065.2636318,0.8743077673856744,5,149,0,False,False,False,5,BBB,0.65,0.02,0.4,0.24
ACC_001884,Corporate_Large,2026-09-16,Large_D-SIB,Gauteng,355295572.95607907,31744380.650906153,198676890.07395366,1.7883085084723598,10,154,5,False,False,False,5,AA,0.65,0.02,0.4,0.24
ACC_001885,Corporate_Large,2026-09-16,Large_D-SIB,Gauteng,957448081.6678631,110734007.0339623,524866970.1044907,1.8241728594147466,10,165,0,False,False,False,5,BB,0.65,0.02,0.4,0.24
ACC_001886,Corporate_Large,2026-09-16,Large_D-SIB,Western Cape,912927204.8351083,339860532.3758634,1028246582.5549464,0.8878485183648293,14,57,0,False,False,False,4,BBB,0.65,0.02,0.4,0.24
ACC_001887,Corporate_Large,2026-09-16,Large_D-SIB,KZN,392187713.79976946,70884101.54162909,221084814.9579337,1.7739242465584617,11,52,0,False,False,False,3,BBB,0.65,0.02,0.4,0.24
ACC_001888,Corporate_Large,2026-09-16,Large_D-SIB,Western Cape,775500450.2665802,222501953.95682076,885336054.8857974,0.8759390809703494,12,70,0,False,False,False,5,CCC,0.65,0.02,0.4,0.24
ACC_001889,Corporate_Large,2026-09-16,Large_D-SIB,Gauteng,220269611.4225211,81114606.47623445,235362140.4146795,0.9358752900293684,11,157,0,False,False,False,3,AAA,0.65,0.02,0.4,0.24
ACC_001890,Corporate_Large,2026-09-16,Large_D-SIB,Western Cape,143451773.47013012,55697223.08765765,117161105.5877697,1.2243975741818611,7,95,0,False,False,False,3,A,0.65,0.02,0.4,0.24
ACC_001891,Corporate_Large,2026-09-16,Large_D-SIB,Western Cape,159146677.64980856,25293338.04041733,157774719.4588637,1.0086956782154353,12,156,0,False,False,False,3,BB,0.65,0.02,0.4,0.24
ACC_001892,Corporate_Large,2026-09-16,Large_D-SIB,Gauteng,136995151.72007686,15328380.985381624,108895835.02155352,1.2580384887352367,4,114,15,False,False,False,2,AA,0.65,0.02,0.4,0.24
ACC_001893,Corporate_Large,2026-09-16,Large_D-SIB,Western Cape,220781751.45320204,78884867.38394365,251568555.3362821,0.8776206197872144,6,162,0,False,False,False,3,BB,0.65,0.02,0.4,0.24
ACC_001894,Corporate_Large,2026-09-16,Large_D-SIB,Gauteng,69523085.41633469,13986482.924375553,73962188.09455287,0.9399814581939726,6,219,0,False,False,False,5,BBB,0.65,0.02,0.4,0.24
ACC_001895,Corporate_Large,2026-09-16,Large_D-SIB,Gauteng,953004753.0172808,136173345.78931007,778613628.124645,1.2239764609729105,14,135,0,False,False,False,3,BB,0.65,0.02,0.4,0.24
ACC_001896,Corporate_Large,2026-09-16,Large_D-SIB,Gauteng,1343492258.6711779,476769875.33839476,1360582278.624645,0.9874391867203043,10,153,0,False,False,False,3,BBB,0.65,0.02,0.4,0.24
ACC_001897,Corporate_Large,2026-09-16,Large_D-SIB,Gauteng,533057882.65247554,36597464.82001222,488410346.60056627,1.0914139849056537,8,106,0,False,False,False,4,BBB,0.65,0.02,0.4,0.24
ACC_001898,Corporate_Large,2026-09-16,Large_D-SIB,Western Cape,1224578319.8720362,246183635.75545925,704197102.9126161,1.7389709710634726,5,142,0,False,False,False,3,A,0.65,0.02,0.4,0.24
ACC_001899,Corporate_Large,2026-09-16,Large_D-SIB,Gauteng,613650353.2795627,167134512.9537104,666381793.1731292,0.9208690266844272,15,22,0,False,False,False,2,BBB,0.65,0.02,0.4,0.24
ACC_001900,Corporate_Large,2026-09-16,Large_D-SIB,Gauteng,246308556.23392954,58973569.862017624,256682048.81612056,0.9595862171506108,11,226,0,False,False,False,2,BB,0.65,0.02,0.4,0.24
ACC_001901,Sovereign_Bank,2026-09-16,Large_D-SIB,Gauteng,161025779.5366825,11745964.80232034,191784113.35303476,0.8396200119050916,17,182,0,False,False,False,1,BB,0.5,0.005,0.35,0.3
ACC_001902,Sovereign_Bank,2026-09-16,Large_D-SIB,Gauteng,879386127.1080317,175223902.4911455,962738193.7010523,0.9134218761254392,8,113,0,False,False,False,2,B,0.5,0.005,0.35,0.3
ACC_001903,Sovereign_Bank,2026-09-16,Large_D-SIB,Gauteng,138581927.02124223,3377886.759263451,155488882.34589595,0.8912658251215478,7,151,0,False,False,False,3,BBB,0.5,0.005,0.35,0.3
ACC_001904,Sovereign_Bank,2026-09-16,Large_D-SIB,Gauteng,965747789.831836,85070796.56755432,1385893935.5167806,0.6968410533319218,16,132,0,False,False,False,2,BB,0.5,0.005,0.35,0.3
ACC_001905,Sovereign_Bank,2026-09-16,Large_D-SIB,Gauteng,223699784.45464844,41308557.56438702,248151462.83003753,0.9014647018537368,10,140,0,False,False,False,1,CCC,0.5,0.005,0.35,0.3
ACC_001906,Sovereign_Bank,2026-09-16,Large_D-SIB,Gauteng,396826331.0001207,25071022.584465858,510946515.4601653,0.7766494515433451,9,109,0,False,False,False,1,AA,0.5,0.005,0.35,0.3
ACC_001907,Sovereign_Bank,2026-09-16,Large_D-SIB,Gauteng,576151275.9387358,105739532.96433792,669674126.0941519,0.860345731586071,3,108,5,False,False,False,1,BBB,0.5,0.005,0.35,0.3
ACC_001908,Sovereign_Bank,2026-09-16,Large_D-SIB,Gauteng,134314631.87648207,3145719.3190342304,155670926.94247472,0.8628112809151289,16,73,0,False,False,False,2,BBB,0.5,0.005,0.35,0.3
ACC_001909,Sovereign_Bank,2026-09-16,Large_D-SIB,Gauteng,84675611.19838753,13059420.351760147,79838101.05212434,1.0605914980756481,20,238,0,False,False,False,3,B,0.5,0.005,0.35,0.3
ACC_001910,Sovereign_Bank,2026-09-16,Large_D-SIB,Gauteng,99518878.71112455,911724.0587198929,148386679.5423516,0.6706725901412228,14,100,0,False,False,False,1,A,0.5,0.005,0.35,0.3
ACC_001911,Sovereign_Bank,2026-09-16,Large_D-SIB,Gauteng,167600551.98405328,22318008.187388644,221010892.78476167,0.7583361610473937,18,72,0,False,False,False,2,A,0.5,0.005,0.35,0.3
ACC_001912,Sovereign_Bank,2026-09-16,Large_D-SIB,Gauteng,551265989.2048341,12360507.10990758,582301631.5145802,0.9467017768282364,7,170,0,False,False,False,2,CCC,0.5,0.005,0.35,0.3
ACC_001913,Sovereign_Bank,2026-09-16,Large_D-SIB,Gauteng,192965955.31768727,23388566.600547094,233086116.53489688,0.8278740844214848,14,57,0,False,False,False,1,B,0.5,0.005,0.35,0.3
ACC_001914,Sovereign_Bank,2026-09-16,Large_D-SIB,Gauteng,195179696.18045563,10853901.127384288,268518896.22076684,0.7268750874798238,3,92,0,False,False,False,1,BB,0.5,0.005,0.35,0.3
ACC_001915,Sovereign_Bank,2026-09-16,Large_D-SIB,Gauteng,311626639.50422513,12240258.231357832,442685439.78801703,0.7039459884956906,14,106,0,False,False,False,1,BB,0.5,0.005,0.35,0.3
ACC_001916,Sovereign_Bank,2026-09-16,Large_D-SIB,Gauteng,357233963.9046744,31373610.558976475,406727689.53460383,0.8783123772896742,15,71,0,False,False,False,3,BB,0.5,0.005,0.35,0.3
ACC_001917,Sovereign_Bank,2026-09-16,Large_D-SIB,Gauteng,142047685.69071537,16872697.73560732,134534388.1166008,1.055846669980041,7,104,0,False,False,False,2,B,0.5,0.005,0.35,0.3
ACC_001918,Sovereign_Bank,2026-09-16,Large_D-SIB,Gauteng,148175145.80720544,14593486.757744854,177643260.02664238,0.8341163395953362,12,22,0,False,False,False,1,BBB,0.5,0.005,0.35,0.3
ACC_001919,Sovereign_Bank,2026-09-16,Large_D-SIB,Gauteng,1213860847.9384527,31550156.46348748,1287171907.623632,0.9430448572945275,4,72,0,False,False,False,2,BBB,0.5,0.005,0.35,0.3
ACC_001920,Sovereign_Bank,2026-09-16,Large_D-SIB,Gauteng,186612828.46692535,25251254.037640855,183784327.22923806,1.0153903288725987,8,193,0,False,False,False,1,BBB,0.5,0.005,0.35,0.3
ACC_001921,Sovereign_Bank,2026-09-16,Large_D-SIB,Gauteng,182235821.1541261,3770219.8742472543,237873600.18652502,0.7661035987651788,4,190,0,False,False,False,2,A,0.5,0.005,0.35,0.3
ACC_001922,Sovereign_Bank,2026-09-16,Large_D-SIB,Gauteng,618255298.7089536,99823175.78514762,895301312.734038,0.690555559246248,3,228,0,False,False,False,3,CCC,0.5,0.005,0.35,0.3
ACC_001923,Sovereign_Bank,2026-09-16,Large_D-SIB,Gauteng,206622744.73242512,19288093.83411636,264564226.43869072,0.7809927574630247,10,104,30,False,False,False,1,B,0.5,0.005,0.35,0.3
ACC_001924,Sovereign_Bank,2026-09-16,Large_D-SIB,Gauteng,295197997.3770362,32317434.02777919,379533991.0423595,0.7777906705175437,5,38,0,False,False,False,2,AA,0.5,0.005,0.35,0.3
ACC_001925,Sovereign_Bank,2026-09-16,Large_D-SIB,Gauteng,51601774.16044654,9756468.118233006,48924338.1324653,1.0547260551738469,10,196,0,False,False,False,1,BB,0.5,0.005,0.35,0.3
ACC_001926,Sovereign_Bank,2026-09-16,Large_D-SIB,Gauteng,373667628.39481676,71036460.47327045,361332729.63204473,1.034137230732829,16,234,0,False,False,False,2,A,0.5,0.005,0.35,0.3
ACC_001927,Sovereign_Bank,2026-09-16,Large_D-SIB,Gauteng,56974152.21325725,4619013.659328567,78339775.9027266,0.7272697880065582,8,29,0,False,False,False,2,BBB,0.5,0.005,0.35,0.3
ACC_001928,Sovereign_Bank,2026-09-16,Large_D-SIB,Gauteng,606460678.1516168,27093736.49561959,897345767.8965632,0.6758383444245801,20,77,0,False,False,False,2,B,0.5,0.005,0.35,0.3
ACC_001929,Sovereign_Bank,2026-09-16,Large_D-SIB,Gauteng,167297258.87884933,15852821.662681282,168729884.43366367,0.9915093549691989,13,64,0,False,False,False,2,A,0.5,0.005,0.35,0.3
ACC_001930,Sovereign_Bank,2026-09-16,Large_D-SIB,Gauteng,189035671.14556503,26253753.98479924,193814613.48579353,0.9753427140798194,5,75,0,False,False,False,3,A,0.5,0.005,0.35,0.3
ACC_001931,Sovereign_Bank,2026-09-16,Large_D-SIB,Gauteng,145452072.1234015,6405606.432910761,146947218.73079446,0.9898252813472295,10,147,0,False,False,False,2,BBB,0.5,0.005,0.35,0.3
ACC_001932,Sovereign_Bank,2026-09-16,Large_D-SIB,Gauteng,248286740.8206858,28027403.605663706,297564075.71844923,0.8343975670490918,15,101,0,False,False,False,1,B,0.5,0.005,0.35,0.3
ACC_001933,Sovereign_Bank,2026-09-16,Large_D-SIB,Gauteng,242507011.9610432,22716846.100314856,345836258.639479,0.7012191634129591,13,141,0,False,False,False,2,BBB,0.5,0.005,0.35,0.3
ACC_001934,Sovereign_Bank,2026-09-16,Large_D-SIB,Gauteng,236130794.148794,25984592.894202955,299560536.0823562,0.788257349372202,15,53,0,False,False,False,3,BBB,0.5,0.005,0.35,0.3
ACC_001935,Sovereign_Bank,2026-09-16,Large_D-SIB,Gauteng,547721531.6735756,272140.9992259902,494443072.5738036,1.1077544859157054,16,170,0,False,False,False,3,AAA,0.5,0.005,0.35,0.3
ACC_001936,Sovereign_Bank,2026-09-16,Large_D-SIB,Gauteng,191372808.71733028,529700.1245238304,238927040.4916258,0.8009675603211507,16,147,0,False,False,False,2,BBB,0.5,0.005,0.35,0.3
ACC_001937,Sovereign_Bank,2026-09-16,Large_D-SIB,Gauteng,63516783.166041374,7286389.524351417,92989177.37071504,0.683055651872501,8,63,0,False,False,False,1,A,0.5,0.005,0.35,0.3
ACC_001938,Sovereign_Bank,2026-09-16,Large_D-SIB,Gauteng,1147658888.7274294,198158571.70904902,1088856603.267842,1.0540037001044138,13,140,0,False,False,False,1,BB,0.5,0.005,0.35,0.3
ACC_001939,Sovereign_Bank,2026-09-16,Large_D-SIB,Gauteng,111844027.87644003,7366107.032467162,133219433.76486032,0.8395473897138082,5,220,90,False,False,False,2,BB,0.5,0.005,0.35,0.3
ACC_001940,Sovereign_Bank,2026-09-16,Large_D-SIB,Gauteng,304232303.83174396,17915382.05134434,394907433.5142745,0.7703889013290682,9,55,0,False,False,False,3,B,0.5,0.005,0.35,0.3
ACC_001941,Sovereign_Bank,2026-09-16,Large_D-SIB,Gauteng,689915360.454491,27047516.33965501,680359531.9592355,1.014045262903479,9,201,0,False,False,False,3,A,0.5,0.005,0.35,0.3
ACC_001942,Sovereign_Bank,2026-09-16,Large_D-SIB,Gauteng,88019498.83306195,13822543.575650463,121134650.82001156,0.7266252739180806,19,167,0,False,False,False,3,BBB,0.5,0.005,0.35,0.3
ACC_001943,Sovereign_Bank,2026-09-16,Large_D-SIB,Gauteng,557207298.3840854,79487195.36950903,520001387.7177596,1.0715496372608144,6,91,5,False,False,False,2,AA,0.5,0.005,0.35,0.3
ACC_001944,Sovereign_Bank,2026-09-16,Large_D-SIB,Gauteng,2216920546.460999,271729332.81011176,3007905165.046233,0.7370313972072732,4,119,0,False,False,False,1,BBB,0.5,0.005,0.35,0.3
ACC_001945,Sovereign_Bank,2026-09-16,Large_D-SIB,Gauteng,58077274.813596524,4697658.074304553,58032006.988573395,1.0007800492757737,7,227,0,False,False,False,1,A,0.5,0.005,0.35,0.3
ACC_001946,Sovereign_Bank,2026-09-16,Large_D-SIB,Gauteng,1003239792.6528834,170052873.5952705,1105759029.8879945,0.9072860953751419,9,169,0,False,False,False,2,BBB,0.5,0.005,0.35,0.3
ACC_001947,Sovereign_Bank,2026-09-16,Large_D-SIB,Gauteng,206760492.7039773,19287633.183845513,255962829.26087326,0.8077754621677911,16,103,0,False,False,False,1,BBB,0.5,0.005,0.35,0.3
ACC_001948,Sovereign_Bank,2026-09-16,Large_D-SIB,Gauteng,2978313989.9854107,355048058.1953149,4378799922.480249,0.6801667220954977,6,214,0,False,False,False,1,BBB,0.5,0.005,0.35,0.3
ACC_001949,Sovereign_Bank,2026-09-16,Large_D-SIB,Gauteng,624174161.2345802,11468068.478797548,539490740.5974832,1.1569691827209314,12,155,90,True,False,False,2,BBB,0.5,0.005,0.35,0.3
ACC_001950,Sovereign_Bank,2026-09-16,Large_D-SIB,Gauteng,146975709.65867332,16084779.931355689,205331311.3921242,0.7157978423368254,14,92,0,False,False,False,2,B,0.5,0.005,0.35,0.3
ACC_001951,Sovereign_Bank,2026-09-16,Large_D-SIB,Gauteng,286069415.8672577,35243502.19057714,368422218.3523403,0.7764716719491533,19,15,0,False,False,False,3,A,0.5,0.005,0.35,0.3
ACC_001952,Sovereign_Bank,2026-09-16,Large_D-SIB,Gauteng,260529987.2623999,43918646.8373779,325562963.44396925,0.8002445502595943,19,130,0,False,False,False,1,BB,0.5,0.005,0.35,0.3
ACC_001953,Sovereign_Bank,2026-09-16,Large_D-SIB,Gauteng,441519147.75588346,29397222.60652148,391411708.2424302,1.128017221913091,9,129,30,False,False,False,1,B,0.5,0.005,0.35,0.3
ACC_001954,Sovereign_Bank,2026-09-16,Large_D-SIB,Gauteng,501800606.62963986,45736326.476461,425121516.77243114,1.1803698162336378,6,222,0,False,False,False,2,B,0.5,0.005,0.35,0.3
ACC_001955,Sovereign_Bank,2026-09-16,Large_D-SIB,Gauteng,380429748.3463118,33784451.579395436,432169246.71629167,0.8802795461197045,7,20,5,False,False,False,1,BB,0.5,0.005,0.35,0.3
ACC_001956,Sovereign_Bank,2026-09-16,Large_D-SIB,Gauteng,189905506.76745343,16868444.12507345,192060459.8797207,0.9887798190548079,15,51,0,False,False,False,2,BBB,0.5,0.005,0.35,0.3
ACC_001957,Sovereign_Bank,2026-09-16,Large_D-SIB,Gauteng,192823808.16496637,23470000.2529453,195700700.97396618,0.9852995273155281,3,122,15,False,False,False,2,BB,0.5,0.005,0.35,0.3
ACC_001958,Sovereign_Bank,2026-09-16,Large_D-SIB,Gauteng,280438955.87541264,23219511.475026947,269612745.29031444,1.040154669147561,13,207,0,False,False,False,1,AA,0.5,0.005,0.35,0.3
ACC_001959,Sovereign_Bank,2026-09-16,Large_D-SIB,Gauteng,158446858.85906675,26767546.98688572,153157888.46617112,1.034532797793591,4,157,0,False,False,False,1,BB,0.5,0.005,0.35,0.3
ACC_001960,Sovereign_Bank,2026-09-16,Large_D-SIB,Gauteng,700917612.3538237,84584933.48725426,701703091.901334,0.9988806098240467,3,204,0,False,False,False,1,BB,0.5,0.005,0.35,0.3
ACC_001961,Sovereign_Bank,2026-09-16,Large_D-SIB,Gauteng,881969334.0470856,94189064.39886615,1160404961.008653,0.7600530536171234,14,111,0,False,False,False,2,AA,0.5,0.005,0.35,0.3
ACC_001962,Sovereign_Bank,2026-09-16,Large_D-SIB,Gauteng,117037756.69063888,18902509.364795275,162440771.5870615,0.7204949566981804,6,164,0,False,False,False,1,AA,0.5,0.005,0.35,0.3
ACC_001963,Sovereign_Bank,2026-09-16,Large_D-SIB,Gauteng,665144809.5843374,11819068.511873674,846083905.3961952,0.7861452101170396,15,14,0,False,False,False,2,BBB,0.5,0.005,0.35,0.3
ACC_001964,Sovereign_Bank,2026-09-16,Large_D-SIB,Gauteng,212190946.2750133,11363883.262392731,192374749.45312026,1.1030083047709025,14,207,0,False,False,False,1,BB,0.5,0.005,0.35,0.3
ACC_001965,Sovereign_Bank,2026-09-16,Large_D-SIB,Gauteng,129876846.21413416,13754015.832857812,127276101.88308309,1.0204338779438746,19,14,0,False,False,False,3,BBB,0.5,0.005,0.35,0.3
ACC_001966,Sovereign_Bank,2026-09-16,Large_D-SIB,Gauteng,287606414.3175293,13653305.6221985,325876559.93054855,0.8825624475071928,20,81,5,False,False,False,3,AA,0.5,0.005,0.35,0.3
ACC_001967,Sovereign_Bank,2026-09-16,Large_D-SIB,Gauteng,540417869.8201865,104034760.67203327,671334642.3588442,0.8049902920566409,14,56,0,False,False,False,1,BB,0.5,0.005,0.35,0.3
ACC_001968,Sovereign_Bank,2026-09-16,Large_D-SIB,Gauteng,307169784.1866328,36226885.45037371,397556884.07496905,0.7726436052072198,14,50,0,False,False,False,2,BB,0.5,0.005,0.35,0.3
ACC_001969,Sovereign_Bank,2026-09-16,Large_D-SIB,Gauteng,453824055.6117655,13767441.435252493,562892159.8921803,0.8062362348388253,10,6,30,False,False,False,1,B,0.5,0.005,0.35,0.3
ACC_001970,Sovereign_Bank,2026-09-16,Large_D-SIB,Gauteng,362557295.50052375,36437897.51102099,355478740.51315033,1.0199127378958168,7,167,0,False,False,False,3,A,0.5,0.005,0.35,0.3
ACC_001971,Sovereign_Bank,2026-09-16,Large_D-SIB,Gauteng,136459119.7954533,16884763.13870304,114282424.94757195,1.194051665057467,19,171,0,False,False,False,1,A,0.5,0.005,0.35,0.3
ACC_001972,Sovereign_Bank,2026-09-16,Large_D-SIB,Gauteng,384448939.1081858,12986191.445851568,354044726.16110146,1.0858767570887342,11,183,0,False,False,False,1,BB,0.5,0.005,0.35,0.3
ACC_001973,Sovereign_Bank,2026-09-16,Large_D-SIB,Gauteng,268758289.27810425,2641759.2239477183,339209001.45239025,0.7923088365207368,20,195,0,False,False,False,1,AAA,0.5,0.005,0.35,0.3
ACC_001974,Sovereign_Bank,2026-09-16,Large_D-SIB,Gauteng,491719539.82784075,81213265.38004935,440827892.63335085,1.1154456150460015,18,198,0,False,False,False,1,BBB,0.5,0.005,0.35,0.3
ACC_001975,Sovereign_Bank,2026-09-16,Large_D-SIB,Gauteng,634982029.9823948,7903592.334496876,554642735.9056243,1.1448487267134078,11,86,0,False,False,False,1,A,0.5,0.005,0.35,0.3
ACC_001976,Sovereign_Bank,2026-09-16,Large_D-SIB,Gauteng,297390140.2755111,30588972.341011833,426438869.9410769,0.6973804717112277,16,154,90,True,False,False,1,A,0.5,0.005,0.35,0.3
ACC_001977,Sovereign_Bank,2026-09-16,Large_D-SIB,Gauteng,119652534.97596169,19684549.709656157,162403649.39311045,0.7367601369987294,11,152,0,False,False,False,1,A,0.5,0.005,0.35,0.3
ACC_001978,Sovereign_Bank,2026-09-16,Large_D-SIB,Gauteng,118476050.56119964,7050097.187969185,108750771.56450143,1.0894272183708602,17,113,0,False,False,False,2,BBB,0.5,0.005,0.35,0.3
ACC_001979,Sovereign_Bank,2026-09-16,Large_D-SIB,Gauteng,246532684.68365142,7801541.489726462,275044263.39292145,0.8963382171380209,17,218,0,False,False,False,3,BB,0.5,0.005,0.35,0.3
ACC_001980,Sovereign_Bank,2026-09-16,Large_D-SIB,Gauteng,295282075.68875027,2114176.09948501,410510564.14532936,0.7193044503093816,10,81,0,False,False,False,2,A,0.5,0.005,0.35,0.3
ACC_001981,Sovereign_Bank,2026-09-16,Large_D-SIB,Gauteng,125406392.36883837,15961051.447683478,173766402.30012593,0.7216952800360044,7,127,30,False,False,False,3,BBB,0.5,0.005,0.35,0.3
ACC_001982,Sovereign_Bank,2026-09-16,Large_D-SIB,Gauteng,215524823.7865294,3554628.6260979925,213664939.48781464,1.0087046770666874,6,42,5,False,False,False,2,A,0.5,0.005,0.35,0.3
ACC_001983,Sovereign_Bank,2026-09-16,Large_D-SIB,Gauteng,496131502.234409,4013884.2071174686,402708661.20743597,1.2319861727007921,13,165,5,False,False,False,2,BBB,0.5,0.005,0.35,0.3
ACC_001984,Sovereign_Bank,2026-09-16,Large_D-SIB,Gauteng,5040481874.317244,917456851.1283613,6072820272.606961,0.8300067593064875,5,172,0,False,False,False,2,A,0.5,0.005,0.35,0.3
ACC_001985,Sovereign_Bank,2026-09-16,Large_D-SIB,Gauteng,121666828.49844316,13452527.562808648,138540757.15420574,0.8782024221436823,20,168,0,False,False,False,2,A,0.5,0.005,0.35,0.3
ACC_001986,Sovereign_Bank,2026-09-16,Large_D-SIB,Gauteng,458885656.6367386,50549508.01873499,554524515.5799228,0.8275299716133111,3,184,0,False,False,False,3,BBB,0.5,0.005,0.35,0.3
ACC_001987,Sovereign_Bank,2026-09-16,Large_D-SIB,Gauteng,248663715.72738487,38008848.32252504,294258773.7912063,0.8450511518267463,12,5,0,False,False,False,1,BBB,0.5,0.005,0.35,0.3
ACC_001988,Sovereign_Bank,2026-09-16,Large_D-SIB,Gauteng,627797296.8760405,105063614.25369741,855941711.5881535,0.7334580011426205,3,233,0,False,False,False,1,BB,0.5,0.005,0.35,0.3
ACC_001989,Sovereign_Bank,2026-09-16,Large_D-SIB,Gauteng,581119264.6846178,21488901.826979816,724975878.963556,0.8015704819247237,18,203,0,False,False,False,3,A,0.5,0.005,0.35,0.3
ACC_001990,Sovereign_Bank,2026-09-16,Large_D-SIB,Gauteng,725307169.3977039,103424425.85190019,787772819.6470369,0.9207060097893186,11,235,0,False,False,False,2,AAA,0.5,0.005,0.35,0.3
ACC_001991,Sovereign_Bank,2026-09-16,Large_D-SIB,Gauteng,103020272.26246409,617886.2812927036,113861841.67604324,0.9047831191381455,16,138,0,False,False,False,2,AA,0.5,0.005,0.35,0.3
ACC_001992,Sovereign_Bank,2026-09-16,Large_D-SIB,Gauteng,55185483.345687315,4080927.5997481737,56120343.3288423,0.9833418698514176,5,195,0,False,False,False,1,A,0.5,0.005,0.35,0.3
ACC_001993,Sovereign_Bank,2026-09-16,Large_D-SIB,Gauteng,177754999.64431906,21789179.05890007,167916528.4488755,1.0585914399632137,6,120,0,False,False,False,2,BBB,0.5,0.005,0.35,0.3
ACC_001994,Sovereign_Bank,2026-09-16,Large_D-SIB,Gauteng,550930285.554406,91359309.42395273,606224486.7249144,0.9087892317427964,11,138,0,False,False,False,1,B,0.5,0.005,0.35,0.3
ACC_001995,Sovereign_Bank,2026-09-16,Large_D-SIB,Gauteng,125819448.57018818,17101810.95584265,121652754.42340088,1.0342507176803044,17,123,0,False,False,False,1,BBB,0.5,0.005,0.35,0.3
ACC_001996,Sovereign_Bank,2026-09-16,Large_D-SIB,Gauteng,143497713.20507956,23091100.743798226,158759620.5803075,0.903867826595694,15,80,0,False,False,False,2,BB,0.5,0.005,0.35,0.3
ACC_001997,Sovereign_Bank,2026-09-16,Large_D-SIB,Gauteng,121847110.06279056,6650308.536709033,164621326.59392402,0.7401660075511006,16,205,0,False,False,False,1,BBB,0.5,0.005,0.35,0.3
ACC_001998,Sovereign_Bank,2026-09-16,Large_D-SIB,Gauteng,401868685.54973876,55540936.29752508,411265376.06636953,0.9771517587828392,15,234,0,False,False,False,2,BBB,0.5,0.005,0.35,0.3
ACC_001999,Sovereign_Bank,2026-09-16,Large_D-SIB,Gauteng,343574975.5967244,49598551.81528049,506106479.16613835,0.6788590736139141,15,117,60,False,False,False,2,BBB,0.5,0.005,0.35,0.3
ACC_002000,Sovereign_Bank,2026-09-16,Large_D-SIB,Gauteng,230636786.38191733,8075657.121806149,196227246.9469401,1.175355563360075,6,78,90,True,False,False,2,BB,0.5,0.005,0.35,0.3
